sku,brand,title,product_type,product_type_id,category_id,category_l1,category_l2,category_l3
MEGP-3030268,,Bubble Roll STR70 1.5 X 150 m,Bubble & Stretch Film,bubble-and-stretch-film,catering-and-food-packaging/bags-and-wrapping/bubble-and-stretch-film,Catering & Food Packaging,Bags & Wrapping,Bubble & Stretch Film
PHIL-030029/P94,,"Stretch Film For Palettes 23m, Black",Bubble & Stretch Film,bubble-and-stretch-film,catering-and-food-packaging/bags-and-wrapping/bubble-and-stretch-film,Catering & Food Packaging,Bags & Wrapping,Bubble & Stretch Film
ATH-THAL-CLING-FILM,,Cling Film 250m x 45cm,Cling Film & Baking Paper,cling-film-and-baking-paper,catering-and-food-packaging/bags-and-wrapping/cling-film-and-baking-paper,Catering & Food Packaging,Bags & Wrapping,Cling Film & Baking Paper
CHM-2501202,,Baking Paper 45cm X 100cm with Cutter,Cling Film & Baking Paper,cling-film-and-baking-paper,catering-and-food-packaging/bags-and-wrapping/cling-film-and-baking-paper,Catering & Food Packaging,Bags & Wrapping,Cling Film & Baking Paper
CHM-AKCUT457,,Cling Film 45cm x 600m,Cling Film & Baking Paper,cling-film-and-baking-paper,catering-and-food-packaging/bags-and-wrapping/cling-film-and-baking-paper,Catering & Food Packaging,Bags & Wrapping,Cling Film & Baking Paper
HC-1311,,Cling Film 45cm x 300m,Cling Film & Baking Paper,cling-film-and-baking-paper,catering-and-food-packaging/bags-and-wrapping/cling-film-and-baking-paper,Catering & Food Packaging,Bags & Wrapping,Cling Film & Baking Paper
CHM-AHCAR003,,Paper Bags with Handles (22x10x29) x250,Paper Bag,paper-bag,catering-and-food-packaging/bags-and-wrapping/paper-bags,Catering & Food Packaging,Bags & Wrapping,Paper Bags
CHM-AHCAR170,,Paper Bags with Handles (28x17x29) x250,Paper Bag,paper-bag,catering-and-food-packaging/bags-and-wrapping/paper-bags,Catering & Food Packaging,Bags & Wrapping,Paper Bags
CHM-AHKRA152,,"Paper Bags 15x25, Kraft x1000",Paper Bag,paper-bag,catering-and-food-packaging/bags-and-wrapping/paper-bags,Catering & Food Packaging,Bags & Wrapping,Paper Bags
CHM-AHKRA174/AHKRA170,,"Paper Bags (18x33) x1500, White",Paper Bag,paper-bag,catering-and-food-packaging/bags-and-wrapping/paper-bags,Catering & Food Packaging,Bags & Wrapping,Paper Bags
CSOL-PBA9.5*18GRPR,,"Paper Bags Grease-Proof 45gsm 7x18, White x3100",Paper Bag,paper-bag,catering-and-food-packaging/bags-and-wrapping/paper-bags,Catering & Food Packaging,Bags & Wrapping,Paper Bags
CSOL-PBA922-GRPR,,"Paper Bags Grease-Proof 45gsm 9x22, White x2800",Paper Bag,paper-bag,catering-and-food-packaging/bags-and-wrapping/paper-bags,Catering & Food Packaging,Bags & Wrapping,Paper Bags
CSOL-PBASOS-C,,SOS Paper Bags Kraft Brown (21.5x12x30) x250,Paper Bag,paper-bag,catering-and-food-packaging/bags-and-wrapping/paper-bags,Catering & Food Packaging,Bags & Wrapping,Paper Bags
CSOL-PBASOSvv251734,,SOS Paper Bags Kraft Brown (25x17x34) x250,Paper Bag,paper-bag,catering-and-food-packaging/bags-and-wrapping/paper-bags,Catering & Food Packaging,Bags & Wrapping,Paper Bags
CSOL-PBH261231-S,,"Paper Bags with Handle 26x12xh31, Brown S",Paper Bag,paper-bag,catering-and-food-packaging/bags-and-wrapping/paper-bags,Catering & Food Packaging,Bags & Wrapping,Paper Bags
CSOL-PBH281729-M,,Paper Bags with Handles 28x17x29 x250,Paper Bag,paper-bag,catering-and-food-packaging/bags-and-wrapping/paper-bags,Catering & Food Packaging,Bags & Wrapping,Paper Bags
CSOL-RCB1527,,Paper Bag with Aluminum Inside 15x27 x1500,Paper Bag,paper-bag,catering-and-food-packaging/bags-and-wrapping/paper-bags,Catering & Food Packaging,Bags & Wrapping,Paper Bags
ATH-HYGIENE-CAPS,,Hygiene Caps x100,Hygiene Cap,hygiene-cap,catering-and-food-packaging/catering-sundries/hygiene-caps-and-disposables,Catering & Food Packaging,Catering Sundries,Hygiene Caps & Disposables
ATH-BAMBOO-SKEWERS-25CM,,Bamboo Skewers 25cm x200,Skewer,skewer,catering-and-food-packaging/catering-sundries/skewers-and-cooking-accessories,Catering & Food Packaging,Catering Sundries,Skewers & Cooking Accessories
ATH-SKEWERS-11PACK,Unbranded,Skewer - Souvlaki Kebab Skewers w\ Wooden Handles for the bLUE Cypriot BBQ - 11 Pack,Skewer,skewer,catering-and-food-packaging/catering-sundries/skewers-and-cooking-accessories,Catering & Food Packaging,Catering Sundries,Skewers & Cooking Accessories
CHM-AHCAR302,,Paper Carrier 2 Cups x100,Cup Carrier,cup-carrier,catering-and-food-packaging/cups-and-lids/cup-carriers-and-accessories,Catering & Food Packaging,Cups & Lids,Cup Carriers & Accessories
CHM-AHCAR304,,Paper Carrier 4 Cups x100,Cup Carrier,cup-carrier,catering-and-food-packaging/cups-and-lids/cup-carriers-and-accessories,Catering & Food Packaging,Cups & Lids,Cup Carriers & Accessories
CHM-AECON812,,Lid for 4oz Paper Cup x100,Cup Lid,cup-lid,catering-and-food-packaging/cups-and-lids/cup-lids,Catering & Food Packaging,Cups & Lids,Cup Lids
CHM-AGCLE306,,Dome Lid Cups x100,Cup Lid,cup-lid,catering-and-food-packaging/cups-and-lids/cup-lids,Catering & Food Packaging,Cups & Lids,Cup Lids
CHM-AGPAP124,,Lid for 12oz / 16oz Paper Cup x100,Cup Lid,cup-lid,catering-and-food-packaging/cups-and-lids/cup-lids,Catering & Food Packaging,Cups & Lids,Cup Lids
CHM-CO,,Lid Cover for 8oz x100,Cup Lid,cup-lid,catering-and-food-packaging/cups-and-lids/cup-lids,Catering & Food Packaging,Cups & Lids,Cup Lids
CHM-FLPP,,Lid Flat PP 95mm x100,Cup Lid,cup-lid,catering-and-food-packaging/cups-and-lids/cup-lids,Catering & Food Packaging,Cups & Lids,Cup Lids
CHM-PAPERDOML,,Safety Paper Dome Lid x100,Cup Lid,cup-lid,catering-and-food-packaging/cups-and-lids/cup-lids,Catering & Food Packaging,Cups & Lids,Cup Lids
CHM-SO,,Lid for 8oz Paper Cup x100,Cup Lid,cup-lid,catering-and-food-packaging/cups-and-lids/cup-lids,Catering & Food Packaging,Cups & Lids,Cup Lids
CSOL-CS02/30-DL-P662,,Lid Dome PP for Paper Salad Bowl 20oz x50,Cup Lid,cup-lid,catering-and-food-packaging/cups-and-lids/cup-lids,Catering & Food Packaging,Cups & Lids,Cup Lids
CSOL-CS040DL-SHP598,,Lid Dome PP for Paper Salad Bowl 40oz x50,Cup Lid,cup-lid,catering-and-food-packaging/cups-and-lids/cup-lids,Catering & Food Packaging,Cups & Lids,Cup Lids
CSOL-DL92-FATIM,,"Lid Dome Clear for 400,500,660cc (O) x50",Cup Lid,cup-lid,catering-and-food-packaging/cups-and-lids/cup-lids,Catering & Food Packaging,Cups & Lids,Cup Lids
CSOL-DL95(8mmSAFETY),,Dome Lid 95mm with Safety Hole 8mm,Cup Lid,cup-lid,catering-and-food-packaging/cups-and-lids/cup-lids,Catering & Food Packaging,Cups & Lids,Cup Lids
CSOL-DLL-PP/NO/SOMO,,"NO HOLE Lid Dome for 400,500,660cc x50",Cup Lid,cup-lid,catering-and-food-packaging/cups-and-lids/cup-lids,Catering & Food Packaging,Cups & Lids,Cup Lids
CSOL-DLL-PP/SOMO(O),,"Lid Dome for 400,500,660cc (O) x50",Cup Lid,cup-lid,catering-and-food-packaging/cups-and-lids/cup-lids,Catering & Food Packaging,Cups & Lids,Cup Lids
CSOL-DLLSOPET-CLOSED,,"Dome Lid CLOSED for Pet Cups 400, 500, 600cc x50",Cup Lid,cup-lid,catering-and-food-packaging/cups-and-lids/cup-lids,Catering & Food Packaging,Cups & Lids,Cup Lids
CSOL-SIP4-WHITE,,"Lid-Sip for Paper Cup 4oz x100, White",Cup Lid,cup-lid,catering-and-food-packaging/cups-and-lids/cup-lids,Catering & Food Packaging,Cups & Lids,Cup Lids
CSOL-SIP80-BLACK,,"Lid-Sip 80mm for Paper Cup 8oz, Black x100",Cup Lid,cup-lid,catering-and-food-packaging/cups-and-lids/cup-lids,Catering & Food Packaging,Cups & Lids,Cup Lids
CSOL-SIP90-BLACK,,"Lid-Sip 90mm for Paper Cups 12/16oz, Black x100",Cup Lid,cup-lid,catering-and-food-packaging/cups-and-lids/cup-lids,Catering & Food Packaging,Cups & Lids,Cup Lids
Round-Paper-Lid-1300cc-x300,,"Lid for Bowl Round Paper 1300cc Kraft, x300",Cup Lid,cup-lid,catering-and-food-packaging/cups-and-lids/cup-lids,Catering & Food Packaging,Cups & Lids,Cup Lids
CHM-AGPAP040,,Espresso / Cyprus Coffee Cup 4oz x50,Paper Cup,paper-cup,catering-and-food-packaging/cups-and-lids/paper-cups,Catering & Food Packaging,Cups & Lids,Paper Cups
CHM-AGPAP092,,Paper Cups 8oz x50,Paper Cup,paper-cup,catering-and-food-packaging/cups-and-lids/paper-cups,Catering & Food Packaging,Cups & Lids,Paper Cups
CHM-AGPAP117,,Paper DOUBLE WALL Cup Hot 12oz x25,Paper Cup,paper-cup,catering-and-food-packaging/cups-and-lids/paper-cups,Catering & Food Packaging,Cups & Lids,Paper Cups
CHM-AGPAP119,,Paper Cup Hot 12oz x50,Paper Cup,paper-cup,catering-and-food-packaging/cups-and-lids/paper-cups,Catering & Food Packaging,Cups & Lids,Paper Cups
CHM-AGPAP154,,Paper DOUBLE WALL Cup Hot 16oz x20,Paper Cup,paper-cup,catering-and-food-packaging/cups-and-lids/paper-cups,Catering & Food Packaging,Cups & Lids,Paper Cups
CHM-PCDW,,Paper Cup Hot 8oz DOUBLE WALL x28,Paper Cup,paper-cup,catering-and-food-packaging/cups-and-lids/paper-cups,Catering & Food Packaging,Cups & Lids,Paper Cups
CSOL-FC04-1012,,Cup 4oz Espresso & Cyprus Coffee x50,Paper Cup,paper-cup,catering-and-food-packaging/cups-and-lids/paper-cups,Catering & Food Packaging,Cups & Lids,Paper Cups
CSOL-ICPC8-TANI,,"Ice Cream Paper Cup 8oz, Colour x50",Paper Cup,paper-cup,catering-and-food-packaging/cups-and-lids/paper-cups,Catering & Food Packaging,Cups & Lids,Paper Cups
CSOL-ICPC8-WH-CI008,,"Ice Cream Paper Cup 8oz, White x50",Paper Cup,paper-cup,catering-and-food-packaging/cups-and-lids/paper-cups,Catering & Food Packaging,Cups & Lids,Paper Cups
CSOL-PCU12DW-BLACK,,"12oz Paper Cup DOUBLE WALL, Black x25",Paper Cup,paper-cup,catering-and-food-packaging/cups-and-lids/paper-cups,Catering & Food Packaging,Cups & Lids,Paper Cups
CSOL-PCU4-BLACK,,"4oz Paper Cup x50, Black",Paper Cup,paper-cup,catering-and-food-packaging/cups-and-lids/paper-cups,Catering & Food Packaging,Cups & Lids,Paper Cups
CSOL-PCU8DW-KRAFT,,8oz Paper Cup DOUBLE WALL Kraft x25,Paper Cup,paper-cup,catering-and-food-packaging/cups-and-lids/paper-cups,Catering & Food Packaging,Cups & Lids,Paper Cups
CSOL-SW12SO-BLACK,,Paper Cup Hot 12oz x25,Paper Cup,paper-cup,catering-and-food-packaging/cups-and-lids/paper-cups,Catering & Food Packaging,Cups & Lids,Paper Cups
HC-1823,,Paper Cup with Lid 500ml x400,Paper Cup,paper-cup,catering-and-food-packaging/cups-and-lids/paper-cups,Catering & Food Packaging,Cups & Lids,Paper Cups
CHM-FC1,,Freddo Cups 360cc x50,Plastic Cup,plastic-cup,catering-and-food-packaging/cups-and-lids/plastic-cups,Catering & Food Packaging,Cups & Lids,Plastic Cups
CHM-FC4L,,Frappe Cups 500cc x50,Plastic Cup,plastic-cup,catering-and-food-packaging/cups-and-lids/plastic-cups,Catering & Food Packaging,Cups & Lids,Plastic Cups
CHM-PS35,,Plastic Cocktail / Desert Cup 35cc PET x1000,Plastic Cup,plastic-cup,catering-and-food-packaging/cups-and-lids/plastic-cups,Catering & Food Packaging,Cups & Lids,Plastic Cups
CHM-WC,,Water Cups x100,Plastic Cup,plastic-cup,catering-and-food-packaging/cups-and-lids/plastic-cups,Catering & Food Packaging,Cups & Lids,Plastic Cups
CSOL-PET14-FATIM,,Plastic Cup Pet 14oz 400cc x50,Plastic Cup,plastic-cup,catering-and-food-packaging/cups-and-lids/plastic-cups,Catering & Food Packaging,Cups & Lids,Plastic Cups
CSOL-PET14U-FATIM,,"Plastic Cup ""U"" Pet 14oz 400cc x50",Plastic Cup,plastic-cup,catering-and-food-packaging/cups-and-lids/plastic-cups,Catering & Food Packaging,Cups & Lids,Plastic Cups
CSOL-PET18-FATIM,,Plastic Cup Pet 18oz 500cc x50,Plastic Cup,plastic-cup,catering-and-food-packaging/cups-and-lids/plastic-cups,Catering & Food Packaging,Cups & Lids,Plastic Cups
CSOL-PP180HOL/CL,,Plastic Cups 180cc Clear x100,Plastic Cup,plastic-cup,catering-and-food-packaging/cups-and-lids/plastic-cups,Catering & Food Packaging,Cups & Lids,Plastic Cups
CSOL-PP300-GPI,,Plastic Cups 300cc x50,Plastic Cup,plastic-cup,catering-and-food-packaging/cups-and-lids/plastic-cups,Catering & Food Packaging,Cups & Lids,Plastic Cups
CSOL-PP400-SOMO,,Plastic Cup 400cc x50,Plastic Cup,plastic-cup,catering-and-food-packaging/cups-and-lids/plastic-cups,Catering & Food Packaging,Cups & Lids,Plastic Cups
CSOL-PP500-PRATICO,,Plastic Cups 500cc x50 PRATICO,Plastic Cup,plastic-cup,catering-and-food-packaging/cups-and-lids/plastic-cups,Catering & Food Packaging,Cups & Lids,Plastic Cups
CSOL-PP500-SOMO,,Plastic Cup 500cc x50,Plastic Cup,plastic-cup,catering-and-food-packaging/cups-and-lids/plastic-cups,Catering & Food Packaging,Cups & Lids,Plastic Cups
Plastic-Water-Cups-100,,Plastic Water Cups x100,Plastic Cup,plastic-cup,catering-and-food-packaging/cups-and-lids/plastic-cups,Catering & Food Packaging,Cups & Lids,Plastic Cups
CHM-AGPAP950/AGPAP951,,Salad Bowl 1000ml with Lid x100,Bowl & Salad Container,bowl-and-salad-container,catering-and-food-packaging/food-containers-and-boxes/bowls-and-salad-containers,Catering & Food Packaging,Food Containers & Boxes,Bowls & Salad Containers
CHM-AGPAP952/AGPAP953,,Salad Bowl 1300ml with Lid x100,Bowl & Salad Container,bowl-and-salad-container,catering-and-food-packaging/food-containers-and-boxes/bowls-and-salad-containers,Catering & Food Packaging,Food Containers & Boxes,Bowls & Salad Containers
CSOL-CS01300-SO,,"Bowl Round Paper 1300cc Kraft, x300",Bowl & Salad Container,bowl-and-salad-container,catering-and-food-packaging/food-containers-and-boxes/bowls-and-salad-containers,Catering & Food Packaging,Food Containers & Boxes,Bowls & Salad Containers
CSOL-CS020-BROWN,,"Paper Bowl 20oz Salads & Hot Meals, Brown x50",Bowl & Salad Container,bowl-and-salad-container,catering-and-food-packaging/food-containers-and-boxes/bowls-and-salad-containers,Catering & Food Packaging,Food Containers & Boxes,Bowls & Salad Containers
CSOL-CS040-BROWN,,"Paper Bowl 40oz Salads & Hot Meals, Brown x50",Bowl & Salad Container,bowl-and-salad-container,catering-and-food-packaging/food-containers-and-boxes/bowls-and-salad-containers,Catering & Food Packaging,Food Containers & Boxes,Bowls & Salad Containers
CSOL-NOODL26-ROUND,,Noodle Box Round 26cm (500pcs/Box),Bowl & Salad Container,bowl-and-salad-container,catering-and-food-packaging/food-containers-and-boxes/bowls-and-salad-containers,Catering & Food Packaging,Food Containers & Boxes,Bowls & Salad Containers
CSOL-SALAD1300KR+L,,Paper Salad Bowl 43oz 1300cc with Lid x25,Bowl & Salad Container,bowl-and-salad-container,catering-and-food-packaging/food-containers-and-boxes/bowls-and-salad-containers,Catering & Food Packaging,Food Containers & Boxes,Bowls & Salad Containers
CHM-2140117,,Burger / Lunch Box J200 Sugar Cane x100,Paper Box & Tray,paper-box-and-tray,catering-and-food-packaging/food-containers-and-boxes/paper-boxes-and-trays,Catering & Food Packaging,Food Containers & Boxes,Paper Boxes & Trays
CSOL-DCFRIES-M,,"Fries Paper Scoop Medium, Brown x1000",Paper Box & Tray,paper-box-and-tray,catering-and-food-packaging/food-containers-and-boxes/paper-boxes-and-trays,Catering & Food Packaging,Food Containers & Boxes,Paper Boxes & Trays
CSOL-QB32VARK,,"Paper Tray 32oz 16.8*9.7*6cm x250, Kraft",Paper Box & Tray,paper-box-and-tray,catering-and-food-packaging/food-containers-and-boxes/paper-boxes-and-trays,Catering & Food Packaging,Food Containers & Boxes,Paper Boxes & Trays
CSOL-ROI-5641-KRAFT,,Crepe Box - Easy Open Paper Bοx 230x165x50mm Kraft (325pcs/Box),Paper Box & Tray,paper-box-and-tray,catering-and-food-packaging/food-containers-and-boxes/paper-boxes-and-trays,Catering & Food Packaging,Food Containers & Boxes,Paper Boxes & Trays
CSOL-T42KRAFT-1*10KG,,"T42 Paper Box 14x10.5x4.8cm with Aluminium x270, Kraft",Paper Box & Tray,paper-box-and-tray,catering-and-food-packaging/food-containers-and-boxes/paper-boxes-and-trays,Catering & Food Packaging,Food Containers & Boxes,Paper Boxes & Trays
CSOL-T8KRAFT-1*10KG,,"T8 Paper Box 16x13.5x6cm with Aluminium x175, Kraft",Paper Box & Tray,paper-box-and-tray,catering-and-food-packaging/food-containers-and-boxes/paper-boxes-and-trays,Catering & Food Packaging,Food Containers & Boxes,Paper Boxes & Trays
CSOL-DP375/CSOL-DPLID,,Round Clear Container 375cc with Lid x25,Plastic Container,plastic-container,catering-and-food-packaging/food-containers-and-boxes/plastic-containers,Catering & Food Packaging,Food Containers & Boxes,Plastic Containers
CSOL-GPI955-GREAT,,Pet Square Container 150cc + Hinged Lid x100,Plastic Container,plastic-container,catering-and-food-packaging/food-containers-and-boxes/plastic-containers,Catering & Food Packaging,Food Containers & Boxes,Plastic Containers
CSOL-SAU-TCC120,,Sauce Cup 120cc with Hinged Lid x50,Plastic Container,plastic-container,catering-and-food-packaging/food-containers-and-boxes/plastic-containers,Catering & Food Packaging,Food Containers & Boxes,Plastic Containers
CSOL-SAU120SO,,Round Sauce Cup 120cc x10,Plastic Container,plastic-container,catering-and-food-packaging/food-containers-and-boxes/plastic-containers,Catering & Food Packaging,Food Containers & Boxes,Plastic Containers
CSOL-SAU80-794,,Sauce Cup 80cc with Hinged Lid x90,Plastic Container,plastic-container,catering-and-food-packaging/food-containers-and-boxes/plastic-containers,Catering & Food Packaging,Food Containers & Boxes,Plastic Containers
CSOL-SO416H,,Rectangle Clear Cont. Pet 375cc Hinged w/ Lid x80,Plastic Container,plastic-container,catering-and-food-packaging/food-containers-and-boxes/plastic-containers,Catering & Food Packaging,Food Containers & Boxes,Plastic Containers
CHM-AACUT330,,Spoon Desert x100,Disposable Cutlery,disposable-cutlery,catering-and-food-packaging/plates-cutlery-and-straws/disposable-cutlery,Catering & Food Packaging,"Plates, Cutlery & Straws",Disposable Cutlery
CHM-CUT3FKNR,,Reusable Cutlery 3-IN-1 Set x100,Disposable Cutlery,disposable-cutlery,catering-and-food-packaging/plates-cutlery-and-straws/disposable-cutlery,Catering & Food Packaging,"Plates, Cutlery & Straws",Disposable Cutlery
CHM-CUT3W,,Wooden Cutlery 3-IN-1 Set x100,Disposable Cutlery,disposable-cutlery,catering-and-food-packaging/plates-cutlery-and-straws/disposable-cutlery,Catering & Food Packaging,"Plates, Cutlery & Straws",Disposable Cutlery
CSOL-CUT3-WOOD,,Cutlery Wooden 3-IN-1 Set x100,Disposable Cutlery,disposable-cutlery,catering-and-food-packaging/plates-cutlery-and-straws/disposable-cutlery,Catering & Food Packaging,"Plates, Cutlery & Straws",Disposable Cutlery
CSOL-CUT3:1VV-CLEAR,,"Cutlery Set 3:1 HD Reusable, Clear x500",Disposable Cutlery,disposable-cutlery,catering-and-food-packaging/plates-cutlery-and-straws/disposable-cutlery,Catering & Food Packaging,"Plates, Cutlery & Straws",Disposable Cutlery
CSOL-ICSP12MIP-WHITE,,"Ice Cream Reusable Plastic Spoon, White x100",Disposable Cutlery,disposable-cutlery,catering-and-food-packaging/plates-cutlery-and-straws/disposable-cutlery,Catering & Food Packaging,"Plates, Cutlery & Straws",Disposable Cutlery
CSOL-WCUT3(100),,Wooden Cutlery Set 3-IN-1 Set x100,Disposable Cutlery,disposable-cutlery,catering-and-food-packaging/plates-cutlery-and-straws/disposable-cutlery,Catering & Food Packaging,"Plates, Cutlery & Straws",Disposable Cutlery
CSOL-WSP14(100),,Wooden Oval Teaspoon / Ice Cream Spoon 14cm x100,Disposable Cutlery,disposable-cutlery,catering-and-food-packaging/plates-cutlery-and-straws/disposable-cutlery,Catering & Food Packaging,"Plates, Cutlery & Straws",Disposable Cutlery
CHM-ADPPS010,,Plates Sugar Cane 18cm x100,Disposable Plate,disposable-plate,catering-and-food-packaging/plates-cutlery-and-straws/disposable-plates,Catering & Food Packaging,"Plates, Cutlery & Straws",Disposable Plates
CHM-ADPPS021,,Plates Sugar Cane 22cm x100,Disposable Plate,disposable-plate,catering-and-food-packaging/plates-cutlery-and-straws/disposable-plates,Catering & Food Packaging,"Plates, Cutlery & Straws",Disposable Plates
CSOL-PL9/30-GPI,,"Plates 9"" x30",Disposable Plate,disposable-plate,catering-and-food-packaging/plates-cutlery-and-straws/disposable-plates,Catering & Food Packaging,"Plates, Cutlery & Straws",Disposable Plates
CSOL-PPL9(100)-WHITE,,Paper Plate 9''-23cm White x100,Disposable Plate,disposable-plate,catering-and-food-packaging/plates-cutlery-and-straws/disposable-plates,Catering & Food Packaging,"Plates, Cutlery & Straws",Disposable Plates
CSOL-WFRP17-1,,Plates Round Wood Fiber 18cm x125,Disposable Plate,disposable-plate,catering-and-food-packaging/plates-cutlery-and-straws/disposable-plates,Catering & Food Packaging,"Plates, Cutlery & Straws",Disposable Plates
CSOL-WFRP23-1,,Plates Round Wood Fiber 23cm x125,Disposable Plate,disposable-plate,catering-and-food-packaging/plates-cutlery-and-straws/disposable-plates,Catering & Food Packaging,"Plates, Cutlery & Straws",Disposable Plates
CHM-AACUT510,,Wooden Stirrer 15cm x1000,Stirrer & Toothpick,stirrer-and-toothpick,catering-and-food-packaging/plates-cutlery-and-straws/stirrers-and-toothpicks,Catering & Food Packaging,"Plates, Cutlery & Straws",Stirrers & Toothpicks
CHM-AGAPAP305,,Black Stirrer 12cm x 500,Stirrer & Toothpick,stirrer-and-toothpick,catering-and-food-packaging/plates-cutlery-and-straws/stirrers-and-toothpicks,Catering & Food Packaging,"Plates, Cutlery & Straws",Stirrers & Toothpicks
CSOL-PLUGIN-STR12-BLACK,,Plug In Coffee Stopper / Stirrer 12cm x500,Stirrer & Toothpick,stirrer-and-toothpick,catering-and-food-packaging/plates-cutlery-and-straws/stirrers-and-toothpicks,Catering & Food Packaging,"Plates, Cutlery & Straws",Stirrers & Toothpicks
CSOL-TOOTH-1/1CELLO,,Toothpicks Wooden Individual Wrapped x1000,Stirrer & Toothpick,stirrer-and-toothpick,catering-and-food-packaging/plates-cutlery-and-straws/stirrers-and-toothpicks,Catering & Food Packaging,"Plates, Cutlery & Straws",Stirrers & Toothpicks
CSOL-WSTR14-1/1(200),,Wooden Coffee Stirrer 14cm Wrapped x200,Stirrer & Toothpick,stirrer-and-toothpick,catering-and-food-packaging/plates-cutlery-and-straws/stirrers-and-toothpicks,Catering & Food Packaging,"Plates, Cutlery & Straws",Stirrers & Toothpicks
CHM-008884,,Paper Freddo Straws x500,Straw,straw,catering-and-food-packaging/plates-cutlery-and-straws/straws,Catering & Food Packaging,"Plates, Cutlery & Straws",Straws
CHM-ACSTR011,,Paper Milkshake Straws Wrapped x250,Straw,straw,catering-and-food-packaging/plates-cutlery-and-straws/straws,Catering & Food Packaging,"Plates, Cutlery & Straws",Straws
CHM-PAPERFS,,Paper Freddo Straws x500,Straw,straw,catering-and-food-packaging/plates-cutlery-and-straws/straws,Catering & Food Packaging,"Plates, Cutlery & Straws",Straws
CHM-PAPERSTR,,Paper Frappe Straws 6mm x 250,Straw,straw,catering-and-food-packaging/plates-cutlery-and-straws/straws,Catering & Food Packaging,"Plates, Cutlery & Straws",Straws
CSOL-RUSS4180-1/1BLACK,,Straws Reusable Freddo BLACK Wrapped x500,Straw,straw,catering-and-food-packaging/plates-cutlery-and-straws/straws,Catering & Food Packaging,"Plates, Cutlery & Straws",Straws
CSOL-RUSS5200-1/1BLACK,,Straws Reusable Frappe BLACK Wrapped x500,Straw,straw,catering-and-food-packaging/plates-cutlery-and-straws/straws,Catering & Food Packaging,"Plates, Cutlery & Straws",Straws
CSOL-RUSS7220-1/1BLACK,,Straws Reusable Milkshake BLACK Wrapped x500,Straw,straw,catering-and-food-packaging/plates-cutlery-and-straws/straws,Catering & Food Packaging,"Plates, Cutlery & Straws",Straws
CSOL-SS5220-1/1BLACKX1000,,Straws Frappe BLACK Wrapped x1000,Straw,straw,catering-and-food-packaging/plates-cutlery-and-straws/straws,Catering & Food Packaging,"Plates, Cutlery & Straws",Straws
CSOL-SS5220-1/1COLOR,,Straws Frappe COLOR Wrapped x500,Straw,straw,catering-and-food-packaging/plates-cutlery-and-straws/straws,Catering & Food Packaging,"Plates, Cutlery & Straws",Straws
BN-0768,Bien,Bien Toilet Cleaner Fresh Forest 850ml,Bathroom & Toilet Cleaner,bathroom-and-toilet-cleaner,cleaning-hygiene-and-janitorial/cleaning-chemicals/bathroom-and-toilet-cleaners,"Cleaning, Hygiene & Janitorial",Cleaning Chemicals,Bathroom & Toilet Cleaners
BN-1147,Bien,Bien Bathroom Cleaner Fresh Forest 750ml,Bathroom & Toilet Cleaner,bathroom-and-toilet-cleaner,cleaning-hygiene-and-janitorial/cleaning-chemicals/bathroom-and-toilet-cleaners,"Cleaning, Hygiene & Janitorial",Cleaning Chemicals,Bathroom & Toilet Cleaners
BN-1338,Bien,Bien Toilet Cleaner Spring Pine 4 lt,Bathroom & Toilet Cleaner,bathroom-and-toilet-cleaner,cleaning-hygiene-and-janitorial/cleaning-chemicals/bathroom-and-toilet-cleaners,"Cleaning, Hygiene & Janitorial",Cleaning Chemicals,Bathroom & Toilet Cleaners
BN-1345,Bien,Bien Toilet & Bathroom Cleaner Fresh Forest 4lt,Bathroom & Toilet Cleaner,bathroom-and-toilet-cleaner,cleaning-hygiene-and-janitorial/cleaning-chemicals/bathroom-and-toilet-cleaners,"Cleaning, Hygiene & Janitorial",Cleaning Chemicals,Bathroom & Toilet Cleaners
BN-1353,Bien,Bien Bathroom Cleaner Flower Bouquet 4L,Bathroom & Toilet Cleaner,bathroom-and-toilet-cleaner,cleaning-hygiene-and-janitorial/cleaning-chemicals/bathroom-and-toilet-cleaners,"Cleaning, Hygiene & Janitorial",Cleaning Chemicals,Bathroom & Toilet Cleaners
KLX-Toilet-Spray-400mL,Klinex,Klinex Toilet Spray 400ml 1-for-All,Bathroom & Toilet Cleaner,bathroom-and-toilet-cleaner,cleaning-hygiene-and-janitorial/cleaning-chemicals/bathroom-and-toilet-cleaners,"Cleaning, Hygiene & Janitorial",Cleaning Chemicals,Bathroom & Toilet Cleaners
ATH-DOMESTOS-750ML,Domestos,Domestos Bleach 750ml,Bleach & Chlorine,bleach-and-chlorine,cleaning-hygiene-and-janitorial/cleaning-chemicals/bleach-and-chlorine,"Cleaning, Hygiene & Janitorial",Cleaning Chemicals,Bleach & Chlorine
BN-0188,Bien,Bien Chlorine 3% 4lt,Bleach & Chlorine,bleach-and-chlorine,cleaning-hygiene-and-janitorial/cleaning-chemicals/bleach-and-chlorine,"Cleaning, Hygiene & Janitorial",Cleaning Chemicals,Bleach & Chlorine
BN-1178,Bien,Bien Chlorine 3% 1100ml,Bleach & Chlorine,bleach-and-chlorine,cleaning-hygiene-and-janitorial/cleaning-chemicals/bleach-and-chlorine,"Cleaning, Hygiene & Janitorial",Cleaning Chemicals,Bleach & Chlorine
BN-1581,Bien,Bien BleachGel 3% 1100ml,Bleach & Chlorine,bleach-and-chlorine,cleaning-hygiene-and-janitorial/cleaning-chemicals/bleach-and-chlorine,"Cleaning, Hygiene & Janitorial",Cleaning Chemicals,Bleach & Chlorine
BN-1598,Bien,Bien BleachGel 3% 4 lt,Bleach & Chlorine,bleach-and-chlorine,cleaning-hygiene-and-janitorial/cleaning-chemicals/bleach-and-chlorine,"Cleaning, Hygiene & Janitorial",Cleaning Chemicals,Bleach & Chlorine
BN-0263,Bien,Bien Ultrashine Concentrated Plates Washing Liquid 4 lt,Dishwashing Liquid,dishwashing-liquid,cleaning-hygiene-and-janitorial/cleaning-chemicals/dishwashing-and-rinse-aids,"Cleaning, Hygiene & Janitorial",Cleaning Chemicals,Dishwashing & Rinse Aids
BN-0324,Bien,Bien Dishine Dishwasher Liquid 4 lt,Dishwashing Liquid,dishwashing-liquid,cleaning-hygiene-and-janitorial/cleaning-chemicals/dishwashing-and-rinse-aids,"Cleaning, Hygiene & Janitorial",Cleaning Chemicals,Dishwashing & Rinse Aids
BN-0591,Bien,Bien Rinsing Shine Liquid 4 lt,Dishwashing Liquid,dishwashing-liquid,cleaning-hygiene-and-janitorial/cleaning-chemicals/dishwashing-and-rinse-aids,"Cleaning, Hygiene & Janitorial",Cleaning Chemicals,Dishwashing & Rinse Aids
BN-1383,Bien,Bien Ultrashine Concentrated Plates Washing Liquid 750ml,Dishwashing Liquid,dishwashing-liquid,cleaning-hygiene-and-janitorial/cleaning-chemicals/dishwashing-and-rinse-aids,"Cleaning, Hygiene & Janitorial",Cleaning Chemicals,Dishwashing & Rinse Aids
BN-0225,Bien,Bien Window Cleaner 1 lt,Glass & Window Cleaner,glass-and-window-cleaner,cleaning-hygiene-and-janitorial/cleaning-chemicals/glass-and-window-cleaners,"Cleaning, Hygiene & Janitorial",Cleaning Chemicals,Glass & Window Cleaners
BN-1444,Bien,Bien Window Cleaner Antistatic 750 ml,Glass & Window Cleaner,glass-and-window-cleaner,cleaning-hygiene-and-janitorial/cleaning-chemicals/glass-and-window-cleaners,"Cleaning, Hygiene & Janitorial",Cleaning Chemicals,Glass & Window Cleaners
SHO-HB298A14,Hobot,HOBOT HB298A14 Window Detergent 220ml,Glass & Window Cleaner,glass-and-window-cleaner,cleaning-hygiene-and-janitorial/cleaning-chemicals/glass-and-window-cleaners,"Cleaning, Hygiene & Janitorial",Cleaning Chemicals,Glass & Window Cleaners
SHO-HB298A14-PO3,Hobot,HOBOT HB298A14 Window Detergent 220ml (Pack of 3),Glass & Window Cleaner,glass-and-window-cleaner,cleaning-hygiene-and-janitorial/cleaning-chemicals/glass-and-window-cleaners,"Cleaning, Hygiene & Janitorial",Cleaning Chemicals,Glass & Window Cleaners
BN-0393,Bien,Bien Magic Oven Cleaner 4 lt,Kitchen & Oven Cleaner,kitchen-and-oven-cleaner,cleaning-hygiene-and-janitorial/cleaning-chemicals/kitchen-and-oven-cleaners,"Cleaning, Hygiene & Janitorial",Cleaning Chemicals,Kitchen & Oven Cleaners
BN-0454,Bien,Bien Scouring Cream 700 ml,Kitchen & Oven Cleaner,kitchen-and-oven-cleaner,cleaning-hygiene-and-janitorial/cleaning-chemicals/kitchen-and-oven-cleaners,"Cleaning, Hygiene & Janitorial",Cleaning Chemicals,Kitchen & Oven Cleaners
BN-1550,Bien,Bien Fabric Softener Soft Pink 4lt,Laundry Detergent & Softener,laundry-detergent-and-softener,cleaning-hygiene-and-janitorial/cleaning-chemicals/laundry-detergents-and-softeners,"Cleaning, Hygiene & Janitorial",Cleaning Chemicals,Laundry Detergents & Softeners
Antibacterial-Surface-Cleaner-750ml,,Antibacterial Surface Cleaner 750ml,Multi-Surface Cleaner & Disinfectant,multi-surface-cleaner-and-disinfectant,cleaning-hygiene-and-janitorial/cleaning-chemicals/multi-surface-cleaners-and-disinfectants,"Cleaning, Hygiene & Janitorial",Cleaning Chemicals,Multi-Surface Cleaners & Disinfectants
BN-0416,Bien,Bien General Cleaner Concentrated Lemon Blossom 0.75L – Multi-Surface Degreaser & Disinfectant,Multi-Surface Cleaner & Disinfectant,multi-surface-cleaner-and-disinfectant,cleaning-hygiene-and-janitorial/cleaning-chemicals/multi-surface-cleaners-and-disinfectants,"Cleaning, Hygiene & Janitorial",Cleaning Chemicals,Multi-Surface Cleaners & Disinfectants
BN-0539,Bien,Bientoll Antiseptic Disinfectant 750ml,Multi-Surface Cleaner & Disinfectant,multi-surface-cleaner-and-disinfectant,cleaning-hygiene-and-janitorial/cleaning-chemicals/multi-surface-cleaners-and-disinfectants,"Cleaning, Hygiene & Janitorial",Cleaning Chemicals,Multi-Surface Cleaners & Disinfectants
BN-0904,Bien,Bien Antistatic General Disinfectant Rose 750ml,Multi-Surface Cleaner & Disinfectant,multi-surface-cleaner-and-disinfectant,cleaning-hygiene-and-janitorial/cleaning-chemicals/multi-surface-cleaners-and-disinfectants,"Cleaning, Hygiene & Janitorial",Cleaning Chemicals,Multi-Surface Cleaners & Disinfectants
BN-0935,Bien,Bien Antistatic General Disinfectant Rose 4 lt,Multi-Surface Cleaner & Disinfectant,multi-surface-cleaner-and-disinfectant,cleaning-hygiene-and-janitorial/cleaning-chemicals/multi-surface-cleaners-and-disinfectants,"Cleaning, Hygiene & Janitorial",Cleaning Chemicals,Multi-Surface Cleaners & Disinfectants
BN-1703,Bien,Bientoll Antiseptic Surface Cleaner Spray 750ml Vanilla Planifolia,Multi-Surface Cleaner & Disinfectant,multi-surface-cleaner-and-disinfectant,cleaning-hygiene-and-janitorial/cleaning-chemicals/multi-surface-cleaners-and-disinfectants,"Cleaning, Hygiene & Janitorial",Cleaning Chemicals,Multi-Surface Cleaners & Disinfectants
BN-1796,Bien,"Bientoll All-In-One Antiseptic Disinfectant for Surfaces, Citrus Blossom 4lt",Multi-Surface Cleaner & Disinfectant,multi-surface-cleaner-and-disinfectant,cleaning-hygiene-and-janitorial/cleaning-chemicals/multi-surface-cleaners-and-disinfectants,"Cleaning, Hygiene & Janitorial",Cleaning Chemicals,Multi-Surface Cleaners & Disinfectants
PAP-154884,Zoflora,Zoflora Concentrated Disinfectant Linen Fresh 500ml,Multi-Surface Cleaner & Disinfectant,multi-surface-cleaner-and-disinfectant,cleaning-hygiene-and-janitorial/cleaning-chemicals/multi-surface-cleaners-and-disinfectants,"Cleaning, Hygiene & Janitorial",Cleaning Chemicals,Multi-Surface Cleaners & Disinfectants
PAP-171597,Zoflora,Zoflora Concentrated Disinfectant Fresh Home Mountain Air Fragrance 500ml,Multi-Surface Cleaner & Disinfectant,multi-surface-cleaner-and-disinfectant,cleaning-hygiene-and-janitorial/cleaning-chemicals/multi-surface-cleaners-and-disinfectants,"Cleaning, Hygiene & Janitorial",Cleaning Chemicals,Multi-Surface Cleaners & Disinfectants
PAP-184237,Zoflora,Zoflora Concentrated Disinfectant Lemon Zing 500ml,Multi-Surface Cleaner & Disinfectant,multi-surface-cleaner-and-disinfectant,cleaning-hygiene-and-janitorial/cleaning-chemicals/multi-surface-cleaners-and-disinfectants,"Cleaning, Hygiene & Janitorial",Cleaning Chemicals,Multi-Surface Cleaners & Disinfectants
ATH-DUST-SHOVEL,,Dust Shovel,Broom & Brush,broom-and-brush,cleaning-hygiene-and-janitorial/cleaning-tools-and-equipment/brooms-brushes-and-dustpans,"Cleaning, Hygiene & Janitorial",Cleaning Tools & Equipment,"Brooms, Brushes & Dustpans"
ATH-DUST-SHOVEL-HANDLE,,Dust Shovel with Handle,Broom & Brush,broom-and-brush,cleaning-hygiene-and-janitorial/cleaning-tools-and-equipment/brooms-brushes-and-dustpans,"Cleaning, Hygiene & Janitorial",Cleaning Tools & Equipment,"Brooms, Brushes & Dustpans"
ATH-TOILET-BRUSH,,Toilet Brush,Broom & Brush,broom-and-brush,cleaning-hygiene-and-janitorial/cleaning-tools-and-equipment/brooms-brushes-and-dustpans,"Cleaning, Hygiene & Janitorial",Cleaning Tools & Equipment,"Brooms, Brushes & Dustpans"
LE-41524,Leifheit,Leifheit 41524 Wall and Ceiling Broom Dusty Handheld,Broom & Brush,broom-and-brush,cleaning-hygiene-and-janitorial/cleaning-tools-and-equipment/brooms-brushes-and-dustpans,"Cleaning, Hygiene & Janitorial",Cleaning Tools & Equipment,"Brooms, Brushes & Dustpans"
ATH-MICROFIBER-CLOTH-MYREON,,Myreon Microfiber Cloth,Duster & Cloth,duster-and-cloth,cleaning-hygiene-and-janitorial/cleaning-tools-and-equipment/dusters-and-microfibre-cloths,"Cleaning, Hygiene & Janitorial",Cleaning Tools & Equipment,Dusters & Microfibre Cloths
ATH-MICROFIBER-CLOTHES-4PCS,,Microfiber Cloths x4,Duster & Cloth,duster-and-cloth,cleaning-hygiene-and-janitorial/cleaning-tools-and-equipment/dusters-and-microfibre-cloths,"Cleaning, Hygiene & Janitorial",Cleaning Tools & Equipment,Dusters & Microfibre Cloths
LE-41520,Leifheit,Leifheit 41520 Extra Large Hand Held Duster,Duster & Cloth,duster-and-cloth,cleaning-hygiene-and-janitorial/cleaning-tools-and-equipment/dusters-and-microfibre-cloths,"Cleaning, Hygiene & Janitorial",Cleaning Tools & Equipment,Dusters & Microfibre Cloths
LE-52013,Leifheit,Leifheit 52013 Combi XL 20Lt 48cm Mop Bucket,Mop & Bucket,mop-and-bucket,cleaning-hygiene-and-janitorial/cleaning-tools-and-equipment/mops-buckets-and-wringers,"Cleaning, Hygiene & Janitorial",Cleaning Tools & Equipment,"Mops, Buckets & Wringers"
LE-55048,Leifheit,Leifheit 55048 42 cm Large Micro Fibre Head Profi Floor Mop,Mop & Bucket,mop-and-bucket,cleaning-hygiene-and-janitorial/cleaning-tools-and-equipment/mops-buckets-and-wringers,"Cleaning, Hygiene & Janitorial",Cleaning Tools & Equipment,"Mops, Buckets & Wringers"
LE-55210,Leifheit,"Leifheit 55210 Classic Floor Wiper with Microfiber Floor Wiper Cover &Telescopic Handle, 75-130 cm",Mop & Bucket,mop-and-bucket,cleaning-hygiene-and-janitorial/cleaning-tools-and-equipment/mops-buckets-and-wringers,"Cleaning, Hygiene & Janitorial",Cleaning Tools & Equipment,"Mops, Buckets & Wringers"
LE-55356,Leifheit,Leifheit 55356 Combi Flat Mop/Bucket and Wringer Set,Mop & Bucket,mop-and-bucket,cleaning-hygiene-and-janitorial/cleaning-tools-and-equipment/mops-buckets-and-wringers,"Cleaning, Hygiene & Janitorial",Cleaning Tools & Equipment,"Mops, Buckets & Wringers"
Microfibre-Mop,,Microfibre Mop,Mop & Bucket,mop-and-bucket,cleaning-hygiene-and-janitorial/cleaning-tools-and-equipment/mops-buckets-and-wringers,"Cleaning, Hygiene & Janitorial",Cleaning Tools & Equipment,"Mops, Buckets & Wringers"
Mopping-Bucket,,Mopping Bucket,Mop & Bucket,mop-and-bucket,cleaning-hygiene-and-janitorial/cleaning-tools-and-equipment/mops-buckets-and-wringers,"Cleaning, Hygiene & Janitorial",Cleaning Tools & Equipment,"Mops, Buckets & Wringers"
Broom-Head,,Broom Head,Cleaning Refill & Spare,cleaning-refill-and-spare,cleaning-hygiene-and-janitorial/cleaning-tools-and-equipment/replacement-heads-handles-and-refills,"Cleaning, Hygiene & Janitorial",Cleaning Tools & Equipment,"Replacement Heads, Handles & Refills"
Broom-Mop-Handle,,Broom / Mop Handle,Cleaning Refill & Spare,cleaning-refill-and-spare,cleaning-hygiene-and-janitorial/cleaning-tools-and-equipment/replacement-heads-handles-and-refills,"Cleaning, Hygiene & Janitorial",Cleaning Tools & Equipment,"Replacement Heads, Handles & Refills"
LE-45007,Leifheit,"Leifheit 45007 Outdoor Broom Head Xtra Clean, 50 cm",Cleaning Refill & Spare,cleaning-refill-and-spare,cleaning-hygiene-and-janitorial/cleaning-tools-and-equipment/replacement-heads-handles-and-refills,"Cleaning, Hygiene & Janitorial",Cleaning Tools & Equipment,"Replacement Heads, Handles & Refills"
LE-45033,Leifheit,"Leifheit 45033 Parquet Broom Head Xtra Clean, 30 cm",Cleaning Refill & Spare,cleaning-refill-and-spare,cleaning-hygiene-and-janitorial/cleaning-tools-and-equipment/replacement-heads-handles-and-refills,"Cleaning, Hygiene & Janitorial",Cleaning Tools & Equipment,"Replacement Heads, Handles & Refills"
LE-51325,Leifheit,Leifheit 51325 Replacement Fleece for 3-in-1 Window Cleaner with Microfibre Fleece,Cleaning Refill & Spare,cleaning-refill-and-spare,cleaning-hygiene-and-janitorial/cleaning-tools-and-equipment/replacement-heads-handles-and-refills,"Cleaning, Hygiene & Janitorial",Cleaning Tools & Equipment,"Replacement Heads, Handles & Refills"
LE-52068,Leifheit,Leifheit 52068 Replacement Mop Head Viscose,Cleaning Refill & Spare,cleaning-refill-and-spare,cleaning-hygiene-and-janitorial/cleaning-tools-and-equipment/replacement-heads-handles-and-refills,"Cleaning, Hygiene & Janitorial",Cleaning Tools & Equipment,"Replacement Heads, Handles & Refills"
LE-52068-FOC,Leifheit,Leifheit 52068 Replacement Mop Head Viscose,Cleaning Refill & Spare,cleaning-refill-and-spare,cleaning-hygiene-and-janitorial/cleaning-tools-and-equipment/replacement-heads-handles-and-refills,"Cleaning, Hygiene & Janitorial",Cleaning Tools & Equipment,"Replacement Heads, Handles & Refills"
LE-52104,Leifheit,"Leifheit 52104 Clean Twist Disc Mop Ergo Micro Duo Replacement Head – Dual-Fiber System for Deep Cleaning, Compatible with Clean Twist Systems",Cleaning Refill & Spare,cleaning-refill-and-spare,cleaning-hygiene-and-janitorial/cleaning-tools-and-equipment/replacement-heads-handles-and-refills,"Cleaning, Hygiene & Janitorial",Cleaning Tools & Equipment,"Replacement Heads, Handles & Refills"
LE-55246,Leifheit,Leifheit 55246 Window Pad - Wet and Dry,Cleaning Refill & Spare,cleaning-refill-and-spare,cleaning-hygiene-and-janitorial/cleaning-tools-and-equipment/replacement-heads-handles-and-refills,"Cleaning, Hygiene & Janitorial",Cleaning Tools & Equipment,"Replacement Heads, Handles & Refills"
LE-55320,Leifheit,Leifheit 55320 Wiper Cover Clean Twist / Combi M Micro Duo,Cleaning Refill & Spare,cleaning-refill-and-spare,cleaning-hygiene-and-janitorial/cleaning-tools-and-equipment/replacement-heads-handles-and-refills,"Cleaning, Hygiene & Janitorial",Cleaning Tools & Equipment,"Replacement Heads, Handles & Refills"
LE-56671,Leifheit,Leifheit 56671 Click Brush Rubber,Cleaning Refill & Spare,cleaning-refill-and-spare,cleaning-hygiene-and-janitorial/cleaning-tools-and-equipment/replacement-heads-handles-and-refills,"Cleaning, Hygiene & Janitorial",Cleaning Tools & Equipment,"Replacement Heads, Handles & Refills"
LE-56673,Leifheit,"Leifheit 56673 Telescopic Handle, 75-135 cm",Cleaning Refill & Spare,cleaning-refill-and-spare,cleaning-hygiene-and-janitorial/cleaning-tools-and-equipment/replacement-heads-handles-and-refills,"Cleaning, Hygiene & Janitorial",Cleaning Tools & Equipment,"Replacement Heads, Handles & Refills"
ATH-SPONGES-PACK,,Sponges Pack,Sponge & Scourer,sponge-and-scourer,cleaning-hygiene-and-janitorial/cleaning-tools-and-equipment/sponges-and-scourers,"Cleaning, Hygiene & Janitorial",Cleaning Tools & Equipment,Sponges & Scourers
Sponge-Cloth-Large,,Sponge Cloth Large,Sponge & Scourer,sponge-and-scourer,cleaning-hygiene-and-janitorial/cleaning-tools-and-equipment/sponges-and-scourers,"Cleaning, Hygiene & Janitorial",Cleaning Tools & Equipment,Sponges & Scourers
LE-51120,Leifheit,Leifheit 51120 3-in-1 Window Cleaner with Telescopic Handle,Window Wiper & Squeegee,window-wiper-and-squeegee,cleaning-hygiene-and-janitorial/cleaning-tools-and-equipment/window-wipers-and-squeegees,"Cleaning, Hygiene & Janitorial",Cleaning Tools & Equipment,Window Wipers & Squeegees
LE-51320,Leifheit,"Leifheit 51320 Hand Window Cleaner and Squeegee with Rotation, 28 cm",Window Wiper & Squeegee,window-wiper-and-squeegee,cleaning-hygiene-and-janitorial/cleaning-tools-and-equipment/window-wipers-and-squeegees,"Cleaning, Hygiene & Janitorial",Cleaning Tools & Equipment,Window Wipers & Squeegees
LE-51522,Leifheit,Leifheit 51522 Window Slider XL,Window Wiper & Squeegee,window-wiper-and-squeegee,cleaning-hygiene-and-janitorial/cleaning-tools-and-equipment/window-wipers-and-squeegees,"Cleaning, Hygiene & Janitorial",Cleaning Tools & Equipment,Window Wipers & Squeegees
LE-55238,Leifheit,Leifheit 55238 Window Wet & Dry Wiper/Cleaner,Window Wiper & Squeegee,window-wiper-and-squeegee,cleaning-hygiene-and-janitorial/cleaning-tools-and-equipment/window-wipers-and-squeegees,"Cleaning, Hygiene & Janitorial",Cleaning Tools & Equipment,Window Wipers & Squeegees
BN-0997,Bien,Bien Creamy Antibacterial Hand & Body Soap Silky Berry 4 lt,Liquid Soap,liquid-soap,cleaning-hygiene-and-janitorial/hand-and-body-hygiene/liquid-soaps,"Cleaning, Hygiene & Janitorial",Hand & Body Hygiene,Liquid Soaps
BN-1017,Bien,Bien Hand & Body Antibacterial Bubble Soap Ocean Breeze 0.4L – Gentle & Effective Liquid Soap for Daily Hygiene,Liquid Soap,liquid-soap,cleaning-hygiene-and-janitorial/hand-and-body-hygiene/liquid-soaps,"Cleaning, Hygiene & Janitorial",Hand & Body Hygiene,Liquid Soaps
BN-1239,Bien,Bien Antibacterial Bubble Soap Ocean Breeze 4 lt,Liquid Soap,liquid-soap,cleaning-hygiene-and-janitorial/hand-and-body-hygiene/liquid-soaps,"Cleaning, Hygiene & Janitorial",Hand & Body Hygiene,Liquid Soaps
BN-1277,Bien,Bien Creamy Antibacterial Hand & Body Soap Wild Berries 4 lt,Liquid Soap,liquid-soap,cleaning-hygiene-and-janitorial/hand-and-body-hygiene/liquid-soaps,"Cleaning, Hygiene & Janitorial",Hand & Body Hygiene,Liquid Soaps
HC-1721,Elite,Elite Professional Liquid Soap Dispenser - 1 Lt – Wall-Mounted Refillable Hand Wash Dispenser for Commercial Use,Liquid Soap,liquid-soap,cleaning-hygiene-and-janitorial/hand-and-body-hygiene/liquid-soaps,"Cleaning, Hygiene & Janitorial",Hand & Body Hygiene,Liquid Soaps
ATH-ALCOHOL-1LT,,Alcohol Spray 1lt,Sanitiser,sanitiser,cleaning-hygiene-and-janitorial/hand-and-body-hygiene/sanitisers-and-alcohol,"Cleaning, Hygiene & Janitorial",Hand & Body Hygiene,Sanitisers & Alcohol
BN-0880,Bien,Bienclair Instant Sanitizer Gel 500ml,Sanitiser,sanitiser,cleaning-hygiene-and-janitorial/hand-and-body-hygiene/sanitisers-and-alcohol,"Cleaning, Hygiene & Janitorial",Hand & Body Hygiene,Sanitisers & Alcohol
BN-0881-S,Bien,Bien Instant Sanitizer Spray 4 lt,Sanitiser,sanitiser,cleaning-hygiene-and-janitorial/hand-and-body-hygiene/sanitisers-and-alcohol,"Cleaning, Hygiene & Janitorial",Hand & Body Hygiene,Sanitisers & Alcohol
BN-1604,Bien,Alcohol Lotion Spray 99.99% 4lt,Sanitiser,sanitiser,cleaning-hygiene-and-janitorial/hand-and-body-hygiene/sanitisers-and-alcohol,"Cleaning, Hygiene & Janitorial",Hand & Body Hygiene,Sanitisers & Alcohol
BN-San-Gel-4lt,Bien,Bien Instant Sanitizer Gel 4 lt,Sanitiser,sanitiser,cleaning-hygiene-and-janitorial/hand-and-body-hygiene/sanitisers-and-alcohol,"Cleaning, Hygiene & Janitorial",Hand & Body Hygiene,Sanitisers & Alcohol
HC-1701,Elite,Elite Professional Large Kitchen Paper Dispenser – Wall-Mounted Durable Holder for High-Capacity Rolls,Dispenser,dispenser,cleaning-hygiene-and-janitorial/hand-and-body-hygiene/soap-and-paper-dispensers,"Cleaning, Hygiene & Janitorial",Hand & Body Hygiene,Soap & Paper Dispensers
HC-1702,Elite,Elite Professional Kitchen Paper Dispenser – Durable Wall-Mounted Holder for 100m Rolls,Dispenser,dispenser,cleaning-hygiene-and-janitorial/hand-and-body-hygiene/soap-and-paper-dispensers,"Cleaning, Hygiene & Janitorial",Hand & Body Hygiene,Soap & Paper Dispensers
HC-1711,Elite,Elite Professional Toilet Paper Dispenser – Wall-Mounted Holder for Jumbo & Standard Rolls,Dispenser,dispenser,cleaning-hygiene-and-janitorial/hand-and-body-hygiene/soap-and-paper-dispensers,"Cleaning, Hygiene & Janitorial",Hand & Body Hygiene,Soap & Paper Dispensers
HC-1731,Elite,Elite Professional Hand Towel Dispenser – Interfold & C-Fold Paper Towel Holder for Commercial Use,Dispenser,dispenser,cleaning-hygiene-and-janitorial/hand-and-body-hygiene/soap-and-paper-dispensers,"Cleaning, Hygiene & Janitorial",Hand & Body Hygiene,Soap & Paper Dispensers
HC-1201B,Elite,Elite 1x24 Facial Tissues 150',Facial Tissue & Medical Roll,facial-tissue-and-medical-roll,cleaning-hygiene-and-janitorial/paper-and-wiping-products/facial-tissues-and-medical-rolls,"Cleaning, Hygiene & Janitorial",Paper & Wiping Products,Facial Tissues & Medical Rolls
HC-1661,Elite,Elite Professional Examination Roll 2-Ply 75m – Medical Disposable Paper Roll for Clinics & Hospitals,Facial Tissue & Medical Roll,facial-tissue-and-medical-roll,cleaning-hygiene-and-janitorial/paper-and-wiping-products/facial-tissues-and-medical-rolls,"Cleaning, Hygiene & Janitorial",Paper & Wiping Products,Facial Tissues & Medical Rolls
HC-1621,Elite,"Elite 20 x 150 Interfold 1-Ply, White",Hand Towel,hand-towel,cleaning-hygiene-and-janitorial/paper-and-wiping-products/hand-towels-and-interfold,"Cleaning, Hygiene & Janitorial",Paper & Wiping Products,Hand Towels & Interfold
HC-1622,Elite,"Elite Professional Interfold Hand Towels – 2-Ply 4000 Sheets, High-Absorbency for Commercial Use",Hand Towel,hand-towel,cleaning-hygiene-and-janitorial/paper-and-wiping-products/hand-towels-and-interfold,"Cleaning, Hygiene & Janitorial",Paper & Wiping Products,Hand Towels & Interfold
HC-1623,Elite,"Elite 4000 Interfold Pure Cellulose, White",Hand Towel,hand-towel,cleaning-hygiene-and-janitorial/paper-and-wiping-products/hand-towels-and-interfold,"Cleaning, Hygiene & Janitorial",Paper & Wiping Products,Hand Towels & Interfold
HC-1623L,Elite,"Elite 4000 Long Interfold Pure Cellulose, White",Hand Towel,hand-towel,cleaning-hygiene-and-janitorial/paper-and-wiping-products/hand-towels-and-interfold,"Cleaning, Hygiene & Janitorial",Paper & Wiping Products,Hand Towels & Interfold
HC-1626,Elite,"Elite Professional Interfold Hand Towels – 2-Ply 3000 Sheets, High-Absorbency for Commercial Use",Hand Towel,hand-towel,cleaning-hygiene-and-janitorial/paper-and-wiping-products/hand-towels-and-interfold,"Cleaning, Hygiene & Janitorial",Paper & Wiping Products,Hand Towels & Interfold
HC-1402,Elite,Elite Professional Kitchen Paper Plus – 2-Ply High-Absorbency Paper Towels for Home & Commercial Use,Kitchen & Wiping Roll,kitchen-and-wiping-roll,cleaning-hygiene-and-janitorial/paper-and-wiping-products/kitchen-and-wiping-rolls,"Cleaning, Hygiene & Janitorial",Paper & Wiping Products,Kitchen & Wiping Rolls
HC-1404,Elite,Elite Professional Kitchen Paper Roll 100m – 2-Ply High-Absorbency Paper Towels for Commercial & Home Use,Kitchen & Wiping Roll,kitchen-and-wiping-roll,cleaning-hygiene-and-janitorial/paper-and-wiping-products/kitchen-and-wiping-rolls,"Cleaning, Hygiene & Janitorial",Paper & Wiping Products,Kitchen & Wiping Rolls
HC-1421,Elite,"Elite Professional Hand Wiping Paper Medium – 2-Ply 6 Rolls, High-Absorbency for Commercial & Industrial Use",Kitchen & Wiping Roll,kitchen-and-wiping-roll,cleaning-hygiene-and-janitorial/paper-and-wiping-products/kitchen-and-wiping-rolls,"Cleaning, Hygiene & Janitorial",Paper & Wiping Products,Kitchen & Wiping Rolls
HC-1442,Elite,"Elite Professional Hand Wiping Paper Large – 2-Ply 6 Rolls, High-Absorbency for Commercial & Industrial Use",Kitchen & Wiping Roll,kitchen-and-wiping-roll,cleaning-hygiene-and-janitorial/paper-and-wiping-products/kitchen-and-wiping-rolls,"Cleaning, Hygiene & Janitorial",Paper & Wiping Products,Kitchen & Wiping Rolls
HC-1444,Elite,Elite Professional Recycled Hand Wiping Paper Large – 2-Ply 6 Rolls for Commercial & Industrial Use,Kitchen & Wiping Roll,kitchen-and-wiping-roll,cleaning-hygiene-and-janitorial/paper-and-wiping-products/kitchen-and-wiping-rolls,"Cleaning, Hygiene & Janitorial",Paper & Wiping Products,Kitchen & Wiping Rolls
HC-1451,Elite,Elite Professional Maxi Kitchen Paper Roll – 2-Ply High-Absorbency Perforated Paper Towels 77m,Kitchen & Wiping Roll,kitchen-and-wiping-roll,cleaning-hygiene-and-janitorial/paper-and-wiping-products/kitchen-and-wiping-rolls,"Cleaning, Hygiene & Janitorial",Paper & Wiping Products,Kitchen & Wiping Rolls
HC-1492,Elite,1x6 Elite Hand Wiping Roll Large,Kitchen & Wiping Roll,kitchen-and-wiping-roll,cleaning-hygiene-and-janitorial/paper-and-wiping-products/kitchen-and-wiping-rolls,"Cleaning, Hygiene & Janitorial",Paper & Wiping Products,Kitchen & Wiping Rolls
HC-1102,Elite,Elite Professional White Napkins 1-Ply 28x28 cm – Soft & Absorbent Paper Napkins for Everyday Use,Napkin,napkin,cleaning-hygiene-and-janitorial/paper-and-wiping-products/napkins,"Cleaning, Hygiene & Janitorial",Paper & Wiping Products,Napkins
HC-1105,Elite,Elite White Napkins 1-Ply 28x28 cm – Soft & Absorbent Paper Napkins for Everyday Use,Napkin,napkin,cleaning-hygiene-and-janitorial/paper-and-wiping-products/napkins,"Cleaning, Hygiene & Janitorial",Paper & Wiping Products,Napkins
HC-1121,Elite,Elite Napkins - 10 Packages of 100 Napkins each - 33 x 33 cm Size - White Color,Napkin,napkin,cleaning-hygiene-and-janitorial/paper-and-wiping-products/napkins,"Cleaning, Hygiene & Janitorial",Paper & Wiping Products,Napkins
HC-1161,Elite,Elite White Napkin 2-Ply 33 x 33 cm – 10 x 75,Napkin,napkin,cleaning-hygiene-and-janitorial/paper-and-wiping-products/napkins,"Cleaning, Hygiene & Janitorial",Paper & Wiping Products,Napkins
HC-1161B,Elite,"10x75 Elite Napkins 2ply, 33x33, Blue",Napkin,napkin,cleaning-hygiene-and-janitorial/paper-and-wiping-products/napkins,"Cleaning, Hygiene & Janitorial",Paper & Wiping Products,Napkins
HC-1061,Elite,"Elite Luxury Scented Toilet Paper – 3-Ply 10 Rolls, Soft & Fragranced for Premium Comfort",Toilet Paper,toilet-paper,cleaning-hygiene-and-janitorial/paper-and-wiping-products/toilet-paper,"Cleaning, Hygiene & Janitorial",Paper & Wiping Products,Toilet Paper
HC-1061-S,Elite,1x9 Toilet Rolls 3-ply,Toilet Paper,toilet-paper,cleaning-hygiene-and-janitorial/paper-and-wiping-products/toilet-paper,"Cleaning, Hygiene & Janitorial",Paper & Wiping Products,Toilet Paper
HC-1071,Elite,Elite Toilet Rolls - Package of 48 Rolls - 28m Length each Roll,Toilet Paper,toilet-paper,cleaning-hygiene-and-janitorial/paper-and-wiping-products/toilet-paper,"Cleaning, Hygiene & Janitorial",Paper & Wiping Products,Toilet Paper
HC-1075,Elite,"Elite Professional Toilet Paper 2-Ply 40m – Pack of 48 Rolls, Soft & Strong for Commercial and Home Use",Toilet Paper,toilet-paper,cleaning-hygiene-and-janitorial/paper-and-wiping-products/toilet-paper,"Cleaning, Hygiene & Janitorial",Paper & Wiping Products,Toilet Paper
HC-1503,Elite,"Elite Professional Medium Toilet Paper – 2-Ply 8 Rolls, Soft & Durable for Commercial and Home Use - 260m",Toilet Paper,toilet-paper,cleaning-hygiene-and-janitorial/paper-and-wiping-products/toilet-paper,"Cleaning, Hygiene & Janitorial",Paper & Wiping Products,Toilet Paper
HC-1506,Elite,"Elite Professional Small Toilet Paper – 2-Ply 8 Rolls, Soft & Durable for Home and Commercial Use - 180m",Toilet Paper,toilet-paper,cleaning-hygiene-and-janitorial/paper-and-wiping-products/toilet-paper,"Cleaning, Hygiene & Janitorial",Paper & Wiping Products,Toilet Paper
HC-1651,Elite,"Elite Professional Interfold Toilet Paper – 2-Ply 6000 Sheets, Soft & Hygienic for Commercial Use",Toilet Paper,toilet-paper,cleaning-hygiene-and-janitorial/paper-and-wiping-products/toilet-paper,"Cleaning, Hygiene & Janitorial",Paper & Wiping Products,Toilet Paper
BE-LA40,Beurer,Beurer LA40 Aroma Diffuser,Aroma Diffuser,aroma-diffuser,cleaning-hygiene-and-janitorial/waste-bags-and-air-care/air-fresheners-and-home-fragrance,"Cleaning, Hygiene & Janitorial","Waste, Bags & Air Care",Air Fresheners & Home Fragrance
BN-AUTO-AEROSOL-MACHINE,Bien,Auto Aerosol Dispenser,Dispenser,dispenser,cleaning-hygiene-and-janitorial/waste-bags-and-air-care/air-fresheners-and-home-fragrance,"Cleaning, Hygiene & Janitorial","Waste, Bags & Air Care",Air Fresheners & Home Fragrance
BN-AUTO-SPRAY-DISPENSER,Bien,Dispenser Automatic with Sensor for Spray / Gel,Dispenser,dispenser,cleaning-hygiene-and-janitorial/waste-bags-and-air-care/air-fresheners-and-home-fragrance,"Cleaning, Hygiene & Janitorial","Waste, Bags & Air Care",Air Fresheners & Home Fragrance
PAP-211587,Air Wick,Air Wick 211587 Essential Oil Candle Amber Rose 105G,Home Fragrance,home-fragrance,cleaning-hygiene-and-janitorial/waste-bags-and-air-care/air-fresheners-and-home-fragrance,"Cleaning, Hygiene & Janitorial","Waste, Bags & Air Care",Air Fresheners & Home Fragrance
Beige-Bags-49x55,,Beige Bags 49x55cm,Bin Bag,bin-bag,cleaning-hygiene-and-janitorial/waste-bags-and-air-care/bin-bags-and-refuse-sacks,"Cleaning, Hygiene & Janitorial","Waste, Bags & Air Care",Bin Bags & Refuse Sacks
Blue-Bags-75x80,,Blue Bags 75x80cm,Bin Bag,bin-bag,cleaning-hygiene-and-janitorial/waste-bags-and-air-care/bin-bags-and-refuse-sacks,"Cleaning, Hygiene & Janitorial","Waste, Bags & Air Care",Bin Bags & Refuse Sacks
Brown-Bags-54x72,,Brown Bags 54x72cm,Bin Bag,bin-bag,cleaning-hygiene-and-janitorial/waste-bags-and-air-care/bin-bags-and-refuse-sacks,"Cleaning, Hygiene & Janitorial","Waste, Bags & Air Care",Bin Bags & Refuse Sacks
Green-Bags-48x52,,Green Bags with Handles 48x52cm,Bin Bag,bin-bag,cleaning-hygiene-and-janitorial/waste-bags-and-air-care/bin-bags-and-refuse-sacks,"Cleaning, Hygiene & Janitorial","Waste, Bags & Air Care",Bin Bags & Refuse Sacks
Green-Bags-85x110,,Green Bags 85x110cm,Bin Bag,bin-bag,cleaning-hygiene-and-janitorial/waste-bags-and-air-care/bin-bags-and-refuse-sacks,"Cleaning, Hygiene & Janitorial","Waste, Bags & Air Care",Bin Bags & Refuse Sacks
Pink-Bags-42x50,,Pink Bags 42x50cm,Bin Bag,bin-bag,cleaning-hygiene-and-janitorial/waste-bags-and-air-care/bin-bags-and-refuse-sacks,"Cleaning, Hygiene & Janitorial","Waste, Bags & Air Care",Bin Bags & Refuse Sacks
Recycling-Bags-75x80,,Recycling Bags 75x80cm 56lt,Bin Bag,bin-bag,cleaning-hygiene-and-janitorial/waste-bags-and-air-care/bin-bags-and-refuse-sacks,"Cleaning, Hygiene & Janitorial","Waste, Bags & Air Care",Bin Bags & Refuse Sacks
SH-0246519,,Christmas Tree Storage Bag 165x38x76,Storage Bag,storage-bag,cleaning-hygiene-and-janitorial/waste-bags-and-air-care/bin-bags-and-refuse-sacks,"Cleaning, Hygiene & Janitorial","Waste, Bags & Air Care",Bin Bags & Refuse Sacks
Transparent-Bags-25x38,,Transparent Bags 25x38cm,Bin Bag,bin-bag,cleaning-hygiene-and-janitorial/waste-bags-and-air-care/bin-bags-and-refuse-sacks,"Cleaning, Hygiene & Janitorial","Waste, Bags & Air Care",Bin Bags & Refuse Sacks
ATH-GLOVES-100PCS,,Gloves Assortment 100pcs,Disposable Gloves,disposable-gloves,cleaning-hygiene-and-janitorial/waste-bags-and-air-care/disposable-gloves-and-protection,"Cleaning, Hygiene & Janitorial","Waste, Bags & Air Care",Disposable Gloves & Protection
AMZ-DE-B07F6BLKVT,,"ISOTRONIC® Ultrasonic Cat & Dog Repellent, Battery Operated Waterproof High Frequency Cat and Dog Scarer for Garden, Car & Garage",Insecticide & Repellent,insecticide-and-repellent,cleaning-hygiene-and-janitorial/waste-bags-and-air-care/insecticides-and-pest-control,"Cleaning, Hygiene & Janitorial","Waste, Bags & Air Care",Insecticides & Pest Control
ATH-DK-TOTAL-ACTION-400ML,,Insecticide Odorless 400ml,Insecticide & Repellent,insecticide-and-repellent,cleaning-hygiene-and-janitorial/waste-bags-and-air-care/insecticides-and-pest-control,"Cleaning, Hygiene & Janitorial","Waste, Bags & Air Care",Insecticides & Pest Control
BN-0911,Bien,Bien Antistatic Antibacterial General Cleaner Concentrated Lemon Blossom 4L – Multi-Surface Disinfectant & Dust Repellent,Insecticide & Repellent,insecticide-and-repellent,cleaning-hygiene-and-janitorial/waste-bags-and-air-care/insecticides-and-pest-control,"Cleaning, Hygiene & Janitorial","Waste, Bags & Air Care",Insecticides & Pest Control
ATH-ECO-TAYG-WASTE-BIN-100L,,"Outdoor Waste Bin 100L, Black",Waste Bin,waste-bin,cleaning-hygiene-and-janitorial/waste-bags-and-air-care/waste-bins,"Cleaning, Hygiene & Janitorial","Waste, Bags & Air Care",Waste Bins
TRA-23111,Schmincke,Schmincke 23111 Akademie Acrylic Paint 60 ml 111 Titanium White,Acrylic & Oil Paint,acrylic-and-oil-paint,computing-office-and-stationery/art-and-craft-supplies/acrylic-and-oil-paints,"Computing, Office & Stationery",Art & Craft Supplies,Acrylic & Oil Paints
TRA-23224,Schmincke,"Schmincke - AKADEMIE® 23224 Acryl color, primary yellow in 60 ml tube",Acrylic & Oil Paint,acrylic-and-oil-paint,computing-office-and-stationery/art-and-craft-supplies/acrylic-and-oil-paints,"Computing, Office & Stationery",Art & Craft Supplies,Acrylic & Oil Paints
TRA-41102,Schmincke,Schmincke Akademie – Oil Paint – 60 ml – Titanium White,Acrylic & Oil Paint,acrylic-and-oil-paint,computing-office-and-stationery/art-and-craft-supplies/acrylic-and-oil-paints,"Computing, Office & Stationery",Art & Craft Supplies,Acrylic & Oil Paints
TRA-41202,Schmincke,Schmincke Flesh Tint 60ml Tube,Acrylic & Oil Paint,acrylic-and-oil-paint,computing-office-and-stationery/art-and-craft-supplies/acrylic-and-oil-paints,"Computing, Office & Stationery",Art & Craft Supplies,Acrylic & Oil Paints
TRA-400C24,Panda,Panda TRA-400C24 24 Fine Quality Oil Pastel,Pastels,pastels,computing-office-and-stationery/art-and-craft-supplies/pastels-and-drawing,"Computing, Office & Stationery",Art & Craft Supplies,Pastels & Drawing
TRA-77215,Schmincke,"Schmincke - Pastels, 15 colours, multi-purpose, basic assortment 77 215 097, cardboard set with 15 pastels, handmade pastels, brilliant, velvet-matt, highly lightfast colours",Pastels,pastels,computing-office-and-stationery/art-and-craft-supplies/pastels-and-drawing,"Computing, Office & Stationery",Art & Craft Supplies,Pastels & Drawing
TRA-74424,Schmincke,"Schmincke 74424097 HORADAM AQUARELL Color Box with 24 Finest Watercolors, Black Metal Box",Watercolour Paint,watercolour-paint,computing-office-and-stationery/art-and-craft-supplies/watercolours,"Computing, Office & Stationery",Art & Craft Supplies,Watercolours
TRA-75424,Schmincke,"Schmincke - AKADEMIE®AQUARELL Watercolor Box, Full Assortment 24 x 1/2 Pans, 75 424 097, Metal Box, Highly lightfast Colors, fine Artists' Watercolors",Watercolour Paint,watercolour-paint,computing-office-and-stationery/art-and-craft-supplies/watercolours,"Computing, Office & Stationery",Art & Craft Supplies,Watercolours
TRA-75825,Schmincke,Akademie Aquarell 75825 12x1/2 PANS Schmincke,Watercolour Paint,watercolour-paint,computing-office-and-stationery/art-and-craft-supplies/watercolours,"Computing, Office & Stationery",Art & Craft Supplies,Watercolours
ASB-MD821ZM/A,Apple,Apple MD821ZM/A Lightning to USB Camera Adapter,Cable & Adapter,cable-and-adapter,computing-office-and-stationery/computer-peripherals-and-accessories/cables-and-adapters,"Computing, Office & Stationery",Computer Peripherals & Accessories,Cables & Adapters
EL-CF1100aed06,Belkin,"Belkin IEEE 1394 Firewire Cable, 1.8 M, 6-Pin to 4-Pin",Cable & Adapter,cable-and-adapter,computing-office-and-stationery/computer-peripherals-and-accessories/cables-and-adapters,"Computing, Office & Stationery",Computer Peripherals & Accessories,Cables & Adapters
AMZ-DE-B07CGPZ3ZQ,,"Logitech G305 Lightspeed Wireless Gaming Mouse, Black",Keyboard & Mouse,keyboard-and-mouse,computing-office-and-stationery/computer-peripherals-and-accessories/keyboards-and-mice,"Computing, Office & Stationery",Computer Peripherals & Accessories,Keyboards & Mice
AMZ-DE-B0CR5JQP6S,,"LeadsaiL Wireless Keyboard and Mouse Set, 2.4GHz USB Computer Keyboards and Mouse Combo, Full Size UK QWERTY Layout, Ergonomic Design with 12 Multimedia Shortcuts for HP/Lenovo Laptop and Mac, Black",Keyboard & Mouse,keyboard-and-mouse,computing-office-and-stationery/computer-peripherals-and-accessories/keyboards-and-mice,"Computing, Office & Stationery",Computer Peripherals & Accessories,Keyboards & Mice
IT63647,,Canyon Backpack & Mousepad Set,Keyboard & Mouse,keyboard-and-mouse,computing-office-and-stationery/computer-peripherals-and-accessories/keyboards-and-mice,"Computing, Office & Stationery",Computer Peripherals & Accessories,Keyboards & Mice
MT-1Y4D0UT,HP,HP 235 Wireless Mouse and Keyboard Combo (1Y4D0UT),Keyboard & Mouse,keyboard-and-mouse,computing-office-and-stationery/computer-peripherals-and-accessories/keyboards-and-mice,"Computing, Office & Stationery",Computer Peripherals & Accessories,Keyboards & Mice
MT-AJ7C2AA,,HP 230 Slim Wireless Mouse,Keyboard & Mouse,keyboard-and-mouse,computing-office-and-stationery/computer-peripherals-and-accessories/keyboards-and-mice,"Computing, Office & Stationery",Computer Peripherals & Accessories,Keyboards & Mice
MT-SPK7507B/00,Philips,"Philips 5000 Series SPK7507B Ergonomic Mouse, Black",Keyboard & Mouse,keyboard-and-mouse,computing-office-and-stationery/computer-peripherals-and-accessories/keyboards-and-mice,"Computing, Office & Stationery",Computer Peripherals & Accessories,Keyboards & Mice
LAG-602151,Victorinox,"Victorinox Altmont Professional Compact Laptop Backpack, Black",Laptop Bag,laptop-bag,computing-office-and-stationery/computer-peripherals-and-accessories/laptop-bags-and-cases,"Computing, Office & Stationery",Computer Peripherals & Accessories,Laptop Bags & Cases
LAG-602153,Victorinox,"Victorinox Altmont Professional Fliptop Laptop Backpack, Black",Laptop Bag,laptop-bag,computing-office-and-stationery/computer-peripherals-and-accessories/laptop-bags-and-cases,"Computing, Office & Stationery",Computer Peripherals & Accessories,Laptop Bags & Cases
MT-2Z8P4AA,,"HP Laptop Prelude Topload Black 15.6""",Laptop Bag,laptop-bag,computing-office-and-stationery/computer-peripherals-and-accessories/laptop-bags-and-cases,"Computing, Office & Stationery",Computer Peripherals & Accessories,Laptop Bags & Cases
BNC-2110967,Lenovo,Lenovo GX20P92529 USB-C 65W AC Adapter Power Adapter,Power Adapter,power-adapter,computing-office-and-stationery/computer-peripherals-and-accessories/power-adapters-and-chargers,"Computing, Office & Stationery",Computer Peripherals & Accessories,Power Adapters & Chargers
MT-671R3UT,HP,HP USB-C power adapter - AC 115/230 V - 65 Watt,Power Adapter,power-adapter,computing-office-and-stationery/computer-peripherals-and-accessories/power-adapters-and-chargers,"Computing, Office & Stationery",Computer Peripherals & Accessories,Power Adapters & Chargers
IT65337,,"SANDISK Extreme MicroSDXC UHS-I Memory Card With Adapter, 64 GB",Memory Card,memory-card,computing-office-and-stationery/computer-peripherals-and-accessories/storage-and-memory-cards,"Computing, Office & Stationery",Computer Peripherals & Accessories,Storage & Memory Cards
4P-KX-T7603X-B,Panasonic,"Panasonic KX-T7603X-B 12-Key DSS Console, Black",Webcam & Conferencing Device,webcam-and-conferencing-device,computing-office-and-stationery/computer-peripherals-and-accessories/webcams-and-conferencing,"Computing, Office & Stationery",Computer Peripherals & Accessories,Webcams & Conferencing
AMZ-DE-B07YD1YPRT,,Yealink Speakerphone USB & Bluetooth Portable with 6 Microphone 360° Voice Pickup CP900,Webcam & Conferencing Device,webcam-and-conferencing-device,computing-office-and-stationery/computer-peripherals-and-accessories/webcams-and-conferencing,"Computing, Office & Stationery",Computer Peripherals & Accessories,Webcams & Conferencing
AMZ-DE-B0C84PMXQ9,,"j5create JVU368 ​​AI-Powered 360 Meeting Webcam with Hands-Free Calling, Smart Tracking, Auto Framing, 1080P HD Video Conference Camera, Comes with Remote Control",Webcam & Conferencing Device,webcam-and-conferencing-device,computing-office-and-stationery/computer-peripherals-and-accessories/webcams-and-conferencing,"Computing, Office & Stationery",Computer Peripherals & Accessories,Webcams & Conferencing
AMZ-DE-B0CCNQP9F2,,"CIRYCASE Laptop Stand, Aluminium Notebook Stand, Compatible with MacBook Air Pro, Dell, HP 10-16"" Laptops",Docking Station & Stand,docking-station-and-stand,computing-office-and-stationery/computers-and-tablets/docking-stations-and-laptop-stands,"Computing, Office & Stationery",Computers & Tablets,Docking Stations & Laptop Stands
AMZ-DE-B0DYTVVLH4,Revodok,Revodok Pro 314 Docking Station,Docking Station & Stand,docking-station-and-stand,computing-office-and-stationery/computers-and-tablets/docking-stations-and-laptop-stands,"Computing, Office & Stationery",Computers & Tablets,Docking Stations & Laptop Stands
IT71395,,"LENOVO 83K100PKCY IdeaPad Slim 3 Laptop 15.3"",Grey",Laptop,laptop,computing-office-and-stationery/computers-and-tablets/laptops-and-notebooks,"Computing, Office & Stationery",Computers & Tablets,Laptops & Notebooks
MT-21R50020VU,,"LENOVO NOTEBOOK THINKPAD L13 G6, INTEL ULTRA 7 255U, 4.2-5.2GHz/12MB, 12C, 12TOPS, 32GB, 1TB, INTEL GRAPHICS, 13.3' WUXGA 1920x1200 IPS 400NITS AG, WIFI6E, BT, USB-A, USB4, HDMI, WIN 11 PRO, 3YW, BLACK",Laptop,laptop,computing-office-and-stationery/computers-and-tablets/laptops-and-notebooks,"Computing, Office & Stationery",Computers & Tablets,Laptops & Notebooks
MT-82YU00YQCY,Lenovo,"Lenovo V15 Business Notebook AMD Ryzen™ 5 7520U, Black, Windows 11 Pro, 15.6"", 16 GB, 512GB",Laptop,laptop,computing-office-and-stationery/computers-and-tablets/laptops-and-notebooks,"Computing, Office & Stationery",Computers & Tablets,Laptops & Notebooks
MT-C4JF6ET,,"HP EliteBook 6 G1a 14 inch Notebook AI PC, 14"", AMD Ryzen AI 7, 24GB RAM, 1TB SSD",Laptop,laptop,computing-office-and-stationery/computers-and-tablets/laptops-and-notebooks,"Computing, Office & Stationery",Computers & Tablets,Laptops & Notebooks
STPHN-LAT.01778,Lenovo,LENOVO 83D40066CY Notebook IDEAPAD PRO 5,Laptop,laptop,computing-office-and-stationery/computers-and-tablets/laptops-and-notebooks,"Computing, Office & Stationery",Computers & Tablets,Laptops & Notebooks
ΜΤ-21MV00DKCY,,"LENOVO NOTEBOOK THINKBOOK 14 G7 ARP, AMD RYZEN 5 7535HS, 3.3-4.55GHz/16MB, 6 CORES, 16GB, 512GB SSD M.2 2242 PCIe4, AMD RADEON 660M, 14' WUXGA 1920x1200 IPS 300NITS AG, WIFI6E, BT, LAN, USB-A. USB-C, USB4, HDMI, DOS, 3YW, GREY",Laptop,laptop,computing-office-and-stationery/computers-and-tablets/laptops-and-notebooks,"Computing, Office & Stationery",Computers & Tablets,Laptops & Notebooks
IT72372,Samsung,"SAMSUNG SM-X135 Galaxy Tab A11 LTE Tablet 64GB, Gray",Tablet,tablet,computing-office-and-stationery/computers-and-tablets/tablets,"Computing, Office & Stationery",Computers & Tablets,Tablets
IT72774,,XIAOMI Redmi Pad 2 Pro 5G,Tablet,tablet,computing-office-and-stationery/computers-and-tablets/tablets,"Computing, Office & Stationery",Computers & Tablets,Tablets
GL-XBOX360-UMC,,Xbox 360 Original Universal Media Remote BRAND NEW,Gaming Accessory,gaming-accessory,computing-office-and-stationery/gaming/gaming-accessories,"Computing, Office & Stationery",Gaming,Gaming Accessories
IT72345,,"Baracuda Whale Gaming Chair, Orange / Black",Gaming Chair,gaming-chair,computing-office-and-stationery/gaming/gaming-chairs,"Computing, Office & Stationery",Gaming,Gaming Chairs
EL-NHL2K8-XBOX360,,NHL 2K8 New Sealed PAL Microsoft Xbox 360,Video Game,video-game,computing-office-and-stationery/gaming/video-games,"Computing, Office & Stationery",Gaming,Video Games
EL-WF0LSC/INLAY/E,,"Outdoor Life Sportsman's Challenge Game and Wildfire Game, Double Pack for PC CD",Video Game,video-game,computing-office-and-stationery/gaming/video-games,"Computing, Office & Stationery",Gaming,Video Games
ROLLS-G-SF03741-GT,,Gran Turismo 5 Prologue - PS3 PLATINUM,Video Game,video-game,computing-office-and-stationery/gaming/video-games,"Computing, Office & Stationery",Gaming,Video Games
ROLLS-G-SF03974-GIB,,Colin McRae: Dirt 2 - PS3 PLATINUM,Video Game,video-game,computing-office-and-stationery/gaming/video-games,"Computing, Office & Stationery",Gaming,Video Games
AMZ-DE-B0DJ9SYLMJ,,"Spigen for Galaxy S25 Ultra Case, Tough Armor MagFit [Kickstand] [Compatible with MagSafe] [Military-Grade Protection] - Black",Phone Case,phone-case,computing-office-and-stationery/mobile-phones-and-accessories/phone-cases-and-covers,"Computing, Office & Stationery",Mobile Phones & Accessories,Phone Cases & Covers
IT34852,Samsung,"Samsung Galaxy A3 Flip Cover, White",Phone Case,phone-case,computing-office-and-stationery/mobile-phones-and-accessories/phone-cases-and-covers,"Computing, Office & Stationery",Mobile Phones & Accessories,Phone Cases & Covers
AMZ-DE-B0FS145ZBT,ANKER,"Anker Nano Power Bank, 10000mAh Portable Charger with InstaCord Retractable 2ft Cable, Compact 45W Battery Pack",Power Bank,power-bank,computing-office-and-stationery/mobile-phones-and-accessories/power-banks-and-chargers,"Computing, Office & Stationery",Mobile Phones & Accessories,Power Banks & Chargers
IT74029,Belkin,"Belkin 20000mAh BoostCharge 20K Power Bank, Black",Power Bank,power-bank,computing-office-and-stationery/mobile-phones-and-accessories/power-banks-and-chargers,"Computing, Office & Stationery",Mobile Phones & Accessories,Power Banks & Chargers
AMZ-DE-B0FSDPR9MD,,"OnePlus 15 Smartphone with Tri-Chip AI, Snapdragon 8 Elite Gen5, 6.78 Inch 165Hz Display, 7300 mAh Battery, Triple 50MP Camera, 16GB RAM + 512GB Memory, Infinite Black",Smartphone,smartphone,computing-office-and-stationery/mobile-phones-and-accessories/smartphones,"Computing, Office & Stationery",Mobile Phones & Accessories,Smartphones
BNC-16702669,,Samsung Galaxy A17 5G (A176) 6.7'',Smartphone,smartphone,computing-office-and-stationery/mobile-phones-and-accessories/smartphones,"Computing, Office & Stationery",Mobile Phones & Accessories,Smartphones
IT71909,Apple,"Apple iPhone 17 Pro Max 256GB 5G Dual SIM, Orange",Smartphone,smartphone,computing-office-and-stationery/mobile-phones-and-accessories/smartphones,"Computing, Office & Stationery",Mobile Phones & Accessories,Smartphones
BNC-16400750,,"Monitor Gas Spring Stand Dual Monitor up to 27""",Monitor Stand,monitor-stand,computing-office-and-stationery/monitors-and-displays/monitor-mounts-and-stands,"Computing, Office & Stationery",Monitors & Displays,Monitor Mounts & Stands
AMZ-DE-B0DLBW9RMT,,"Samsung LS27DG702EUXDU Odyssey G7 G70D PC Monitor 27"" 4K UHD IPS LED, Black",Monitor,monitor,computing-office-and-stationery/monitors-and-displays/monitors,"Computing, Office & Stationery",Monitors & Displays,Monitors
MT-24G42E,,"AOC 24G42E 24"" Gaming Monitor FHD Fast IPS 1ms 180Hz",Monitor,monitor,computing-office-and-stationery/monitors-and-displays/monitors,"Computing, Office & Stationery",Monitors & Displays,Monitors
MT-27B31H,,"AOC 27B31H Computer Monitor 27"" FHD Flat 120 Hz 4ms",Monitor,monitor,computing-office-and-stationery/monitors-and-displays/monitors,"Computing, Office & Stationery",Monitors & Displays,Monitors
MT-27G4HRE,AOC,"AOC Gaming 27G4HRE - 27 Inch Full HD Monitor, 200 Hz, 1 ms, G-Sync, HDR10 (1920 x 1080, 2 x HDMI 2.0, DisplayPort 1.4) Black-Red",Monitor,monitor,computing-office-and-stationery/monitors-and-displays/monitors,"Computing, Office & Stationery",Monitors & Displays,Monitors
ATH-A4-PAPER,,A4 Brilliant Printing Paper x500,Copy Paper,copy-paper,computing-office-and-stationery/office-paper-and-stationery/copy-and-printing-paper,"Computing, Office & Stationery",Office Paper & Stationery,Copy & Printing Paper
CW-NAVIGATOR80GA3-R,,Navigator A3 Copy Paper 80g x500,Copy Paper,copy-paper,computing-office-and-stationery/office-paper-and-stationery/copy-and-printing-paper,"Computing, Office & Stationery",Office Paper & Stationery,Copy & Printing Paper
IT41404,,A4 Printing Paper x500,Copy Paper,copy-paper,computing-office-and-stationery/office-paper-and-stationery/copy-and-printing-paper,"Computing, Office & Stationery",Office Paper & Stationery,Copy & Printing Paper
TRA-A3M80,,"A3 Printing Copy Paper Multioffice 80gr x500, White",Copy Paper,copy-paper,computing-office-and-stationery/office-paper-and-stationery/copy-and-printing-paper,"Computing, Office & Stationery",Office Paper & Stationery,Copy & Printing Paper
A4-Folder-Hard-BLK,,"A4 Folder Hardcover, Black",Folder,folder,computing-office-and-stationery/office-paper-and-stationery/folders-and-filing,"Computing, Office & Stationery",Office Paper & Stationery,Folders & Filing
A4-Folder-Hard-YEL,,"A4 Folder Hardcover, Yellow",Folder,folder,computing-office-and-stationery/office-paper-and-stationery/folders-and-filing,"Computing, Office & Stationery",Office Paper & Stationery,Folders & Filing
AMZ-DE-B07KB4WBPC,,"Ferlabel 8 Character Labeling Machine + 4 Rolls of 1,500 Labels Per Roll (26 x 12 Size)",Labelling & Stickers,labelling-and-stickers,computing-office-and-stationery/office-paper-and-stationery/labelling-and-stickers,"Computing, Office & Stationery",Office Paper & Stationery,Labelling & Stickers
COMPU-COPYROLL-9600-SINGLE,,Plotter Roll 610mm X 50mm 60G,Thermal & Plotter Roll,thermal-and-plotter-roll,computing-office-and-stationery/office-paper-and-stationery/thermal-plotter-and-label-rolls,"Computing, Office & Stationery",Office Paper & Stationery,"Thermal, Plotter & Label Rolls"
CP-PAPER-ROLL-80X63-44M,,Paper Rolls Thermal 80x63 44m,Thermal & Plotter Roll,thermal-and-plotter-roll,computing-office-and-stationery/office-paper-and-stationery/thermal-plotter-and-label-rolls,"Computing, Office & Stationery",Office Paper & Stationery,"Thermal, Plotter & Label Rolls"
4P-KX-FA55A,Panasonic,Panasonic KX-FA55A Ink Film 2-Roll Value Pack,Ink Cartridge,ink-cartridge,computing-office-and-stationery/printing-and-imaging/ink-cartridges,"Computing, Office & Stationery",Printing & Imaging,Ink Cartridges
CL-541XL,Canon,"Canon CL-541XL Genuine High Yield Inkjet Cartridge, Colour",Ink Cartridge,ink-cartridge,computing-office-and-stationery/printing-and-imaging/ink-cartridges,"Computing, Office & Stationery",Printing & Imaging,Ink Cartridges
COMPU-EPSON103B,,"Ink Bottle EPSON 103 EcoTank C13T00S14A, Black",Ink Cartridge,ink-cartridge,computing-office-and-stationery/printing-and-imaging/ink-cartridges,"Computing, Office & Stationery",Printing & Imaging,Ink Cartridges
COMPU-PG540XL,,"Canon PG-540XL Genuine High Yield Inkjet Cartridge, Black",Ink Cartridge,ink-cartridge,computing-office-and-stationery/printing-and-imaging/ink-cartridges,"Computing, Office & Stationery",Printing & Imaging,Ink Cartridges
MT-6C3Z1NE,,HP 924 CMYK Original Ink Cartridge Combo 4-Pack,Ink Cartridge,ink-cartridge,computing-office-and-stationery/printing-and-imaging/ink-cartridges,"Computing, Office & Stationery",Printing & Imaging,Ink Cartridges
SB-LC3213VALBP,,Brother LC3213VALBP VALUE PACK 400P (MFC-J890-895/DCPJ-774-772),Ink Cartridge,ink-cartridge,computing-office-and-stationery/printing-and-imaging/ink-cartridges,"Computing, Office & Stationery",Printing & Imaging,Ink Cartridges
SB-LC3259XLBKP,,Brother LC3219XL BK Black Ink Cartridge,Ink Cartridge,ink-cartridge,computing-office-and-stationery/printing-and-imaging/ink-cartridges,"Computing, Office & Stationery",Printing & Imaging,Ink Cartridges
SB-LC3259XLCP,,Brother LC3259XL Cyan Ink Cartridge,Ink Cartridge,ink-cartridge,computing-office-and-stationery/printing-and-imaging/ink-cartridges,"Computing, Office & Stationery",Printing & Imaging,Ink Cartridges
SB-LC3259XLMP,,Brother LC3259XL Magenta Ink Cartridge,Ink Cartridge,ink-cartridge,computing-office-and-stationery/printing-and-imaging/ink-cartridges,"Computing, Office & Stationery",Printing & Imaging,Ink Cartridges
MUT-C13T671400,Epson,Epson Maintenance Box for WF-C869RDTWFC/ C879R,Printer Consumable,printer-consumable,computing-office-and-stationery/printing-and-imaging/printer-maintenance-and-consumables,"Computing, Office & Stationery",Printing & Imaging,Printer Maintenance & Consumables
MT-0515C106AA,,"Canon PIXMA MG3650S Series - All-in-One Printers, Copier & Scanner for Home Use | Wireless Smartphone Connectivity | Canon Printer Home Printers",Printer,printer,computing-office-and-stationery/printing-and-imaging/printers-and-multifunction-devices,"Computing, Office & Stationery",Printing & Imaging,Printers & Multifunction Devices
MT-6GW99F,,HP LaserJet MFP M234dw A4 Mono Multifunction Laser Printer,Printer,printer,computing-office-and-stationery/printing-and-imaging/printers-and-multifunction-devices,"Computing, Office & Stationery",Printing & Imaging,Printers & Multifunction Devices
MT-C11CE05403,,Epson WorkForce WF-100W Inkjet Printer Colour 5760x1440 DPI A4 Wi-Fi,Printer,printer,computing-office-and-stationery/printing-and-imaging/printers-and-multifunction-devices,"Computing, Office & Stationery",Printing & Imaging,Printers & Multifunction Devices
MT-C11CH71402,,EcoTank L15160 A3+ Multifunction Wi-Fi Ink Tank Printer with Fax,Printer,printer,computing-office-and-stationery/printing-and-imaging/printers-and-multifunction-devices,"Computing, Office & Stationery",Printing & Imaging,Printers & Multifunction Devices
MT-C11CJ63414,,"Epson Ecotank L4266 C11CJ63414 All-in-One Printer, White",Printer,printer,computing-office-and-stationery/printing-and-imaging/printers-and-multifunction-devices,"Computing, Office & Stationery",Printing & Imaging,Printers & Multifunction Devices
COMPU-CF226XC,,"HP 26A Black Compatible LaserJet Toner Cartridge, CF226X",Toner Cartridge,toner-cartridge,computing-office-and-stationery/printing-and-imaging/toner-cartridges,"Computing, Office & Stationery",Printing & Imaging,Toner Cartridges
COMPU-CF230XC,,"HP CF230X Compatible XL Toner, Black",Toner Cartridge,toner-cartridge,computing-office-and-stationery/printing-and-imaging/toner-cartridges,"Computing, Office & Stationery",Printing & Imaging,Toner Cartridges
COMPU-W1350X,,"HP W1350X 135X Compatible Toner, Black (2400 pages)",Toner Cartridge,toner-cartridge,computing-office-and-stationery/printing-and-imaging/toner-cartridges,"Computing, Office & Stationery",Printing & Imaging,Toner Cartridges
COMPU-W2210XC,HP,"HP W2210A 207X Compatible LaserJet Toner Cartridge, Black",Toner Cartridge,toner-cartridge,computing-office-and-stationery/printing-and-imaging/toner-cartridges,"Computing, Office & Stationery",Printing & Imaging,Toner Cartridges
COMPU-W2211A,HP,"HP 207A LaserJet Toner Original Cartridge, Cyan",Toner Cartridge,toner-cartridge,computing-office-and-stationery/printing-and-imaging/toner-cartridges,"Computing, Office & Stationery",Printing & Imaging,Toner Cartridges
COMPU-W2213A,HP,"HP 207A LaserJet Original Toner Cartridge, Magenta",Toner Cartridge,toner-cartridge,computing-office-and-stationery/printing-and-imaging/toner-cartridges,"Computing, Office & Stationery",Printing & Imaging,Toner Cartridges
LAG-611414,Victorinox,"Victorinox Vx Sport EVO, Compact Backpack Scarlet Sage/Red",Backpack,backpack,fashion-and-accessories/bags-and-luggage/backpacks,Fashion & Accessories,Bags & Luggage,Backpacks
LAG-611418,Victorinox,"Victorinox Vx Sport EVO, Deluxe Backpack, Deep Lake Blue",Backpack,backpack,fashion-and-accessories/bags-and-luggage/backpacks,Fashion & Accessories,Bags & Luggage,Backpacks
LAG-611419,Victorinox,"Victorinox Vx Sport EVO, Deluxe Backpack, Black",Backpack,backpack,fashion-and-accessories/bags-and-luggage/backpacks,Fashion & Accessories,Bags & Luggage,Backpacks
LAG-4090001819,Porsche Design,Porsche Design Roaster 3.0 Briefcase,Briefcase,briefcase,fashion-and-accessories/bags-and-luggage/briefcases-and-business-bags,Fashion & Accessories,Bags & Luggage,Briefcases & Business Bags
LAG-602840,Victorinox,Victorinox Architecture Urban Lomard Bad,Briefcase,briefcase,fashion-and-accessories/bags-and-luggage/briefcases-and-business-bags,Fashion & Accessories,Bags & Luggage,Briefcases & Business Bags
LAG-ONY01500.001,Porsche Design,Porsche Design Roaster Briefcase S,Briefcase,briefcase,fashion-and-accessories/bags-and-luggage/briefcases-and-business-bags,Fashion & Accessories,Bags & Luggage,Briefcases & Business Bags
LAG-605590,Victorinox,"Victoriox Werks Traveler 6.0 Toiletry Kit, Black",Travel Bag,travel-bag,fashion-and-accessories/bags-and-luggage/travel-and-weekend-bags,Fashion & Accessories,Bags & Luggage,Travel & Weekend Bags
LAG-ORI05501.001,Porsche Design,"Porsche Design Roadster Expandable Bag- 21""",Travel Bag,travel-bag,fashion-and-accessories/bags-and-luggage/travel-and-weekend-bags,Fashion & Accessories,Bags & Luggage,Travel & Weekend Bags
LAG-4.3302,Victorinox,"Victorinox Multi-Tool Oil, 10 ml",Knife Care Product,knife-care-product,fashion-and-accessories/knives-and-multi-tools/knife-care-and-accessories,Fashion & Accessories,Knives & Multi-Tools,Knife Care & Accessories
LAG-25-12,Muela,Muela PRO Hunter Hunting Fishing Knife,Outdoor Knife,outdoor-knife,fashion-and-accessories/knives-and-multi-tools/outdoor-and-hunting-knives,Fashion & Accessories,Knives & Multi-Tools,Outdoor & Hunting Knives
LAG-4.0505.L,Victorinox,Victorinox Lether Belt Pouch,Sheath & Pouch,sheath-and-pouch,fashion-and-accessories/knives-and-multi-tools/sheaths-pouches-and-chains,Fashion & Accessories,Knives & Multi-Tools,"Sheaths, Pouches & Chains"
LAG-4.0520.1,Victorinox,"Synthetic Leather Pouch, Red",Sheath & Pouch,sheath-and-pouch,fashion-and-accessories/knives-and-multi-tools/sheaths-pouches-and-chains,Fashion & Accessories,Knives & Multi-Tools,"Sheaths, Pouches & Chains"
LAG-4.0547,Victorinox,Victorinox Nylon Belt Pouch 35mm Height 125mm Lenght,Sheath & Pouch,sheath-and-pouch,fashion-and-accessories/knives-and-multi-tools/sheaths-pouches-and-chains,Fashion & Accessories,Knives & Multi-Tools,"Sheaths, Pouches & Chains"
LAG-4.0547.3,Victorinox,Victorinox Nylon Belt Pouch 35mm Height 125mm Lenght,Sheath & Pouch,sheath-and-pouch,fashion-and-accessories/knives-and-multi-tools/sheaths-pouches-and-chains,Fashion & Accessories,Knives & Multi-Tools,"Sheaths, Pouches & Chains"
LAG-4.0548,Victorinox,Victorinox Pouch Brown Leather 40 Height - 130 Lenght mm,Sheath & Pouch,sheath-and-pouch,fashion-and-accessories/knives-and-multi-tools/sheaths-pouches-and-chains,Fashion & Accessories,Knives & Multi-Tools,"Sheaths, Pouches & Chains"
LAG-4.0548.3,Victorinox,Victorinox Belt Pouch Nylon 124mm Black,Sheath & Pouch,sheath-and-pouch,fashion-and-accessories/knives-and-multi-tools/sheaths-pouches-and-chains,Fashion & Accessories,Knives & Multi-Tools,"Sheaths, Pouches & Chains"
LAG-4.0822.4,Victorinox,Victorinox Nylon Belt Pouch - H32mm L121mm,Sheath & Pouch,sheath-and-pouch,fashion-and-accessories/knives-and-multi-tools/sheaths-pouches-and-chains,Fashion & Accessories,Knives & Multi-Tools,"Sheaths, Pouches & Chains"
LAG-4.0838.4,Victorinox,"Victorinox Nylon Belt Pouch, Olive",Sheath & Pouch,sheath-and-pouch,fashion-and-accessories/knives-and-multi-tools/sheaths-pouches-and-chains,Fashion & Accessories,Knives & Multi-Tools,"Sheaths, Pouches & Chains"
LAG-4.1814,Victorinox,"Victorniox Metal Chain, 2 Snap Hooks, 38 Cm",Sheath & Pouch,sheath-and-pouch,fashion-and-accessories/knives-and-multi-tools/sheaths-pouches-and-chains,Fashion & Accessories,Knives & Multi-Tools,"Sheaths, Pouches & Chains"
LAG-4.1815,Victorinox,"Victorinox Metal Chain, 2 Snap Hooks, 40 Cm",Sheath & Pouch,sheath-and-pouch,fashion-and-accessories/knives-and-multi-tools/sheaths-pouches-and-chains,Fashion & Accessories,Knives & Multi-Tools,"Sheaths, Pouches & Chains"
LAG-4.1879,Victorinox,Victorinox Neck Strap With Sap-Hook,Sheath & Pouch,sheath-and-pouch,fashion-and-accessories/knives-and-multi-tools/sheaths-pouches-and-chains,Fashion & Accessories,Knives & Multi-Tools,"Sheaths, Pouches & Chains"
LAG-0.1897.J22,Victorinox,Victorinox 1897 Replica Limited Edition Army Knife,Pocket Knife,pocket-knife,fashion-and-accessories/knives-and-multi-tools/swiss-army-and-pocket-knives,Fashion & Accessories,Knives & Multi-Tools,Swiss Army & Pocket Knives
LAG-0.2303,Victorinox,Victorinox Swiss Army Knife Bantam - 84mm,Pocket Knife,pocket-knife,fashion-and-accessories/knives-and-multi-tools/swiss-army-and-pocket-knives,Fashion & Accessories,Knives & Multi-Tools,Swiss Army & Pocket Knives
LAG-0.8271.26,Victorinox,"Victorinox Farmer X Alox, 93mm, silver Pocket Knife",Pocket Knife,pocket-knife,fashion-and-accessories/knives-and-multi-tools/swiss-army-and-pocket-knives,Fashion & Accessories,Knives & Multi-Tools,Swiss Army & Pocket Knives
LAG-0.8461.MWC941,Victorinox,"Victorinox Swiss Army Knife, 111mm, Trailmaster Desert Camouflage",Pocket Knife,pocket-knife,fashion-and-accessories/knives-and-multi-tools/swiss-army-and-pocket-knives,Fashion & Accessories,Knives & Multi-Tools,Swiss Army & Pocket Knives
LAG-0.8503.2MW,Victorinox,Victorinox Swiss Army Knife 111mm Skipper Pro,Pocket Knife,pocket-knife,fashion-and-accessories/knives-and-multi-tools/swiss-army-and-pocket-knives,Fashion & Accessories,Knives & Multi-Tools,Swiss Army & Pocket Knives
LAG-0.9415.L24,Victorinox,"Victorinox Swiss Army Knife Alox Limited Edition 2024, Terra Brown",Pocket Knife,pocket-knife,fashion-and-accessories/knives-and-multi-tools/swiss-army-and-pocket-knives,Fashion & Accessories,Knives & Multi-Tools,Swiss Army & Pocket Knives
LAG-1.4713,Victorinox,Victorinox Swiss Army Knife - 91mm - Fieldmaster,Pocket Knife,pocket-knife,fashion-and-accessories/knives-and-multi-tools/swiss-army-and-pocket-knives,Fashion & Accessories,Knives & Multi-Tools,Swiss Army & Pocket Knives
LAG-LC100CLBR,Colibri,Colibri Leather Case for Lighter Or Cutter (Brown-Large),Smoking Case,smoking-case,fashion-and-accessories/smoking-accessories/cases-and-holsters,Fashion & Accessories,Smoking Accessories,Cases & Holsters
LAG-LC100CLRD,Colibri,"Colibri LC100CLRD Leather Holster Large Wallet, Red",Smoking Case,smoking-case,fashion-and-accessories/smoking-accessories/cases-and-holsters,Fashion & Accessories,Smoking Accessories,Cases & Holsters
IT65509,EQUATOR,EQUATOR CH 32 Humidifier & Cigar Preserver,Humidor,humidor,fashion-and-accessories/smoking-accessories/cigar-cutters-and-humidors,Fashion & Accessories,Smoking Accessories,Cigar Cutters & Humidors
LAG-CU300T23,Colibri,Colibri Cutter V-Cut Blue Carbon Fiber Print,Cigar Cutter & Humidor,cigar-cutter-and-humidor,fashion-and-accessories/smoking-accessories/cigar-cutters-and-humidors,Fashion & Accessories,Smoking Accessories,Cigar Cutters & Humidors
LAG-HU500T1,Colibri,Colibri HU500T1 Humidor Heritage - Black,Cigar Cutter & Humidor,cigar-cutter-and-humidor,fashion-and-accessories/smoking-accessories/cigar-cutters-and-humidors,Fashion & Accessories,Smoking Accessories,Cigar Cutters & Humidors
LAG-LI221C2,Colibri,Colibri Lighter Julius Black + Chrome,Lighter,lighter,fashion-and-accessories/smoking-accessories/lighters,Fashion & Accessories,Smoking Accessories,Lighters
LAG-P3631.03,Porsche Design,"Porsche Design Lighter P3631 Double jet with Cutter, Silver",Lighter,lighter,fashion-and-accessories/smoking-accessories/lighters,Fashion & Accessories,Smoking Accessories,Lighters
POT-CK1133S-266-59-12,Calvin Klein,"Calvin Klein CK1133S Aviators Sunglasses,Dark Red Translucent",Sunglasses,sunglasses,fashion-and-accessories/sunglasses/aviator-and-pilot-sunglasses,Fashion & Accessories,Sunglasses,Aviator & Pilot Sunglasses
POT-CK2133S-096-62-11,Calvin Klein,"Calvin Klein  CK2133S  Rimless Square Shield / Navigator Sunglasses,Silver Metal",Sunglasses,sunglasses,fashion-and-accessories/sunglasses/aviator-and-pilot-sunglasses,Fashion & Accessories,Sunglasses,Aviator & Pilot Sunglasses
POT-CK3062S-004-63-11,Calvin Klein,"Calvin Klein CK3062S Aviator Sunglasses,Tortoiseshell",Sunglasses,sunglasses,fashion-and-accessories/sunglasses/aviator-and-pilot-sunglasses,Fashion & Accessories,Sunglasses,Aviator & Pilot Sunglasses
POT-EP105S-62-12-130,Emillio Pucci,"Emilio Pucci EP105S Pilot Sunglasses,Turquoise",Sunglasses,sunglasses,fashion-and-accessories/sunglasses/aviator-and-pilot-sunglasses,Fashion & Accessories,Sunglasses,Aviator & Pilot Sunglasses
POT-L644S-214,Lacoste,"Lacoste L644S Vintage Pilot, Brown Tortoiseshell",Sunglasses,sunglasses,fashion-and-accessories/sunglasses/aviator-and-pilot-sunglasses,Fashion & Accessories,Sunglasses,Aviator & Pilot Sunglasses
POT-M2438S-033,Michael Kors,Michael Kors M2438S-033 Aviator Shape/Black-Cream,Sunglasses,sunglasses,fashion-and-accessories/sunglasses/aviator-and-pilot-sunglasses,Fashion & Accessories,Sunglasses,Aviator & Pilot Sunglasses
POT-M2808S-612,Karl Lagerfeld,"Michael Kors M2808S Pilot Sunglasses,Red",Sunglasses,sunglasses,fashion-and-accessories/sunglasses/aviator-and-pilot-sunglasses,Fashion & Accessories,Sunglasses,Aviator & Pilot Sunglasses
POT-MKS638-001,Michael Kors,"Michael Kors MKS638 Pilot Sunglasses,Black",Sunglasses,sunglasses,fashion-and-accessories/sunglasses/aviator-and-pilot-sunglasses,Fashion & Accessories,Sunglasses,Aviator & Pilot Sunglasses
POT-CK4075S-297-125,Calvin Klein,"Calvin Klein CK4075S Oversized / Round Oval Sunglasses,White-Black",Sunglasses,sunglasses,fashion-and-accessories/sunglasses/oversized-and-geometric-sunglasses,Fashion & Accessories,Sunglasses,Oversized & Geometric Sunglasses
POT-CK978S-067,Calvin Klein,"Calvin Klein CK978S Square / Oversized Butterfly Sunglasses,Dark Brown Tortoiseshell",Sunglasses,sunglasses,fashion-and-accessories/sunglasses/oversized-and-geometric-sunglasses,Fashion & Accessories,Sunglasses,Oversized & Geometric Sunglasses
POT-EP638S-58-18-109-135,Emillio Pucci,"Emilio Pucci EP638S Oval / Oversized Sunglasses,White",Sunglasses,sunglasses,fashion-and-accessories/sunglasses/oversized-and-geometric-sunglasses,Fashion & Accessories,Sunglasses,Oversized & Geometric Sunglasses
POT-EP690S-58-16-004-135,Emillio Pucci,"Emilio Pucci EP690S Square / Oversized Sunglasses,Black",Sunglasses,sunglasses,fashion-and-accessories/sunglasses/oversized-and-geometric-sunglasses,Fashion & Accessories,Sunglasses,Oversized & Geometric Sunglasses
POT-EP690S-58-16-216-135,Emillio Pucci,"Emilio Pucci EP690S Square / Oversized Sunglasses,Orange",Sunglasses,sunglasses,fashion-and-accessories/sunglasses/oversized-and-geometric-sunglasses,Fashion & Accessories,Sunglasses,Oversized & Geometric Sunglasses
POT-FS464-61-17-007-135,Fendi,"Fendi FS464 Square / Oversized Shield Sunglasses,Black / Silver / Metallic Mosaic Print",Sunglasses,sunglasses,fashion-and-accessories/sunglasses/oversized-and-geometric-sunglasses,Fashion & Accessories,Sunglasses,Oversized & Geometric Sunglasses
POT-FS464-61-17-272-135,Fendi,"Fendi FS464 Square / Oversized / Shield Sunglasses,Amber",Sunglasses,sunglasses,fashion-and-accessories/sunglasses/oversized-and-geometric-sunglasses,Fashion & Accessories,Sunglasses,Oversized & Geometric Sunglasses
POT-FS472M-001-125,Fendi,"Fendi FS472M Oversized Oval Sunglasses, Black",Sunglasses,sunglasses,fashion-and-accessories/sunglasses/oversized-and-geometric-sunglasses,Fashion & Accessories,Sunglasses,Oversized & Geometric Sunglasses
POT-FS5124-520-130,Fendi,"Fendi FS5124 Oversized Square / Hexagonal Sunglasses,Purple & Brown",Sunglasses,sunglasses,fashion-and-accessories/sunglasses/oversized-and-geometric-sunglasses,Fashion & Accessories,Sunglasses,Oversized & Geometric Sunglasses
POT-FS5340-799-130,Fendi,"Fendi FS5340 Geometric, Yellow & Green",Sunglasses,sunglasses,fashion-and-accessories/sunglasses/oversized-and-geometric-sunglasses,Fashion & Accessories,Sunglasses,Oversized & Geometric Sunglasses
POT-CK4076S-292,Calvin Klein,"Calvin Klein CK4076S Rectabgular Sunglasses,Blue",Sunglasses,sunglasses,fashion-and-accessories/sunglasses/rectangle-and-square-sunglasses,Fashion & Accessories,Sunglasses,Rectangle & Square Sunglasses
POT-CK839S-119,Calvin Klein,"Calvin Klein CK839S Rectangle Sunglasses, Cream",Sunglasses,sunglasses,fashion-and-accessories/sunglasses/rectangle-and-square-sunglasses,Fashion & Accessories,Sunglasses,Rectangle & Square Sunglasses
POT-CK977S-017,Calvin Klein,"Calvin Klein CK977S Rectangle Sunglasses,Dark Red",Sunglasses,sunglasses,fashion-and-accessories/sunglasses/rectangle-and-square-sunglasses,Fashion & Accessories,Sunglasses,Rectangle & Square Sunglasses
POT-CK977S-067,Calvin Klein,"Calvin Klein CK977S Rectangle Sunglasses, Dark Tortoise Shell",Sunglasses,sunglasses,fashion-and-accessories/sunglasses/rectangle-and-square-sunglasses,Fashion & Accessories,Sunglasses,Rectangle & Square Sunglasses
POT-CK981S-190,Calvin Klein,"Calvin Klein 981S Rectangle Sunglasses,TortoiseShell",Sunglasses,sunglasses,fashion-and-accessories/sunglasses/rectangle-and-square-sunglasses,Fashion & Accessories,Sunglasses,Rectangle & Square Sunglasses
POT-EV0653-301-107,Nike,"Nike EV0653  Square Sunglasses ,Turquoise",Sunglasses,sunglasses,fashion-and-accessories/sunglasses/rectangle-and-square-sunglasses,Fashion & Accessories,Sunglasses,Rectangle & Square Sunglasses
POT-EV0653-502-109,Nike,"Nike EV0653 Square Sunglasses,Royal Blue",Sunglasses,sunglasses,fashion-and-accessories/sunglasses/rectangle-and-square-sunglasses,Fashion & Accessories,Sunglasses,Rectangle & Square Sunglasses
POT-FS471M-215-135,Fendi,"Fendi FS471M Rectangle Sunglasses,Dark Tortoise Shell",Sunglasses,sunglasses,fashion-and-accessories/sunglasses/rectangle-and-square-sunglasses,Fashion & Accessories,Sunglasses,Rectangle & Square Sunglasses
POT-KL605S-016-125,Karl Lagerfeld,"Karl Lagerfeld KL605S Rectangle Sunglasses,Brown Tortoise",Sunglasses,sunglasses,fashion-and-accessories/sunglasses/rectangle-and-square-sunglasses,Fashion & Accessories,Sunglasses,Rectangle & Square Sunglasses
POT-KL628S-017,Karl Lagerfeld,"Karl Lagerfeld KL628S Soft Square, Tortoise Shell",Sunglasses,sunglasses,fashion-and-accessories/sunglasses/rectangle-and-square-sunglasses,Fashion & Accessories,Sunglasses,Rectangle & Square Sunglasses
POT-M2695S-017,Michael Kors,"Michael Kors M2695S Rectangle Sunglasses,Black",Sunglasses,sunglasses,fashion-and-accessories/sunglasses/rectangle-and-square-sunglasses,Fashion & Accessories,Sunglasses,Rectangle & Square Sunglasses
POT-CK3059S-283,Calvin Klein,"Calvin Klein 3059S Slightly Rounded Sunglassses,Glossy Red",Sunglasses,sunglasses,fashion-and-accessories/sunglasses/round-and-oval-sunglasses,Fashion & Accessories,Sunglasses,Round & Oval Sunglasses
POT-CK4076S-295,Calvin Klein,"Calvin Klein CK4076S Soft Oval Sunglasses,Marble Grey",Sunglasses,sunglasses,fashion-and-accessories/sunglasses/round-and-oval-sunglasses,Fashion & Accessories,Sunglasses,Round & Oval Sunglasses
POT-CK983S-042,Calvin Klein,"Calvin Klein CK983S Rectangle / Oval Sunglasses,Beige",Sunglasses,sunglasses,fashion-and-accessories/sunglasses/round-and-oval-sunglasses,Fashion & Accessories,Sunglasses,Round & Oval Sunglasses
POT-EP600S-757-58-16-130,Emillio Pucci,"Emilio Pucci EP600S  Rectangle/Soft Oval Sunglasses,Gold",Sunglasses,sunglasses,fashion-and-accessories/sunglasses/round-and-oval-sunglasses,Fashion & Accessories,Sunglasses,Round & Oval Sunglasses
POT-EP605S-62-16-681-125,Emillio Pucci,"Emilio Pucci EP605S  Round Sunglasses, Pastel Peach",Sunglasses,sunglasses,fashion-and-accessories/sunglasses/round-and-oval-sunglasses,Fashion & Accessories,Sunglasses,Round & Oval Sunglasses
POT-JS609S-001-125,Jil Sander,"Jil Sander JS609S Oval Sunglasses,Black",Sunglasses,sunglasses,fashion-and-accessories/sunglasses/round-and-oval-sunglasses,Fashion & Accessories,Sunglasses,Round & Oval Sunglasses
POT-KL632S-004,Karl Lagerfeld,"Karl Lagerfeld KL632S Oval Sunglasses,Black",Sunglasses,sunglasses,fashion-and-accessories/sunglasses/round-and-oval-sunglasses,Fashion & Accessories,Sunglasses,Round & Oval Sunglasses
POT-CK2079S-62-11,Calvin Klein,"Calvin Klein CK2079S   Shield Sunglasses, Black",Sunglasses,sunglasses,fashion-and-accessories/sunglasses/shield-and-wrap-sunglasses,Fashion & Accessories,Sunglasses,Shield & Wrap Sunglasses
POT-CK3052S-271-61-14,Calvin Klein,"Calvin Klein CK3052S Wrap-Around Sunglasses, Light Champagne",Sunglasses,sunglasses,fashion-and-accessories/sunglasses/shield-and-wrap-sunglasses,Fashion & Accessories,Sunglasses,Shield & Wrap Sunglasses
POT-CK3062S-000-63-11,Calvin Klein,"Calvin Klein CK3062S Shield  Sunglasses, Crystal-Clear Translucent",Sunglasses,sunglasses,fashion-and-accessories/sunglasses/shield-and-wrap-sunglasses,Fashion & Accessories,Sunglasses,Shield & Wrap Sunglasses
POT-CK7706S-055,Calvin Klein,"Calvin Klein CK7706S Wrap Sunglasses, Green / Grey Tortoise",Sunglasses,sunglasses,fashion-and-accessories/sunglasses/shield-and-wrap-sunglasses,Fashion & Accessories,Sunglasses,Shield & Wrap Sunglasses
POT-CK920S-599,Calvin Klein,"Calvin Klein CK920S Shield / Wrap Sunglasses,Black",Sunglasses,sunglasses,fashion-and-accessories/sunglasses/shield-and-wrap-sunglasses,Fashion & Accessories,Sunglasses,Shield & Wrap Sunglasses
POT-CK926S-598,Calvin Klein,"Calvin Klein CK926S Shield Sunglasses,Brown Smoke Tortoiseshell",Sunglasses,sunglasses,fashion-and-accessories/sunglasses/shield-and-wrap-sunglasses,Fashion & Accessories,Sunglasses,Shield & Wrap Sunglasses
POT-EP500SR-70-20-425-125,Emillio Pucci,"Emilio Pucci EP500SR Shield Sunglasses,Petrol Blue",Sunglasses,sunglasses,fashion-and-accessories/sunglasses/shield-and-wrap-sunglasses,Fashion & Accessories,Sunglasses,Shield & Wrap Sunglasses
POT-FS299-035-59-18-130,Fendi,"Fendi FS299 Wrap / Shield / Oval Sunglasses,Grey",Sunglasses,sunglasses,fashion-and-accessories/sunglasses/shield-and-wrap-sunglasses,Fashion & Accessories,Sunglasses,Shield & Wrap Sunglasses
POT-FS446-216-57-17-130,Fendi,"Fendi FS446 Square Wrap Sunglasses,Tortoiseshell Brown",Sunglasses,sunglasses,fashion-and-accessories/sunglasses/shield-and-wrap-sunglasses,Fashion & Accessories,Sunglasses,Shield & Wrap Sunglasses
POT-FS465-62-13-210,Fendi,"Fendi FS465 Shield/Wrap-Around Sunglasses, Tortoiseshell",Sunglasses,sunglasses,fashion-and-accessories/sunglasses/shield-and-wrap-sunglasses,Fashion & Accessories,Sunglasses,Shield & Wrap Sunglasses
POT-FS5008-56-16-280-130,Fendi,"Fendi FS5008  Square Wrap Sunglasses,White",Sunglasses,sunglasses,fashion-and-accessories/sunglasses/shield-and-wrap-sunglasses,Fashion & Accessories,Sunglasses,Shield & Wrap Sunglasses
POT-KL108S-509-76-20-125,Karl Lagerfeld,"Karl Lagerfeld KL108S Shield Sunglasses,Dark Purple / Pink Accents",Sunglasses,sunglasses,fashion-and-accessories/sunglasses/shield-and-wrap-sunglasses,Fashion & Accessories,Sunglasses,Shield & Wrap Sunglasses
LAG-4090002188,Porsche Design,Porsche Design Card Holder H8,Card Holder,card-holder,fashion-and-accessories/wallets-and-small-leather-goods/card-holders,Fashion & Accessories,Wallets & Small Leather Goods,Card Holders
LAG-30164101,Victorinox,Victorinox Altius 3.0 Grenoble Leather Vertical Bi-Fold Wallet,Wallet,wallet,fashion-and-accessories/wallets-and-small-leather-goods/wallets,Fashion & Accessories,Wallets & Small Leather Goods,Wallets
LAG-605337,Victorinox,Victorinox Altius Edge Wallet Gardano Dark Earth,Wallet,wallet,fashion-and-accessories/wallets-and-small-leather-goods/wallets,Fashion & Accessories,Wallets & Small Leather Goods,Wallets
LAG-OBE09902.001,Porsche Design,"Porsche Design Classic Wallet 4 Wide, Black",Wallet,wallet,fashion-and-accessories/wallets-and-small-leather-goods/wallets,Fashion & Accessories,Wallets & Small Leather Goods,Wallets
LAG-OBE09903.001,Porsche Design,Porsche OBE09903.001 Desing Classic Wallet 4,Wallet,wallet,fashion-and-accessories/wallets-and-small-leather-goods/wallets,Fashion & Accessories,Wallets & Small Leather Goods,Wallets
LAG-241682.1,Victorinox,Victorinox - Watch - 241682.1,Wristwatch,wristwatch,fashion-and-accessories/watches/wristwatches,Fashion & Accessories,Watches,Wristwatches
LAG-241758,Victorinox,"Victorinox I.N.O.X Titanium Grey Dial Watch, Orange Rubber Strap",Wristwatch,wristwatch,fashion-and-accessories/watches/wristwatches,Fashion & Accessories,Watches,Wristwatches
MPM-2FCSP064,,Swatch Kids Watch,Wristwatch,wristwatch,fashion-and-accessories/watches/wristwatches,Fashion & Accessories,Watches,Wristwatches
CED-MD-AG2ECO-12NXD0-I,Midea,Midea Xtreme Save Indoor Unit 12000 BTU A/C Inverter R32,Air Conditioner,air-conditioner,home-appliances/climate-and-air-treatment/air-conditioners,Home Appliances,Climate & Air Treatment,Air Conditioners
CED-MD-AG2ECO-12NXD0-O,Midea,Midea Xtreme Save Outdoor Unit 12000 BTU A/C Inverter R32,Air Conditioner,air-conditioner,home-appliances/climate-and-air-treatment/air-conditioners,Home Appliances,Climate & Air Treatment,Air Conditioners
CED-MD-AG2ECO-18NXD0-I,Midea,Midea Xtreme Save Indoor Unit 18000 BTU A/C Inverter R32,Air Conditioner,air-conditioner,home-appliances/climate-and-air-treatment/air-conditioners,Home Appliances,Climate & Air Treatment,Air Conditioners
CED-MD-AG2ECO-18NXD0-O,Midea,Midea Xtreme Save Outdoor Unit 18000 BTU A/C Inverter R32,Air Conditioner,air-conditioner,home-appliances/climate-and-air-treatment/air-conditioners,Home Appliances,Climate & Air Treatment,Air Conditioners
CED-MD-IN-EF-18RD1,Midea,Midea Air Condition Solunar Series EF-18RD1 18000BTU - INDOOR UNIT,Air Conditioner,air-conditioner,home-appliances/climate-and-air-treatment/air-conditioners,Home Appliances,Climate & Air Treatment,Air Conditioners
CED-MD-OUT-MX3-18RD1-EF-O,Midea,Midea Air Condition Solunar Series MX3-18RD1 18000BTU - OUTDOOR UNIT,Air Conditioner,air-conditioner,home-appliances/climate-and-air-treatment/air-conditioners,Home Appliances,Climate & Air Treatment,Air Conditioners
BE-LR210,Beurer,Beurer LR210 Air Purifier,Air Purifier,air-purifier,home-appliances/climate-and-air-treatment/air-purifiers,Home Appliances,Climate & Air Treatment,Air Purifiers
BE-LR220,Beurer,Beurer LR220 Air Purifier,Air Purifier,air-purifier,home-appliances/climate-and-air-treatment/air-purifiers,Home Appliances,Climate & Air Treatment,Air Purifiers
BE-LR310,Beurer,"Beurer LR310 Air Purifier, White",Air Purifier,air-purifier,home-appliances/climate-and-air-treatment/air-purifiers,Home Appliances,Climate & Air Treatment,Air Purifiers
IT42774,Delonghi,"Delonghi AC75 Air Purifier, White",Air Purifier,air-purifier,home-appliances/climate-and-air-treatment/air-purifiers,Home Appliances,Climate & Air Treatment,Air Purifiers
AMZ-DE-B0FYW8HDH5,Black & Decker,Black & Decker HEPA Filters with Sponge,Air Treatment Filter,air-treatment-filter,home-appliances/climate-and-air-treatment/air-treatment-filters-and-accessories,Home Appliances,Climate & Air Treatment,Air Treatment Filters & Accessories
BE-HM22,Beurer,"Beurer HM22 Thermo Hygrometer, White",Thermo Hygrometer,thermo-hygrometer,home-appliances/climate-and-air-treatment/air-treatment-filters-and-accessories,Home Appliances,Climate & Air Treatment,Air Treatment Filters & Accessories
BE-HM55,Beurer,"Beurer HM55 Bluetooth Thermo Hygrometer, Silver",Thermo Hygrometer,thermo-hygrometer,home-appliances/climate-and-air-treatment/air-treatment-filters-and-accessories,Home Appliances,Climate & Air Treatment,Air Treatment Filters & Accessories
BE-LR200/210Filter,Beurer,"Beurer 660.04 LR 200 Replacement Set with Pre Combination Filter (HEPA + Activated Carbon), White",Air Treatment Filter,air-treatment-filter,home-appliances/climate-and-air-treatment/air-treatment-filters-and-accessories,Home Appliances,Climate & Air Treatment,Air Treatment Filters & Accessories
BE-LR220-FILTER,Beurer,Beurer Replacement Filter For LR220,Air Treatment Filter,air-treatment-filter,home-appliances/climate-and-air-treatment/air-treatment-filters-and-accessories,Home Appliances,Climate & Air Treatment,Air Treatment Filters & Accessories
BE-LR300R,Beurer,Beurer LR300R Replacement Filter Set in Giftbox for LR300/310,Air Treatment Filter,air-treatment-filter,home-appliances/climate-and-air-treatment/air-treatment-filters-and-accessories,Home Appliances,Climate & Air Treatment,Air Treatment Filters & Accessories
BE-LR330-FILTER,Beurer,"Beurer LR 330 Replacement Kit with Pre-Filter and Combination Filter (EPA E10 Filter, Activated Carbon Filter)",Air Treatment Filter,air-treatment-filter,home-appliances/climate-and-air-treatment/air-treatment-filters-and-accessories,Home Appliances,Climate & Air Treatment,Air Treatment Filters & Accessories
BE-LR500-FILTER,Beurer,Beurer Replacement Filter For LR500,Air Treatment Filter,air-treatment-filter,home-appliances/climate-and-air-treatment/air-treatment-filters-and-accessories,Home Appliances,Climate & Air Treatment,Air Treatment Filters & Accessories
IT68281,MeacoDry Arete®,MeacoDry Arete H13 HEPA Filter for 20 & 25L Models (3-pack),Air Treatment Filter,air-treatment-filter,home-appliances/climate-and-air-treatment/air-treatment-filters-and-accessories,Home Appliances,Climate & Air Treatment,Air Treatment Filters & Accessories
IT68282,MeacoDry Arete®,MeacoDry Arete H13 HEPA Filter for 10 & 12L Models (3-pack),Air Treatment Filter,air-treatment-filter,home-appliances/climate-and-air-treatment/air-treatment-filters-and-accessories,Home Appliances,Climate & Air Treatment,Air Treatment Filters & Accessories
IT68283,MeacoDry Arete®,MeacoDry Arete H13 Charcoal Filter for 20 & 25L Models (3-pack),Air Treatment Filter,air-treatment-filter,home-appliances/climate-and-air-treatment/air-treatment-filters-and-accessories,Home Appliances,Climate & Air Treatment,Air Treatment Filters & Accessories
IT68284,MeacoDry Arete®,MeacoDry Arete H13 Charcoal Filter for 10 & 12L Models (3-pack),Air Treatment Filter,air-treatment-filter,home-appliances/climate-and-air-treatment/air-treatment-filters-and-accessories,Home Appliances,Climate & Air Treatment,Air Treatment Filters & Accessories
ΙΤ37071,Delonghi,Delonghi DLSA007 HEPA & Active Carbon Filter,Air Treatment Filter,air-treatment-filter,home-appliances/climate-and-air-treatment/air-treatment-filters-and-accessories,Home Appliances,Climate & Air Treatment,Air Treatment Filters & Accessories
HADJ-WOO-MDK13,Wood's,"Wood's MDK13 Dehumidifier 12L, White",Dehumidifier,dehumidifier,home-appliances/climate-and-air-treatment/dehumidifiers,Home Appliances,Climate & Air Treatment,Dehumidifiers
HADJ-WOO-MRD25GW,Wood's,Woods MRD25GW Dehumidifier (25L) Wi-Fi,Dehumidifier,dehumidifier,home-appliances/climate-and-air-treatment/dehumidifiers,Home Appliances,Climate & Air Treatment,Dehumidifiers
HADJ-WOO-WDD80,Wood's,Wood's WDD80 Dehumidifier - 10L,Dehumidifier,dehumidifier,home-appliances/climate-and-air-treatment/dehumidifiers,Home Appliances,Climate & Air Treatment,Dehumidifiers
IT45600,Delonghi,Delonghi DNS80 Dehumidifier with Ionizer & Zeolite 20 litres,Dehumidifier,dehumidifier,home-appliances/climate-and-air-treatment/dehumidifiers,Home Appliances,Climate & Air Treatment,Dehumidifiers
IT48352,Delonghi,Delonghi DDSX225 Tasciugo AriaDry Multi Dehumidifier,Dehumidifier,dehumidifier,home-appliances/climate-and-air-treatment/dehumidifiers,Home Appliances,Climate & Air Treatment,Dehumidifiers
IT64566,Delonghi,Delonghi DEX210SF Tasciugo AriaDry 10lt Portable Home Dehumidifier with 3-Action Filtration System,Dehumidifier,dehumidifier,home-appliances/climate-and-air-treatment/dehumidifiers,Home Appliances,Climate & Air Treatment,Dehumidifiers
IT68274,MeacoDry Arete®,"MeacoDry Arete® One 12L Dehumidifier and Air Purifier – Quiet Operation, Energy Efficient, with HEPA Filter",Dehumidifier,dehumidifier,home-appliances/climate-and-air-treatment/dehumidifiers,Home Appliances,Climate & Air Treatment,Dehumidifiers
IT68275,MeacoDry Arete®,"MeacoDry Arete® One 20L Dehumidifier and Air Purifier – Quiet, Energy-Efficient 2-in-1 Solution for Homes",Dehumidifier,dehumidifier,home-appliances/climate-and-air-treatment/dehumidifiers,Home Appliances,Climate & Air Treatment,Dehumidifiers
IT68276,MeacoDry Arete®,"MeacoDry Arete® One 25L Dehumidifier and Air Purifier – Quiet, Energy-Efficient 2-in-1 Solution for Large Homes",Dehumidifier,dehumidifier,home-appliances/climate-and-air-treatment/dehumidifiers,Home Appliances,Climate & Air Treatment,Dehumidifiers
IT68277,MeacoDry Arete®,MeacoDry Arete® Two 20L Dehumidifier and Air Purifier with HEPA Filter and W-Fi,Dehumidifier,dehumidifier,home-appliances/climate-and-air-treatment/dehumidifiers,Home Appliances,Climate & Air Treatment,Dehumidifiers
IT68278,MeacoDry Arete®,MeacoDry Arete® Two 25L Dehumidifier and Air Purifier with HEPA Filter and W-Fi,Dehumidifier,dehumidifier,home-appliances/climate-and-air-treatment/dehumidifiers,Home Appliances,Climate & Air Treatment,Dehumidifiers
IT68405,Delonghi,"Delonghi DEXD216RF Tasciugo AriaDry 16L Multi Dehumidifier with Laundry Mode, White",Dehumidifier,dehumidifier,home-appliances/climate-and-air-treatment/dehumidifiers,Home Appliances,Climate & Air Treatment,Dehumidifiers
IT67018,Crystal Air,Crystal Air DF-AF1312CC1 Air Cooler Fan 23lt,Fan & Air Cooler,fan-and-air-cooler,home-appliances/climate-and-air-treatment/fans-and-air-coolers,Home Appliances,Climate & Air Treatment,Fans & Air Coolers
OT-FS-20RC,OTTO,"OTTO Pedestal Fan 20'' with Remote Control, Black",Fan & Air Cooler,fan-and-air-cooler,home-appliances/climate-and-air-treatment/fans-and-air-coolers,Home Appliances,Climate & Air Treatment,Fans & Air Coolers
ROM-1A-45T-W/5M,,"Deton 18'' Metallic Wall Fan 18"" 75W, Black",Fan & Air Cooler,fan-and-air-cooler,home-appliances/climate-and-air-treatment/fans-and-air-coolers,Home Appliances,Climate & Air Treatment,Fans & Air Coolers
ROM-1A-MAT-07EQ,Matestar,MATESTAR MAT-07EQ Air Cooler Commercial,Fan & Air Cooler,fan-and-air-cooler,home-appliances/climate-and-air-treatment/fans-and-air-coolers,Home Appliances,Climate & Air Treatment,Fans & Air Coolers
92-CX5535/11,Philips,Philips CX5535/11 Ceramic Tower Heater 2100W App Contro,Heater,heater,home-appliances/climate-and-air-treatment/heaters,Home Appliances,Climate & Air Treatment,Heaters
EL-IZZY-BATH-HEATER,,Izzy 2-in-1 Bathroom Fan Heater,Heater,heater,home-appliances/climate-and-air-treatment/heaters,Home Appliances,Climate & Air Treatment,Heaters
IT42307,Delonghi,Delonghi HFX30C18.IW Electric Fan Heater,Heater,heater,home-appliances/climate-and-air-treatment/heaters,Home Appliances,Climate & Air Treatment,Heaters
IT59715,,"Delonghi HFX10B03.PK Capsule Desk  Fan Heater, Pink / White",Heater,heater,home-appliances/climate-and-air-treatment/heaters,Home Appliances,Climate & Air Treatment,Heaters
IT68207,Matestar,"Matestar Quartz Heater, 2200W, Black",Heater,heater,home-appliances/climate-and-air-treatment/heaters,Home Appliances,Climate & Air Treatment,Heaters
16-PRF0146232A,,Elica Skydome Ceiling Kitchen Hood H30 A/100,Cooker Hood,cooker-hood,home-appliances/large-kitchen-appliances/cooker-hoods,Home Appliances,Large Kitchen Appliances,Cooker Hoods
CED-60L07-ST/ST,Midea,"Midea 60L07-ST/ST Telescopic Hood, Inox",Cooker Hood,cooker-hood,home-appliances/large-kitchen-appliances/cooker-hoods,Home Appliances,Large Kitchen Appliances,Cooker Hoods
12-DVC1434J2,,DeDietrich DVC1434J2 Fully Integrated Dishwasher,Dishwasher,dishwasher,home-appliances/large-kitchen-appliances/dishwashers,Home Appliances,Large Kitchen Appliances,Dishwashers
CED-MFD60S500X-CYP,Midea,"Midea MFD60S500X Free Standing Dishwasher, Inox",Dishwasher,dishwasher,home-appliances/large-kitchen-appliances/dishwashers,Home Appliances,Large Kitchen Appliances,Dishwashers
HADJ-A-FFB53627ZW,,"AEG FFB53627ZW Dishwasher SatelliteClean 6000, White",Dishwasher,dishwasher,home-appliances/large-kitchen-appliances/dishwashers,Home Appliances,Large Kitchen Appliances,Dishwashers
HADJ-BSC-SMS4ENI06E,Bosch,"Bosch SMS4ENI06E Freestanding Dishwasher 60cm, Silver",Dishwasher,dishwasher,home-appliances/large-kitchen-appliances/dishwashers,Home Appliances,Large Kitchen Appliances,Dishwashers
IT71960,Wilson,"Wilson WDW1249N5.UK Dishwasher 60cm, Black",Dishwasher,dishwasher,home-appliances/large-kitchen-appliances/dishwashers,Home Appliances,Large Kitchen Appliances,Dishwashers
CED-MC-6F6004R242,Midea,Midea MC-6F6004R242 Ceramic Hob,Hob,hob,home-appliances/large-kitchen-appliances/hobs-and-cooktops,Home Appliances,Large Kitchen Appliances,Hobs & Cooktops
CED-MIH-616AC,Midea,"Midea MIH616AC Induction Hob with FlexiZone, Boost & Touch Control",Hob,hob,home-appliances/large-kitchen-appliances/hobs-and-cooktops,Home Appliances,Large Kitchen Appliances,Hobs & Cooktops
HADJ-A-IKB64413IB-BAZARAKI,,AEG IKB64413IB 3000 Induction Hob 60cm,Hob,hob,home-appliances/large-kitchen-appliances/hobs-and-cooktops,Home Appliances,Large Kitchen Appliances,Hobs & Cooktops
01-C17WR00G0,,Neff C17WR00G0 Built-in Microwave Oven,Built-in Oven,built-in-oven,home-appliances/large-kitchen-appliances/ovens,Home Appliances,Large Kitchen Appliances,Ovens
CED-7NM30T0E,Midea,"Midea 7NM30T0E Built-In 72lt Oven with Touch Panel, Black",Built-in Oven,built-in-oven,home-appliances/large-kitchen-appliances/ovens,Home Appliances,Large Kitchen Appliances,Ovens
HADJ-A-BPE748380M,,"AEG BPE748380M Built-in Oven, WiFi, AssistedCooking, Pyrolysis, Touch Screen, 71lt",Built-in Oven,built-in-oven,home-appliances/large-kitchen-appliances/ovens,Home Appliances,Large Kitchen Appliances,Ovens
CED-MDRB424FGE02I,Midea,"Midea MDRB424FGE02OE Fridge with Bottom Freezer Total No Frost 310lt, Inox",Refrigerator,refrigerator,home-appliances/large-kitchen-appliances/refrigerators-and-freezers,Home Appliances,Large Kitchen Appliances,Refrigerators & Freezers
HADJ-HIT-RWB640VRU0-1GMG,,"Hitachi RWB640VRU0-1GMG Wardrobe / Door Refrigerator Glass, Silver",Refrigerator,refrigerator,home-appliances/large-kitchen-appliances/refrigerators-and-freezers,Home Appliances,Large Kitchen Appliances,Refrigerators & Freezers
HIT- RWB640VRU0GMG,,HITACHI RWB640VRU0 New French Bottom Freezer 4 Door 638L GLASS MAUVE GREY,Refrigerator,refrigerator,home-appliances/large-kitchen-appliances/refrigerators-and-freezers,Home Appliances,Large Kitchen Appliances,Refrigerators & Freezers
OT-MR101,,"OTTO MR101 One Door Refrigerator, White",Refrigerator,refrigerator,home-appliances/large-kitchen-appliances/refrigerators-and-freezers,Home Appliances,Large Kitchen Appliances,Refrigerators & Freezers
OT-MRF-142,,"OTTO MRF142 Double Door Refrigerator, White",Refrigerator,refrigerator,home-appliances/large-kitchen-appliances/refrigerators-and-freezers,Home Appliances,Large Kitchen Appliances,Refrigerators & Freezers
02-EWTGB3583-21,,Liebherr EWTgb 3583 Vinidor Built-in Multi-temperature Wine Cabinet,Wine Cabinet,wine-cabinet,home-appliances/large-kitchen-appliances/wine-cabinets,Home Appliances,Large Kitchen Appliances,Wine Cabinets
LE-72705,Leifheit,Leifheit 72705 Laundry Dryer Alustar 320,Clothes Airer,clothes-airer,home-appliances/laundry-and-garment-care/clothes-airers-and-drying-racks,Home Appliances,Laundry & Garment Care,Clothes Airers & Drying Racks
LE-81516,Leifheit,"Leifheit 81516 Pegasus 200 Comfort Clothes Dryer, 20m",Clothes Airer,clothes-airer,home-appliances/laundry-and-garment-care/clothes-airers-and-drying-racks,Home Appliances,Laundry & Garment Care,Clothes Airers & Drying Racks
LE-81517,Leifheit,Leifheit 81517 Pegasus 200 Deluxe Mobile with Wheels,Clothes Airer,clothes-airer,home-appliances/laundry-and-garment-care/clothes-airers-and-drying-racks,Home Appliances,Laundry & Garment Care,Clothes Airers & Drying Racks
LE-81520,Leifheit,Leifheit 81520 Pegasus 200 Laundry Dryer,Clothes Airer,clothes-airer,home-appliances/laundry-and-garment-care/clothes-airers-and-drying-racks,Home Appliances,Laundry & Garment Care,Clothes Airers & Drying Racks
LE-81620,Leifheit,"Leifheit Pegasus 160 Solid Slim Standing Clothes Airer – 16m Drying Space, Foldable Indoor/Outdoor Laundry Dryer with Wings for Long Garments and Small Item Holders",Clothes Airer,clothes-airer,home-appliances/laundry-and-garment-care/clothes-airers-and-drying-racks,Home Appliances,Laundry & Garment Care,Clothes Airers & Drying Racks
LE-81621,Leifheit,Leifheit 81621 Classic 180 Solid Laundry Drying Rack,Clothes Airer,clothes-airer,home-appliances/laundry-and-garment-care/clothes-airers-and-drying-racks,Home Appliances,Laundry & Garment Care,Clothes Airers & Drying Racks
LE-81623,Leifheit,"Leifheit 81623 81621 Standing Dryer, White",Clothes Airer,clothes-airer,home-appliances/laundry-and-garment-care/clothes-airers-and-drying-racks,Home Appliances,Laundry & Garment Care,Clothes Airers & Drying Racks
LE-83040,Leifheit,Leifheit 83040 Rollfix 210 Wall Dryer,Clothes Airer,clothes-airer,home-appliances/laundry-and-garment-care/clothes-airers-and-drying-racks,Home Appliances,Laundry & Garment Care,Clothes Airers & Drying Racks
LE-83304,Leifheit,"Leifheit 83304 TeleClip Scissor Drying Rack, Wall Dryer, Extendable 100cm",Clothes Airer,clothes-airer,home-appliances/laundry-and-garment-care/clothes-airers-and-drying-racks,Home Appliances,Laundry & Garment Care,Clothes Airers & Drying Racks
LE-83305,Leifheit,"Leifheit 83305 Telegant 100 Wall Mounted Dryer, 8 m, White",Clothes Airer,clothes-airer,home-appliances/laundry-and-garment-care/clothes-airers-and-drying-racks,Home Appliances,Laundry & Garment Care,Clothes Airers & Drying Racks
IT62911,Ufesa,"Ufesa GS1700 Vertical Garment Steamer, 1700W Power & Compact Design",Garment Steamer,garment-steamer,home-appliances/laundry-and-garment-care/garment-steamers,Home Appliances,Laundry & Garment Care,Garment Steamers
IT69288,Braun,"Braun GS5011 Quick Style 7 V/Iron W/P, White",Garment Steamer,garment-steamer,home-appliances/laundry-and-garment-care/garment-steamers,Home Appliances,Laundry & Garment Care,Garment Steamers
IT69289,Braun,"Braun GS7077BK Quick Style 7 V/Iron B/C, Black",Garment Steamer,garment-steamer,home-appliances/laundry-and-garment-care/garment-steamers,Home Appliances,Laundry & Garment Care,Garment Steamers
IT74502,Ufesa,"Ufesa EASY PRESS Hand Steamer, Blue",Garment Steamer,garment-steamer,home-appliances/laundry-and-garment-care/garment-steamers,Home Appliances,Laundry & Garment Care,Garment Steamers
IT74508,Braun,"Braun GS3024BL Steamer Quick Style Pro , Blue",Garment Steamer,garment-steamer,home-appliances/laundry-and-garment-care/garment-steamers,Home Appliances,Laundry & Garment Care,Garment Steamers
IT47397,Braun,"Braun IS1012BL Iron Board,",Ironing Board,ironing-board,home-appliances/laundry-and-garment-care/ironing-boards,Home Appliances,Laundry & Garment Care,Ironing Boards
IT74504,Ufesa,Ufesa SPLASH Ironing Board.,Ironing Board,ironing-board,home-appliances/laundry-and-garment-care/ironing-boards,Home Appliances,Laundry & Garment Care,Ironing Boards
92-PSG3000/20,Philips,Philips PSG3000/20 3000 Series Steam Generator 6 Bar 350g Boost,Steam Generator Iron,steam-generator-iron,home-appliances/laundry-and-garment-care/steam-generator-irons,Home Appliances,Laundry & Garment Care,Steam Generator Irons
CED-IZZY-224372,Midea,Izzy IZ1110 Steam Generator 3000W 9bar,Steam Generator Iron,steam-generator-iron,home-appliances/laundry-and-garment-care/steam-generator-irons,Home Appliances,Laundry & Garment Care,Steam Generator Irons
HADJ-DG8622,Rowenta,Rowenta DG8622 Steam Generator Perfect Steam Pro 2400W 6.9 bar,Steam Generator Iron,steam-generator-iron,home-appliances/laundry-and-garment-care/steam-generator-irons,Home Appliances,Laundry & Garment Care,Steam Generator Irons
HADJ-DG9246,Rowenta,Rowenta DG9246 Silence Steam Pro – 2800W 8-Bar High Pressure Steam Generator Iron,Steam Generator Iron,steam-generator-iron,home-appliances/laundry-and-garment-care/steam-generator-irons,Home Appliances,Laundry & Garment Care,Steam Generator Irons
IT57834,Braun,"Braun IS1012BL Steam Iron System, 5.5 Bar, Blue",Steam Generator Iron,steam-generator-iron,home-appliances/laundry-and-garment-care/steam-generator-irons,Home Appliances,Laundry & Garment Care,Steam Generator Irons
IT60281,Braun,"Braun IS7286BK Steam Iron System, 8 Bar, Black",Steam Generator Iron,steam-generator-iron,home-appliances/laundry-and-garment-care/steam-generator-irons,Home Appliances,Laundry & Garment Care,Steam Generator Irons
IT62942,Braun,"Braun IS1514VI Steam Iron System, 6 Bar, Violet",Steam Generator Iron,steam-generator-iron,home-appliances/laundry-and-garment-care/steam-generator-irons,Home Appliances,Laundry & Garment Care,Steam Generator Irons
IT65875,Braun,"Braun IS7266VI Steam Iron System, 7.5 bar, Violet",Steam Generator Iron,steam-generator-iron,home-appliances/laundry-and-garment-care/steam-generator-irons,Home Appliances,Laundry & Garment Care,Steam Generator Irons
IT65876,Braun,"Braun IS7282BL Steam Iron System, 8 bar, Blue",Steam Generator Iron,steam-generator-iron,home-appliances/laundry-and-garment-care/steam-generator-irons,Home Appliances,Laundry & Garment Care,Steam Generator Irons
IT69488,Braun,"Braun IS5245BL Steam Iron System, 7 bar, Blue",Steam Generator Iron,steam-generator-iron,home-appliances/laundry-and-garment-care/steam-generator-irons,Home Appliances,Laundry & Garment Care,Steam Generator Irons
IT73903,Braun,"Braun IS3255BL Iron Care Style, 7 Bar, Blue",Steam Generator Iron,steam-generator-iron,home-appliances/laundry-and-garment-care/steam-generator-irons,Home Appliances,Laundry & Garment Care,Steam Generator Irons
AMZ-DE-B00BXQTEMK,,"Severin BA3211 Dry Iron 1200W, White",Steam Iron,steam-iron,home-appliances/laundry-and-garment-care/steam-irons,Home Appliances,Laundry & Garment Care,Steam Irons
IT45602,Braun,"Braun SI3041GR Steam Iron, Green",Steam Iron,steam-iron,home-appliances/laundry-and-garment-care/steam-irons,Home Appliances,Laundry & Garment Care,Steam Irons
IT45603,Braun,"Braun SI3053BL Steam Iron, Blue",Steam Iron,steam-iron,home-appliances/laundry-and-garment-care/steam-irons,Home Appliances,Laundry & Garment Care,Steam Irons
IT45604,Braun,"Braun SI3055BK Steam Iron, Black",Steam Iron,steam-iron,home-appliances/laundry-and-garment-care/steam-irons,Home Appliances,Laundry & Garment Care,Steam Irons
IT57699,Braun,"Braun SI3030PU TexStyle 3 Steam Iron, 2300W, Purple & White",Steam Iron,steam-iron,home-appliances/laundry-and-garment-care/steam-irons,Home Appliances,Laundry & Garment Care,Steam Irons
IT62908,Braun,Ufesa PV2600 Glidepro Steam Iron 2600W Blk,Steam Iron,steam-iron,home-appliances/laundry-and-garment-care/steam-irons,Home Appliances,Laundry & Garment Care,Steam Irons
IT64555,Braun,"Braun SI1080VI Steam Iron 2000W,Violet",Steam Iron,steam-iron,home-appliances/laundry-and-garment-care/steam-irons,Home Appliances,Laundry & Garment Care,Steam Irons
IT64904,Ufesa,"Ufesa SV1200, 2-in-1 Cloth Dryer & Iron",Steam Iron,steam-iron,home-appliances/laundry-and-garment-care/steam-irons,Home Appliances,Laundry & Garment Care,Steam Irons
IT69486,Braun,"Braun IS5247VI Steam Iron  System, Violet",Steam Iron,steam-iron,home-appliances/laundry-and-garment-care/steam-irons,Home Appliances,Laundry & Garment Care,Steam Irons
IT70613,Ufesa,"Ufesa TITANIUM 3100 Steam Iron, Grey",Steam Iron,steam-iron,home-appliances/laundry-and-garment-care/steam-irons,Home Appliances,Laundry & Garment Care,Steam Irons
MR-300251,Morphy Richards,"Morphy Richards 300251 Iron Breeze 2600W, Blue",Steam Iron,steam-iron,home-appliances/laundry-and-garment-care/steam-irons,Home Appliances,Laundry & Garment Care,Steam Irons
MR-300285,Morphy Richards,"Morphy Richards 300285 Steam Iron Ceramic, Blue",Steam Iron,steam-iron,home-appliances/laundry-and-garment-care/steam-irons,Home Appliances,Laundry & Garment Care,Steam Irons
MR-300301,Morphy Richards,"Morphy Richards 300301 Iron crystal 2400W, Purple",Steam Iron,steam-iron,home-appliances/laundry-and-garment-care/steam-irons,Home Appliances,Laundry & Garment Care,Steam Irons
MR-300401,Morphy Richards,"Morphy Richards 300401 LightGlide Steam iron, Blue/white",Steam Iron,steam-iron,home-appliances/laundry-and-garment-care/steam-irons,Home Appliances,Laundry & Garment Care,Steam Irons
RH-26470,Russell Hobbs,Russell Hobbs 26470 Light & Easy Iron,Steam Iron,steam-iron,home-appliances/laundry-and-garment-care/steam-irons,Home Appliances,Laundry & Garment Care,Steam Irons
3W-WMZ-612A25,,"Westpoint Front Loading Washing Machine 1200RPM, White",Washing Machine,washing-machine,home-appliances/laundry-and-garment-care/washing-machines-and-washer-dryers,Home Appliances,Laundry & Garment Care,Washing Machines & Washer Dryers
9W-FFB8469BVEE,Whirlpool,"Whirlpool FFB8469BVEE 8kg Washing Machine 1400rpm, White",Washing Machine,washing-machine,home-appliances/laundry-and-garment-care/washing-machines-and-washer-dryers,Home Appliances,Laundry & Garment Care,Washing Machines & Washer Dryers
CED-MD-MF110W70B/W-CYA,Midea,Midea Washing Machine 7Kg Lunar Slim Line,Washing Machine,washing-machine,home-appliances/laundry-and-garment-care/washing-machines-and-washer-dryers,Home Appliances,Laundry & Garment Care,Washing Machines & Washer Dryers
CED-MF100W80B/T-CY,Midea,"Midea MF100W80B/T-CY Washing Machine 8Kg Lunar Dial Series, Dark Inox",Washing Machine,washing-machine,home-appliances/laundry-and-garment-care/washing-machines-and-washer-dryers,Home Appliances,Laundry & Garment Care,Washing Machines & Washer Dryers
HADJ-A-L7WBEN69S,,"AEG L7WBEN69S WasherDryer 9|6Kg Inverter, Steam",Washing Machine,washing-machine,home-appliances/laundry-and-garment-care/washing-machines-and-washer-dryers,Home Appliances,Laundry & Garment Care,Washing Machines & Washer Dryers
HADJ-​A-LF5Z49B4G,,"AEG LF5Z49B4G Inverter Washing Machine 9kg 1400rpm, White",Washing Machine,washing-machine,home-appliances/laundry-and-garment-care/washing-machines-and-washer-dryers,Home Appliances,Laundry & Garment Care,Washing Machines & Washer Dryers
HADJ-WB406120,Wonderbag,Wonderbag WB406120 Pack of 5 Classic Dustbags,Vacuum Cleaner Bag,vacuum-cleaner-bag,home-appliances/vacuums-and-floor-care/vacuum-bags-filters-and-accessories,Home Appliances,Vacuums & Floor Care,"Vacuum Bags, Filters & Accessories"
HADJ-WB415120,Wonderbag,Wonderbag WB415120 Universal Vacuum Cleaner Bag Mint Aroma,Vacuum Cleaner Bag,vacuum-cleaner-bag,home-appliances/vacuums-and-floor-care/vacuum-bags-filters-and-accessories,Home Appliances,Vacuums & Floor Care,"Vacuum Bags, Filters & Accessories"
HADJ-WB484720,Wonderbag,Wonderbag WB484720 Universal Vacuum Cleaner Bag Allergy Care,Vacuum Cleaner Bag,vacuum-cleaner-bag,home-appliances/vacuums-and-floor-care/vacuum-bags-filters-and-accessories,Home Appliances,Vacuums & Floor Care,"Vacuum Bags, Filters & Accessories"
08-BCH6ATH25,Bosch,Bosch BCH6ATH25 Vacuum Cleaner,Vacuum Cleaner,vacuum-cleaner,home-appliances/vacuums-and-floor-care/vacuum-cleaners,Home Appliances,Vacuums & Floor Care,Vacuum Cleaners
DY-V11-ADVANCED,Dyson,Dyson V11 Advanced 0.76 L Nickel/Iron/Purple Vacuum Cleaner Stick,Vacuum Cleaner,vacuum-cleaner,home-appliances/vacuums-and-floor-care/vacuum-cleaners,Home Appliances,Vacuums & Floor Care,Vacuum Cleaners
IT64893,,"Ufesa ARTICA  Cyclonic Cordless Vacuum Cleaner, White",Vacuum Cleaner,vacuum-cleaner,home-appliances/vacuums-and-floor-care/vacuum-cleaners,Home Appliances,Vacuums & Floor Care,Vacuum Cleaners
HB-HOBOT-2S,Hobot,"HOBOT-2S Window Cleaning Automatic Robot with Ultrasonic Water Spray, Intelligent Cleaning, AI Smart Route Plan, Dual Replaceable Water Tanks, and Control via Smartphone or Remote",Window Cleaning Robot,window-cleaning-robot,home-appliances/vacuums-and-floor-care/window-cleaning-robots,Home Appliances,Vacuums & Floor Care,Window Cleaning Robots
HB-HOBOT-388,Hobot,HOBOT-388 Window Glass Cleaning Automatic Smart Robot Cleaner with Ultrasonic Water Spray and Control via Smartphone or Remote,Window Cleaning Robot,window-cleaning-robot,home-appliances/vacuums-and-floor-care/window-cleaning-robots,Home Appliances,Vacuums & Floor Care,Window Cleaning Robots
HB-HOBOT-S7-PRO,Hobot,"HOBOT S7 Pro Window Cleaning Robot | Dual Mop Polish Hand Wiping Technology, 15nm Ultrasonic Spray, 4800Pa Suction | Automatic Window Washer Robot for Framed/Frameless Glass, Indoor & Outdoor Use",Window Cleaning Robot,window-cleaning-robot,home-appliances/vacuums-and-floor-care/window-cleaning-robots,Home Appliances,Vacuums & Floor Care,Window Cleaning Robots
SHO-HB200P8002,Hobot,HOBOT HB200P8002 Spare Cleaning Microfiber Cloths for Wet Cleaning Made for HOBOT-2S,Window Cleaning Robot,window-cleaning-robot,home-appliances/vacuums-and-floor-care/window-cleaning-robots,Home Appliances,Vacuums & Floor Care,Window Cleaning Robots
3M-JL1645T-Z-IOT-WH,,"Midea JL1645T-Z-IOT Water Fridge/Purifier Wi-Fi, White",Water Dispenser,water-dispenser,home-appliances/water-dispensers-and-filtration/water-dispensers-and-coolers,Home Appliances,Water Dispensers & Filtration,Water Dispensers & Coolers
CED-MD-JL2245T-E-IOT,Midea,"Midea JL2245T-E-IOT Water Dispenser / Purifier Cooler with Wi-Fi, Dark Inox",Water Dispenser,water-dispenser,home-appliances/water-dispensers-and-filtration/water-dispensers-and-coolers,Home Appliances,Water Dispensers & Filtration,Water Dispensers & Coolers
IT72786,Wilson,"Wilson WWDFSR35B.UK Water Dispenser Floor With Fridge Cabinet, Black/White",Water Dispenser,water-dispenser,home-appliances/water-dispensers-and-filtration/water-dispensers-and-coolers,Home Appliances,Water Dispensers & Filtration,Water Dispensers & Coolers
IT42177,Midea,Midea PP+C Filter for JL1645T Water Purifier,Water Purifier Filter,water-purifier-filter,home-appliances/water-dispensers-and-filtration/water-filters-and-cartridges,Home Appliances,Water Dispensers & Filtration,Water Filters & Cartridges
IT42411,Midea,Midea UF Filter for JL1645T Water Purifier,Water Purifier Filter,water-purifier-filter,home-appliances/water-dispensers-and-filtration/water-filters-and-cartridges,Home Appliances,Water Dispensers & Filtration,Water Filters & Cartridges
LAC-B31AA,Laica,Laica B31AA Instant Filration Bottle Glass 1.1L,Water Filter,water-filter,home-appliances/water-dispensers-and-filtration/water-filters-and-cartridges,Home Appliances,Water Dispensers & Filtration,Water Filters & Cartridges
LAC-F4S,Laica,Laica F4S Set OF 4 Biflux Filter,Water Filter,water-filter,home-appliances/water-dispensers-and-filtration/water-filters-and-cartridges,Home Appliances,Water Dispensers & Filtration,Water Filters & Cartridges
LAC-FD03A,Laica,Laica FD03A Fast Disk 3 Pack Filter,Water Filter,water-filter,home-appliances/water-dispensers-and-filtration/water-filters-and-cartridges,Home Appliances,Water Dispensers & Filtration,Water Filters & Cartridges
ATP-MONDO-CA6903,Delonghi,Mondo CA6903 Water Filter for Delonghi Espresso & Bean to Cup Machines,Coffee Machine Water Filter,coffee-machine-water-filter,kitchen-and-dining/appliance-care-filters-and-spare-parts/coffee-machine-accessories-and-filters,Kitchen & Dining,"Appliance Care, Filters & Spare Parts",Coffee Machine Accessories & Filters
IT30236,,Delonghi DLSC002 Water Filter for Delonghi Espresso & Bean to Cup Machines,Coffee Machine Water Filter,coffee-machine-water-filter,kitchen-and-dining/appliance-care-filters-and-spare-parts/coffee-machine-accessories-and-filters,Kitchen & Dining,"Appliance Care, Filters & Spare Parts",Coffee Machine Accessories & Filters
IT41121,Kenwood,Kenwood KAT001ME Twist Connection Adapter for Attachments,Coffee Machine Accessory,coffee-machine-accessory,kitchen-and-dining/appliance-care-filters-and-spare-parts/coffee-machine-accessories-and-filters,Kitchen & Dining,"Appliance Care, Filters & Spare Parts",Coffee Machine Accessories & Filters
IT42517,Delonghi,"Delonghi DLSC054 Stainless Steel Coffee Tamper, Silver",Coffee Machine Accessory,coffee-machine-accessory,kitchen-and-dining/appliance-care-filters-and-spare-parts/coffee-machine-accessories-and-filters,Kitchen & Dining,"Appliance Care, Filters & Spare Parts",Coffee Machine Accessories & Filters
IT44430,Delonghi,Delonghi DLSC014 Milk Jug for Delonghi ECAM65xx,Coffee Machine Accessory,coffee-machine-accessory,kitchen-and-dining/appliance-care-filters-and-spare-parts/coffee-machine-accessories-and-filters,Kitchen & Dining,"Appliance Care, Filters & Spare Parts",Coffee Machine Accessories & Filters
IT51014,Sage,"Sage BES008 ClaroSwiss Water Filter, White",Coffee Machine Water Filter,coffee-machine-water-filter,kitchen-and-dining/appliance-care-filters-and-spare-parts/coffee-machine-accessories-and-filters,Kitchen & Dining,"Appliance Care, Filters & Spare Parts",Coffee Machine Accessories & Filters
IT52510,Delonghi,Delonghi DLSC058 Coffee Tamper,Coffee Machine Accessory,coffee-machine-accessory,kitchen-and-dining/appliance-care-filters-and-spare-parts/coffee-machine-accessories-and-filters,Kitchen & Dining,"Appliance Care, Filters & Spare Parts",Coffee Machine Accessories & Filters
IT61601,Sage,"Breville BES058NP 58mm Naked Portafilter, One Size, Silver",Coffee Machine Accessory,coffee-machine-accessory,kitchen-and-dining/appliance-care-filters-and-spare-parts/coffee-machine-accessories-and-filters,Kitchen & Dining,"Appliance Care, Filters & Spare Parts",Coffee Machine Accessories & Filters
3G-011-101-24-640/0,Fissler,Fissler 011-101-24-640/0 Coronal Sidegrip Handle 24cm,Cookware Handle,cookware-handle,kitchen-and-dining/appliance-care-filters-and-spare-parts/cookware-handles-valves-and-gaskets,Kitchen & Dining,"Appliance Care, Filters & Spare Parts","Cookware Handles, Valves & Gaskets"
3G-018-632-00-640/0,Fissler,Fissler 018-632-00-640/0 Vitavit Royal Pressure Cooker Side Grip Handle,Cookware Handle,cookware-handle,kitchen-and-dining/appliance-care-filters-and-spare-parts/cookware-handles-valves-and-gaskets,Kitchen & Dining,"Appliance Care, Filters & Spare Parts","Cookware Handles, Valves & Gaskets"
3G-018-633-00-690/0,Fissler,Fissler 018-633-00-690/0 Royal Pressure Cooker Handle Complete,Cookware Handle,cookware-handle,kitchen-and-dining/appliance-care-filters-and-spare-parts/cookware-handles-valves-and-gaskets,Kitchen & Dining,"Appliance Care, Filters & Spare Parts","Cookware Handles, Valves & Gaskets"
3G-021-641-01-660/0,Fissler,"Fissler 021-641-01-660/0 Blue Point Pressure Cooker Lid Handle, Black",Cookware Handle,cookware-handle,kitchen-and-dining/appliance-care-filters-and-spare-parts/cookware-handles-valves-and-gaskets,Kitchen & Dining,"Appliance Care, Filters & Spare Parts","Cookware Handles, Valves & Gaskets"
3G-600-000-11-770/0,Fissler,Fissler 600-000-11-770/0 Vitaquick Pressure Cooker Lid Handle,Cookware Handle,cookware-handle,kitchen-and-dining/appliance-care-filters-and-spare-parts/cookware-handles-valves-and-gaskets,Kitchen & Dining,"Appliance Care, Filters & Spare Parts","Cookware Handles, Valves & Gaskets"
3G-610-300-04-850/0,Fissler,Fissler 610-300-04-850/0 Vitavit Comfort Pot Handle 22cm,Cookware Handle,cookware-handle,kitchen-and-dining/appliance-care-filters-and-spare-parts/cookware-handles-valves-and-gaskets,Kitchen & Dining,"Appliance Care, Filters & Spare Parts","Cookware Handles, Valves & Gaskets"
3G-610-700-04-850/0,Fissler,"Fissler 610-700-04-850/0 Vitavit Comfort Pot Handle for Skillet Pan, Black, Ø26 cm,",Cookware Handle,cookware-handle,kitchen-and-dining/appliance-care-filters-and-spare-parts/cookware-handles-valves-and-gaskets,Kitchen & Dining,"Appliance Care, Filters & Spare Parts","Cookware Handles, Valves & Gaskets"
3G-620-000-11-770/0,Fissler,Fissler 620-000-11-770/0 Pressure Cooker Lid Handle,Cookware Handle,cookware-handle,kitchen-and-dining/appliance-care-filters-and-spare-parts/cookware-handles-valves-and-gaskets,Kitchen & Dining,"Appliance Care, Filters & Spare Parts","Cookware Handles, Valves & Gaskets"
3G-620-300-04-850/0,Fissler,Fissler 620-300-04-850/0 Vitavit Premium Pressure Cooker Pot Handle 22cm,Cookware Handle,cookware-handle,kitchen-and-dining/appliance-care-filters-and-spare-parts/cookware-handles-valves-and-gaskets,Kitchen & Dining,"Appliance Care, Filters & Spare Parts","Cookware Handles, Valves & Gaskets"
92-CA6704/10,Philips,Philips CA6704/10 Coffee Oil Remover Tablets 6-Pack,Descaler & Machine Cleaner,descaler-and-machine-cleaner,kitchen-and-dining/appliance-care-filters-and-spare-parts/descalers-and-cleaning-tablets,Kitchen & Dining,"Appliance Care, Filters & Spare Parts",Descalers & Cleaning Tablets
ATP-BOSCH-00312453,,Bosch 00312453 Descaling Tablets 6 pcs,Descaler & Machine Cleaner,descaler-and-machine-cleaner,kitchen-and-dining/appliance-care-filters-and-spare-parts/descalers-and-cleaning-tablets,Kitchen & Dining,"Appliance Care, Filters & Spare Parts",Descalers & Cleaning Tablets
ATP-ECODECALK-500ML,Delonghi,Delonghi EcoDecalk Descale Liquid 500ml,Descaler & Machine Cleaner,descaler-and-machine-cleaner,kitchen-and-dining/appliance-care-filters-and-spare-parts/descalers-and-cleaning-tablets,Kitchen & Dining,"Appliance Care, Filters & Spare Parts",Descalers & Cleaning Tablets
CHM-20212,,Professional Espresso Cleaner 900g,Descaler & Machine Cleaner,descaler-and-machine-cleaner,kitchen-and-dining/appliance-care-filters-and-spare-parts/descalers-and-cleaning-tablets,Kitchen & Dining,"Appliance Care, Filters & Spare Parts",Descalers & Cleaning Tablets
HADJ-MIE-11201150,Miele,Miele 11201150 Descaling Tablets for Coffee Machines and Steam Ovens,Descaler & Machine Cleaner,descaler-and-machine-cleaner,kitchen-and-dining/appliance-care-filters-and-spare-parts/descalers-and-cleaning-tablets,Kitchen & Dining,"Appliance Care, Filters & Spare Parts",Descalers & Cleaning Tablets
IT25271,Delonghi,Delonghi DLSC306 Coffee Care Kit for Fully Automatic & Espresso Machines,Descaler & Machine Cleaner,descaler-and-machine-cleaner,kitchen-and-dining/appliance-care-filters-and-spare-parts/descalers-and-cleaning-tablets,Kitchen & Dining,"Appliance Care, Filters & Spare Parts",Descalers & Cleaning Tablets
IT28324,,Delonghi DLSC500 EcoDecalk Descale Liquid 500ml,Descaler & Machine Cleaner,descaler-and-machine-cleaner,kitchen-and-dining/appliance-care-filters-and-spare-parts/descalers-and-cleaning-tablets,Kitchen & Dining,"Appliance Care, Filters & Spare Parts",Descalers & Cleaning Tablets
IT51012,Sage,Sage BES006UK The Steam Wand Cleaner The Steam Wand Cleaner,Descaler & Machine Cleaner,descaler-and-machine-cleaner,kitchen-and-dining/appliance-care-filters-and-spare-parts/descalers-and-cleaning-tablets,Kitchen & Dining,"Appliance Care, Filters & Spare Parts",Descalers & Cleaning Tablets
IT51013,Sage,Sage BES007UK Descaler for Espresso Coffee Machine and Kettles (4 x 25g),Descaler & Machine Cleaner,descaler-and-machine-cleaner,kitchen-and-dining/appliance-care-filters-and-spare-parts/descalers-and-cleaning-tablets,Kitchen & Dining,"Appliance Care, Filters & Spare Parts",Descalers & Cleaning Tablets
IT51015,Sage,"Sage BEC250UK Espresso Cleaning Tablets (8), White",Descaler & Machine Cleaner,descaler-and-machine-cleaner,kitchen-and-dining/appliance-care-filters-and-spare-parts/descalers-and-cleaning-tablets,Kitchen & Dining,"Appliance Care, Filters & Spare Parts",Descalers & Cleaning Tablets
IT52423,Delonghi,Delonghi DLSC551 Descaling Balls,Descaler & Machine Cleaner,descaler-and-machine-cleaner,kitchen-and-dining/appliance-care-filters-and-spare-parts/descalers-and-cleaning-tablets,Kitchen & Dining,"Appliance Care, Filters & Spare Parts",Descalers & Cleaning Tablets
IT72705,Sage,The Sage Organic Cleaner 12P,Descaler & Machine Cleaner,descaler-and-machine-cleaner,kitchen-and-dining/appliance-care-filters-and-spare-parts/descalers-and-cleaning-tablets,Kitchen & Dining,"Appliance Care, Filters & Spare Parts",Descalers & Cleaning Tablets
ML-11201280,,Miele 11201280 Coffee Machine Milk Pipework Cleaner,Descaler & Machine Cleaner,descaler-and-machine-cleaner,kitchen-and-dining/appliance-care-filters-and-spare-parts/descalers-and-cleaning-tablets,Kitchen & Dining,"Appliance Care, Filters & Spare Parts",Descalers & Cleaning Tablets
3G-011-631-00-750,Fissler,Fissler 011-631-00-750/0 Royal Complete Euromatic Valve,Pressure Cooker Spare Part,pressure-cooker-spare-part,kitchen-and-dining/appliance-care-filters-and-spare-parts/pressure-cooker-spare-parts,Kitchen & Dining,"Appliance Care, Filters & Spare Parts",Pressure Cooker Spare Parts
3G-011-631-00-750/0,Fissler,Fissler 011-631-00-750/0 Royal Complete Euromatic Valve,Pressure Cooker Spare Part,pressure-cooker-spare-part,kitchen-and-dining/appliance-care-filters-and-spare-parts/pressure-cooker-spare-parts,Kitchen & Dining,"Appliance Care, Filters & Spare Parts",Pressure Cooker Spare Parts
3G-011-631-01-700/0,Fissler,Fissler 011-631-01-700/0 Pressure Cooker Main Valve Set,Pressure Cooker Spare Part,pressure-cooker-spare-part,kitchen-and-dining/appliance-care-filters-and-spare-parts/pressure-cooker-spare-parts,Kitchen & Dining,"Appliance Care, Filters & Spare Parts",Pressure Cooker Spare Parts
3G-018-632-00-720/0,Fissler,Fissler 018-632-00-720/0 Main Control Valve Insert for Vitavit,Pressure Cooker Spare Part,pressure-cooker-spare-part,kitchen-and-dining/appliance-care-filters-and-spare-parts/pressure-cooker-spare-parts,Kitchen & Dining,"Appliance Care, Filters & Spare Parts",Pressure Cooker Spare Parts
3G-018-632-00-740/0,Fissler,Fissler 018-632-00-740/0 Main Valve Sealing O-Ring for Vitavit,Pressure Cooker Spare Part,pressure-cooker-spare-part,kitchen-and-dining/appliance-care-filters-and-spare-parts/pressure-cooker-spare-parts,Kitchen & Dining,"Appliance Care, Filters & Spare Parts",Pressure Cooker Spare Parts
3G-020-653-00-720/0,Fissler,Fissler 020-653-00-720/0 Silicone Membrane for Pressure Cookers,Pressure Cooker Spare Part,pressure-cooker-spare-part,kitchen-and-dining/appliance-care-filters-and-spare-parts/pressure-cooker-spare-parts,Kitchen & Dining,"Appliance Care, Filters & Spare Parts",Pressure Cooker Spare Parts
3G-021-636-03-750/0,Fissler,"Fissler 021-636-03-750 Plain Matik Valve Silicone, Black",Pressure Cooker Spare Part,pressure-cooker-spare-part,kitchen-and-dining/appliance-care-filters-and-spare-parts/pressure-cooker-spare-parts,Kitchen & Dining,"Appliance Care, Filters & Spare Parts",Pressure Cooker Spare Parts
3G-021-641-00-700/0,Fissler,Fissler 021-641-00-700/0 Blue Point Cooking Valve for Pressure Cookers Complete 22 & 26cm,Pressure Cooker Spare Part,pressure-cooker-spare-part,kitchen-and-dining/appliance-care-filters-and-spare-parts/pressure-cooker-spare-parts,Kitchen & Dining,"Appliance Care, Filters & Spare Parts",Pressure Cooker Spare Parts
3G-032-691-00-205/0,Fissler,"Fissler 032-691-00-205/0 Pressure Cooker Rubber Gasket, 26cm / 10.2''",Pressure Cooker Spare Part,pressure-cooker-spare-part,kitchen-and-dining/appliance-care-filters-and-spare-parts/pressure-cooker-spare-parts,Kitchen & Dining,"Appliance Care, Filters & Spare Parts",Pressure Cooker Spare Parts
3G-037-668-00-700/0,Fissler,Fissler 037-668-00-700/0 Vitaquick Safety Valve for Pressure Cookers,Pressure Cooker Spare Part,pressure-cooker-spare-part,kitchen-and-dining/appliance-care-filters-and-spare-parts/pressure-cooker-spare-parts,Kitchen & Dining,"Appliance Care, Filters & Spare Parts",Pressure Cooker Spare Parts
3G-038-617-00-205/0,Fissler,Fissler 038-617-00-205/0 Sealing Rubber Gasket for Pressure Cookers 18 cm,Pressure Cooker Spare Part,pressure-cooker-spare-part,kitchen-and-dining/appliance-care-filters-and-spare-parts/pressure-cooker-spare-parts,Kitchen & Dining,"Appliance Care, Filters & Spare Parts",Pressure Cooker Spare Parts
3G-038-687-00-205/0,Fissler,Fissler 038-687-00-205/0 Rubber Gasket 26cm,Pressure Cooker Spare Part,pressure-cooker-spare-part,kitchen-and-dining/appliance-care-filters-and-spare-parts/pressure-cooker-spare-parts,Kitchen & Dining,"Appliance Care, Filters & Spare Parts",Pressure Cooker Spare Parts
3G-600-000-00-700/0,Fissler,"Fissler 600-000-00-700/0 Main Control Valve for Pressure Cooker Vitavit, Vitaquick",Pressure Cooker Spare Part,pressure-cooker-spare-part,kitchen-and-dining/appliance-care-filters-and-spare-parts/pressure-cooker-spare-parts,Kitchen & Dining,"Appliance Care, Filters & Spare Parts",Pressure Cooker Spare Parts
3G-600-000-01-706/0,Fissler,Fissler 600-000-01-706 Pressure Cooker Rubber Parts Set,Pressure Cooker Spare Part,pressure-cooker-spare-part,kitchen-and-dining/appliance-care-filters-and-spare-parts/pressure-cooker-spare-parts,Kitchen & Dining,"Appliance Care, Filters & Spare Parts",Pressure Cooker Spare Parts
3G-600-000-22-795/0,Fissler,"Fissler 600-000-22-795/0 Pressure Cooker Silicone Gasket, 22cm",Pressure Cooker Spare Part,pressure-cooker-spare-part,kitchen-and-dining/appliance-care-filters-and-spare-parts/pressure-cooker-spare-parts,Kitchen & Dining,"Appliance Care, Filters & Spare Parts",Pressure Cooker Spare Parts
3G-600-000-26-795/0,Fissler,"Fissler 600-000-26-795/0 Pressure Cooker Silicone Gasket, 26cm",Pressure Cooker Spare Part,pressure-cooker-spare-part,kitchen-and-dining/appliance-care-filters-and-spare-parts/pressure-cooker-spare-parts,Kitchen & Dining,"Appliance Care, Filters & Spare Parts",Pressure Cooker Spare Parts
3G-610-000-00-711/0,Fissler,Fissler 610-000-00-711/0 Vitaquick Silicone Membrane,Pressure Cooker Spare Part,pressure-cooker-spare-part,kitchen-and-dining/appliance-care-filters-and-spare-parts/pressure-cooker-spare-parts,Kitchen & Dining,"Appliance Care, Filters & Spare Parts",Pressure Cooker Spare Parts
3G-610-000-00-733/0,Fissler,Fissler Vitavit® Valve Base Seal,Pressure Cooker Spare Part,pressure-cooker-spare-part,kitchen-and-dining/appliance-care-filters-and-spare-parts/pressure-cooker-spare-parts,Kitchen & Dining,"Appliance Care, Filters & Spare Parts",Pressure Cooker Spare Parts
3G-610-000-00-734/0,Fissler,Fissler 610-000-00-734/0 Bell-Shaped Nut for Control Valve,Pressure Cooker Spare Part,pressure-cooker-spare-part,kitchen-and-dining/appliance-care-filters-and-spare-parts/pressure-cooker-spare-parts,Kitchen & Dining,"Appliance Care, Filters & Spare Parts",Pressure Cooker Spare Parts
3G-610-000-01-706/0,Fissler,"Fissler 610-000-01-706/0 Vitavit Rolling Diaphragm, Gasket & Seat Gasket Replacement, 3-piece Set",Pressure Cooker Spare Part,pressure-cooker-spare-part,kitchen-and-dining/appliance-care-filters-and-spare-parts/pressure-cooker-spare-parts,Kitchen & Dining,"Appliance Care, Filters & Spare Parts",Pressure Cooker Spare Parts
3G-610-010-00-700/0,Fissler,Fissler 610-010-00-700/0 Complete 4-setting Valve for Vitavit Comfort/Premium,Pressure Cooker Spare Part,pressure-cooker-spare-part,kitchen-and-dining/appliance-care-filters-and-spare-parts/pressure-cooker-spare-parts,Kitchen & Dining,"Appliance Care, Filters & Spare Parts",Pressure Cooker Spare Parts
3G-021-002-91-001/0,Fissler,Fissler 021-002-91-001/0 Stainless Steel Cleanser,Cookware Care Product,cookware-care-product,kitchen-and-dining/appliance-care-filters-and-spare-parts/stainless-steel-care-products,Kitchen & Dining,"Appliance Care, Filters & Spare Parts",Stainless Steel Care Products
3G-021-004-90-000/0,Fissler,Fissler 021-004-90-000/0 Stainless Steel Care,Cookware Care Product,cookware-care-product,kitchen-and-dining/appliance-care-filters-and-spare-parts/stainless-steel-care-products,Kitchen & Dining,"Appliance Care, Filters & Spare Parts",Stainless Steel Care Products
IT49699,Sage,"Sage BCG820BSSUK the Smart Grinder Pro Coffee Grinder, Silver",Coffee Grinder,coffee-grinder,kitchen-and-dining/coffee-tea-and-beverage-machines/coffee-grinders,Kitchen & Dining,"Coffee, Tea & Beverage Machines",Coffee Grinders
IT71658,Cuisinart,"Cuisinart DBM8V2U Burr Mill, Black",Coffee Grinder,coffee-grinder,kitchen-and-dining/coffee-tea-and-beverage-machines/coffee-grinders,Kitchen & Dining,"Coffee, Tea & Beverage Machines",Coffee Grinders
IT71659,Cuisinart,"Cuisinart DCG20BKNU Coffee Grinder, Black",Coffee Grinder,coffee-grinder,kitchen-and-dining/coffee-tea-and-beverage-machines/coffee-grinders,Kitchen & Dining,"Coffee, Tea & Beverage Machines",Coffee Grinders
RH-23120,Russell Hobbs,Russell Hobbs 23120 Coffee Grinder 140w,Coffee Grinder,coffee-grinder,kitchen-and-dining/coffee-tea-and-beverage-machines/coffee-grinders,Kitchen & Dining,"Coffee, Tea & Beverage Machines",Coffee Grinders
47-EA815570,Krups,"Krups EA815570 Fully Automatic Coffee Maker, Black / Red",Espresso Machine,espresso-machine,kitchen-and-dining/coffee-tea-and-beverage-machines/espresso-and-bean-to-cup-machines,Kitchen & Dining,"Coffee, Tea & Beverage Machines",Espresso & Bean-to-Cup Machines
47-EA817810,Krups,"Krups EA817810 Freestanding Fully Automatic Espresso Machine 1.7L, Black / Silver",Espresso Machine,espresso-machine,kitchen-and-dining/coffee-tea-and-beverage-machines/espresso-and-bean-to-cup-machines,Kitchen & Dining,"Coffee, Tea & Beverage Machines",Espresso & Bean-to-Cup Machines
AMZ-DE-B01ITG2JEQ,Nespresso,"Nespresso EN167.B Citiz Capsule Espresso Coffee Machine, Black",Espresso Machine,espresso-machine,kitchen-and-dining/coffee-tea-and-beverage-machines/espresso-and-bean-to-cup-machines,Kitchen & Dining,"Coffee, Tea & Beverage Machines",Espresso & Bean-to-Cup Machines
EC685.W-DISPLAY,,"Delonghi EC685.W Dedica Espresso Machine, White - Display Unit",Espresso Machine,espresso-machine,kitchen-and-dining/coffee-tea-and-beverage-machines/espresso-and-bean-to-cup-machines,Kitchen & Dining,"Coffee, Tea & Beverage Machines",Espresso & Bean-to-Cup Machines
IT41812,Delonghi,"Delonghi EC685.BK Dedica Pump Espresso Coffee Maker, Black",Espresso Machine,espresso-machine,kitchen-and-dining/coffee-tea-and-beverage-machines/espresso-and-bean-to-cup-machines,Kitchen & Dining,"Coffee, Tea & Beverage Machines",Espresso & Bean-to-Cup Machines
IT49693,Sage,"Sage BES875UK The Barista Express, Stainless Steel",Espresso Machine,espresso-machine,kitchen-and-dining/coffee-tea-and-beverage-machines/espresso-and-bean-to-cup-machines,Kitchen & Dining,"Coffee, Tea & Beverage Machines",Espresso & Bean-to-Cup Machines
IT55102,Delonghi,Delonghi EC 785.GY Dedica Espresso Coffee Maker,Espresso Machine,espresso-machine,kitchen-and-dining/coffee-tea-and-beverage-machines/espresso-and-bean-to-cup-machines,Kitchen & Dining,"Coffee, Tea & Beverage Machines",Espresso & Bean-to-Cup Machines
IT56831,,BOSCH CTL636ES6 Series 8 Built-in Fully Automatic Coffee Maker,Espresso Machine,espresso-machine,kitchen-and-dining/coffee-tea-and-beverage-machines/espresso-and-bean-to-cup-machines,Kitchen & Dining,"Coffee, Tea & Beverage Machines",Espresso & Bean-to-Cup Machines
IT59921,Sage,"SAGE SES876BSS4GUK1 Barista Express Impress Espresso Machine, Silver",Espresso Machine,espresso-machine,kitchen-and-dining/coffee-tea-and-beverage-machines/espresso-and-bean-to-cup-machines,Kitchen & Dining,"Coffee, Tea & Beverage Machines",Espresso & Bean-to-Cup Machines
IT64669,Delonghi,Delonghi Magnifica Evo ECAM290.31.SB Fully Automatic Espresso Maker,Espresso Machine,espresso-machine,kitchen-and-dining/coffee-tea-and-beverage-machines/espresso-and-bean-to-cup-machines,Kitchen & Dining,"Coffee, Tea & Beverage Machines",Espresso & Bean-to-Cup Machines
IT69480,Delonghi,De’Longhi Magnifica Evo Next ECAM310.80.SB,Espresso Machine,espresso-machine,kitchen-and-dining/coffee-tea-and-beverage-machines/espresso-and-bean-to-cup-machines,Kitchen & Dining,"Coffee, Tea & Beverage Machines",Espresso & Bean-to-Cup Machines
IT69482,Delonghi,"Delonghi ECAM320.70.TB Magnifica Plus Titanium, Black",Espresso Machine,espresso-machine,kitchen-and-dining/coffee-tea-and-beverage-machines/espresso-and-bean-to-cup-machines,Kitchen & Dining,"Coffee, Tea & Beverage Machines",Espresso & Bean-to-Cup Machines
IT69612,Sage,"Sage SES985 Oracle Jet Bean to Cup Coffee Machine, Stainless Steel",Espresso Machine,espresso-machine,kitchen-and-dining/coffee-tea-and-beverage-machines/espresso-and-bean-to-cup-machines,Kitchen & Dining,"Coffee, Tea & Beverage Machines",Espresso & Bean-to-Cup Machines
IT71149,Delonghi,"DeLonghi EC890.M Dedica Duo EC890.M Espresso Coffee Machine, Silver",Espresso Machine,espresso-machine,kitchen-and-dining/coffee-tea-and-beverage-machines/espresso-and-bean-to-cup-machines,Kitchen & Dining,"Coffee, Tea & Beverage Machines",Espresso & Bean-to-Cup Machines
IT72712,Sage,SAGE SES876BTR4GUK1 Barista Express Semi-Automatic Espresso Machine,Espresso Machine,espresso-machine,kitchen-and-dining/coffee-tea-and-beverage-machines/espresso-and-bean-to-cup-machines,Kitchen & Dining,"Coffee, Tea & Beverage Machines",Espresso & Bean-to-Cup Machines
RET-EA817810,Krups,"KRUPS EA817810 Espresso Bean Grinder, Coffee Maker, Espresso Machine, Automatic Espresso Machine, LCD Screen",Espresso Machine,espresso-machine,kitchen-and-dining/coffee-tea-and-beverage-machines/espresso-and-bean-to-cup-machines,Kitchen & Dining,"Coffee, Tea & Beverage Machines",Espresso & Bean-to-Cup Machines
IT34190,Delonghi,"Delonghi ICM15210.1 Filter Coffee Maker, Black",Coffee Maker,coffee-maker,kitchen-and-dining/coffee-tea-and-beverage-machines/filter-and-capsule-coffee-makers,Kitchen & Dining,"Coffee, Tea & Beverage Machines",Filter & Capsule Coffee Makers
IT43517,Delonghi,"Delonghi BCO411.B Combi Espresso & Filter Coffee Maker, Black",Coffee Maker,coffee-maker,kitchen-and-dining/coffee-tea-and-beverage-machines/filter-and-capsule-coffee-makers,Kitchen & Dining,"Coffee, Tea & Beverage Machines",Filter & Capsule Coffee Makers
IT62660,Delonghi,"Delonghi ECAM 450.86.T Eletta Explore Cold Brew Coffee Machine, Black",Coffee Maker,coffee-maker,kitchen-and-dining/coffee-tea-and-beverage-machines/filter-and-capsule-coffee-makers,Kitchen & Dining,"Coffee, Tea & Beverage Machines",Filter & Capsule Coffee Makers
IT62887,Ufesa,Ufesa CG7115 Capriccio 6 Delux Drip Coffee Maker,Coffee Maker,coffee-maker,kitchen-and-dining/coffee-tea-and-beverage-machines/filter-and-capsule-coffee-makers,Kitchen & Dining,"Coffee, Tea & Beverage Machines",Filter & Capsule Coffee Makers
IT66909,Cuisinart,Cuisinart DGB2U Grind&Brew Coffee,Coffee Maker,coffee-maker,kitchen-and-dining/coffee-tea-and-beverage-machines/filter-and-capsule-coffee-makers,Kitchen & Dining,"Coffee, Tea & Beverage Machines",Filter & Capsule Coffee Makers
2E-KDM120-PBL,Kalko,"KALKO KDM120-PBL, Frappe Mixer 150W, Black",Frappe Mixer,frappe-mixer,kitchen-and-dining/coffee-tea-and-beverage-machines/frappe-and-milkshake-mixers,Kitchen & Dining,"Coffee, Tea & Beverage Machines",Frappe & Milkshake Mixers
2E-KDM120-PRD,Kalko,"Kalko KDM120-PRD Frappe Mixer, Red",Frappe Mixer,frappe-mixer,kitchen-and-dining/coffee-tea-and-beverage-machines/frappe-and-milkshake-mixers,Kitchen & Dining,"Coffee, Tea & Beverage Machines",Frappe & Milkshake Mixers
2E-KDM120-PSV,Kalko,"KALKO KDM120-PSV Frappe Mixer 150W, Silver",Frappe Mixer,frappe-mixer,kitchen-and-dining/coffee-tea-and-beverage-machines/frappe-and-milkshake-mixers,Kitchen & Dining,"Coffee, Tea & Beverage Machines",Frappe & Milkshake Mixers
47-DNE302HB,Domotec,"Domotec DNE302HB Frappe Mixer Stand 100W, Black",Frappe Mixer,frappe-mixer,kitchen-and-dining/coffee-tea-and-beverage-machines/frappe-and-milkshake-mixers,Kitchen & Dining,"Coffee, Tea & Beverage Machines",Frappe & Milkshake Mixers
47-DNE302HS,Domotec,"Domotec DNE302HS Frappe Mixer Stand 100W, Silver",Frappe Mixer,frappe-mixer,kitchen-and-dining/coffee-tea-and-beverage-machines/frappe-and-milkshake-mixers,Kitchen & Dining,"Coffee, Tea & Beverage Machines",Frappe & Milkshake Mixers
47-DNE302HW,,"Domotec DNE302HW Frappe Mixer 100W, White",Frappe Mixer,frappe-mixer,kitchen-and-dining/coffee-tea-and-beverage-machines/frappe-and-milkshake-mixers,Kitchen & Dining,"Coffee, Tea & Beverage Machines",Frappe & Milkshake Mixers
08-TWK8613P,Bosch,"Bosch TWK8613P Styline Kettle – 1.5L Capacity, 2400W, Temperature Control, Keep Warm Function – Black/Stainless Steel",Kettle,kettle,kitchen-and-dining/coffee-tea-and-beverage-machines/kettles,Kitchen & Dining,"Coffee, Tea & Beverage Machines",Kettles
47-BW442D10,Krups,"Krups BW 442 D 1.7L 2400W Black,Stainless steel electric kettle",Kettle,kettle,kitchen-and-dining/coffee-tea-and-beverage-machines/kettles,Kitchen & Dining,"Coffee, Tea & Beverage Machines",Kettles
MR-100101,Morphy Richards,"Morphy Richards 100101 Kettle Evoke Special Edition, Bronze",Kettle,kettle,kitchen-and-dining/coffee-tea-and-beverage-machines/kettles,Kitchen & Dining,"Coffee, Tea & Beverage Machines",Kettles
MR-100133,Morphy Richards,"Morphy Richards 100133 Venture Pyramid Kettle, Red",Kettle,kettle,kitchen-and-dining/coffee-tea-and-beverage-machines/kettles,Kitchen & Dining,"Coffee, Tea & Beverage Machines",Kettles
MR-100134,Morphy Richards,"Morphy Richards 100134 Venture Pyramid Kettle, White",Kettle,kettle,kitchen-and-dining/coffee-tea-and-beverage-machines/kettles,Kitchen & Dining,"Coffee, Tea & Beverage Machines",Kettles
MR-100742,Morphy Richards,"Morphy Richards 100742 Signature Opulent Jug Kettle, Copper",Kettle,kettle,kitchen-and-dining/coffee-tea-and-beverage-machines/kettles,Kitchen & Dining,"Coffee, Tea & Beverage Machines",Kettles
MR-100743,Morphy Richards,"Morphy Richards 100743 Signature Opulent Kettle, Gold",Kettle,kettle,kitchen-and-dining/coffee-tea-and-beverage-machines/kettles,Kitchen & Dining,"Coffee, Tea & Beverage Machines",Kettles
MR-102781,Morphy Richards,"Morphy Richards 102781 Stainless Steel Jug Kettle Rapid Boil, 3000 W, 1.7 liters, Cream",Kettle,kettle,kitchen-and-dining/coffee-tea-and-beverage-machines/kettles,Kitchen & Dining,"Coffee, Tea & Beverage Machines",Kettles
MR-102785,Morphy Richards,"Morphy Richards 102785 Equip Jug Kettle, Red",Kettle,kettle,kitchen-and-dining/coffee-tea-and-beverage-machines/kettles,Kitchen & Dining,"Coffee, Tea & Beverage Machines",Kettles
MR-108104,Morphy Richards,"Morphy Richards 108104 Prism Kettle, Blue",Kettle,kettle,kitchen-and-dining/coffee-tea-and-beverage-machines/kettles,Kitchen & Dining,"Coffee, Tea & Beverage Machines",Kettles
MR-108131,Morphy Richards,"Morphy Richards 108131 Vector Pyramid Kettle , Black",Kettle,kettle,kitchen-and-dining/coffee-tea-and-beverage-machines/kettles,Kitchen & Dining,"Coffee, Tea & Beverage Machines",Kettles
MR-108134,Morphy Richards,Morphy Richards 108134 Vector Pyramid Kettle White,Kettle,kettle,kitchen-and-dining/coffee-tea-and-beverage-machines/kettles,Kitchen & Dining,"Coffee, Tea & Beverage Machines",Kettles
MR-108271,Morphy Richards,Morphy Richards 108271 Kettle Hive Black,Kettle,kettle,kitchen-and-dining/coffee-tea-and-beverage-machines/kettles,Kitchen & Dining,"Coffee, Tea & Beverage Machines",Kettles
MR-108273,Morphy Richards,"Morphy Richards 108273 Kettle Hive, Grey",Kettle,kettle,kitchen-and-dining/coffee-tea-and-beverage-machines/kettles,Kitchen & Dining,"Coffee, Tea & Beverage Machines",Kettles
RH-23912,Russell Hobbs,Russell Hobbs 23912 Adventure Kettle,Kettle,kettle,kitchen-and-dining/coffee-tea-and-beverage-machines/kettles,Kitchen & Dining,"Coffee, Tea & Beverage Machines",Kettles
RH-26380,Russell Hobbs,"Russell Hobbs 26380 Groove Kettle, Black",Kettle,kettle,kitchen-and-dining/coffee-tea-and-beverage-machines/kettles,Kitchen & Dining,"Coffee, Tea & Beverage Machines",Kettles
RH-28080,Russell Hobbs,Russell Hobbs 28080 Structure Kettle White,Kettle,kettle,kitchen-and-dining/coffee-tea-and-beverage-machines/kettles,Kitchen & Dining,"Coffee, Tea & Beverage Machines",Kettles
3G-040-114-05-000/0,Fissler,Fissler 040-114-05-000/0 Copenhagen 5-Piece Stainless Steel Cookware Set,Cookware Set,cookware-set,kitchen-and-dining/cookware-and-bakeware/cookware-sets,Kitchen & Dining,Cookware & Bakeware,Cookware Sets
3G-084-128-04-000/0,Fissler,Fissler 084-128-04-000/0 Original Profi Collection Pan Set 4Pcs 16/20/24+SCP16,Cookware Set,cookware-set,kitchen-and-dining/cookware-and-bakeware/cookware-sets,Kitchen & Dining,Cookware & Bakeware,Cookware Sets
3G-086-114-05-000/0,Fissler,Fissler Pure Collection Set - 5 Pcs 24cm + CA 30cm,Cookware Set,cookware-set,kitchen-and-dining/cookware-and-bakeware/cookware-sets,Kitchen & Dining,Cookware & Bakeware,Cookware Sets
3G-156-114-03-000/0,Fissler,Fissler 156-114-03-000/0 Adamant 3pcs Set,Cookware Set,cookware-set,kitchen-and-dining/cookware-and-bakeware/cookware-sets,Kitchen & Dining,Cookware & Bakeware,Cookware Sets
3G-045-300-20-100/0,Fissler,"Fissler 45-300-20-100 Cenit Non-Stick Frying Pan, 20cm, Black",Frying Pan,frying-pan,kitchen-and-dining/cookware-and-bakeware/frying-pans-and-grill-pans,Kitchen & Dining,Cookware & Bakeware,Frying Pans & Grill Pans
3G-045-300-24-100/0,Fissler,"Fissler 45-300-24-100 Cenit Non-Stick Frying Pan, 24cm, Black",Frying Pan,frying-pan,kitchen-and-dining/cookware-and-bakeware/frying-pans-and-grill-pans,Kitchen & Dining,Cookware & Bakeware,Frying Pans & Grill Pans
3G-045-301-28-100/0,Fissler,"Fissler 045-301-28-100/0 Cenit Induction Frying Pan 28cm, Black",Frying Pan,frying-pan,kitchen-and-dining/cookware-and-bakeware/frying-pans-and-grill-pans,Kitchen & Dining,Cookware & Bakeware,Frying Pans & Grill Pans
3G-045-601-28-100/0,Fissler,Fissler 045-601-28-100/0 Cenit Grill Pan Induction 28cm,Frying Pan,frying-pan,kitchen-and-dining/cookware-and-bakeware/frying-pans-and-grill-pans,Kitchen & Dining,Cookware & Bakeware,Frying Pans & Grill Pans
3G-084-378-24-100/0,Fissler,Fissler 3G-084-378-24-100/0 Original Profi Grill Pan - 24cm,Frying Pan,frying-pan,kitchen-and-dining/cookware-and-bakeware/frying-pans-and-grill-pans,Kitchen & Dining,Cookware & Bakeware,Frying Pans & Grill Pans
3G-084-378-28-100/0,Fissler,Fissler 084-378-28-100/0 Original Profi Grill Pan 28cm SS,Frying Pan,frying-pan,kitchen-and-dining/cookware-and-bakeware/frying-pans-and-grill-pans,Kitchen & Dining,Cookware & Bakeware,Frying Pans & Grill Pans
3G-084-388-28-100/0,Fissler,Fissler 084-388-28-100/0 Original Profi Pan,Frying Pan,frying-pan,kitchen-and-dining/cookware-and-bakeware/frying-pans-and-grill-pans,Kitchen & Dining,Cookware & Bakeware,Frying Pans & Grill Pans
3G-157-121-28-100/0,Fissler,Fissler 157-121-28-100/0 Levital Classic Frying Pan 28cm,Frying Pan,frying-pan,kitchen-and-dining/cookware-and-bakeware/frying-pans-and-grill-pans,Kitchen & Dining,Cookware & Bakeware,Frying Pans & Grill Pans
3G-157-304-24-100/0,Fissler,Fissler 157-304-24-100/0 Adamant Classic Frying Pan 24cm,Frying Pan,frying-pan,kitchen-and-dining/cookware-and-bakeware/frying-pans-and-grill-pans,Kitchen & Dining,Cookware & Bakeware,Frying Pans & Grill Pans
3G-157-304-26-100/0,Fissler,Fissler 157-304-26-100/0 Adamat Classic Pan 26cm,Frying Pan,frying-pan,kitchen-and-dining/cookware-and-bakeware/frying-pans-and-grill-pans,Kitchen & Dining,Cookware & Bakeware,Frying Pans & Grill Pans
3G-157-304-28-100/0,Fissler,Fissler 157-304-28-100/0 Adamat Classic Frying Pan 28 cm,Frying Pan,frying-pan,kitchen-and-dining/cookware-and-bakeware/frying-pans-and-grill-pans,Kitchen & Dining,Cookware & Bakeware,Frying Pans & Grill Pans
3G-159-105-24-100/0,Fissler,Fissler 159-105-24-100/0 Adamant Comfort Frying Pan 24cm,Frying Pan,frying-pan,kitchen-and-dining/cookware-and-bakeware/frying-pans-and-grill-pans,Kitchen & Dining,Cookware & Bakeware,Frying Pans & Grill Pans
3G-159-105-28-100/0,Fissler,Fissler 159-105-28-100/0 Adamant Comfort Pan 28cm,Frying Pan,frying-pan,kitchen-and-dining/cookware-and-bakeware/frying-pans-and-grill-pans,Kitchen & Dining,Cookware & Bakeware,Frying Pans & Grill Pans
3G-159-220-26-100/0,Fissler,"Fissler 159-220-26-100/0 Ceratal Comfort Pan, 26cm",Frying Pan,frying-pan,kitchen-and-dining/cookware-and-bakeware/frying-pans-and-grill-pans,Kitchen & Dining,Cookware & Bakeware,Frying Pans & Grill Pans
3G-001-104-22-200/0,Fissler,Fissler 001-104-22-200/0 Glass Lid 22cm,Cookware Lid,cookware-lid,kitchen-and-dining/cookware-and-bakeware/lids-and-cookware-accessories,Kitchen & Dining,Cookware & Bakeware,Lids & Cookware Accessories
3G-001-104-24-200/0,Fissler,Fissler 001-104-24-200/0 Glass Lid 24cm,Cookware Lid,cookware-lid,kitchen-and-dining/cookware-and-bakeware/lids-and-cookware-accessories,Kitchen & Dining,Cookware & Bakeware,Lids & Cookware Accessories
3G-001-104-26-200/0,Fissler,Fissler 001-104-22-200/0 Glass Lid 26cm,Cookware Lid,cookware-lid,kitchen-and-dining/cookware-and-bakeware/lids-and-cookware-accessories,Kitchen & Dining,Cookware & Bakeware,Lids & Cookware Accessories
3G-001-804-32-200/0,Fissler,Fissler 001-804-32-200/0 Glass Lid 32cm,Cookware Lid,cookware-lid,kitchen-and-dining/cookware-and-bakeware/lids-and-cookware-accessories,Kitchen & Dining,Cookware & Bakeware,Lids & Cookware Accessories
3G-081-110-20-600/0,Fissler,Fissler 081-110-20-600/0 Cooking Pot With Glass Lid 20cm,Cookware Lid,cookware-lid,kitchen-and-dining/cookware-and-bakeware/lids-and-cookware-accessories,Kitchen & Dining,Cookware & Bakeware,Lids & Cookware Accessories
3G-156-115-20-000/0,Fissler,Fissler 156-115-20-000/0 Stew Pot With Glass Lid 20cm,Cookware Lid,cookware-lid,kitchen-and-dining/cookware-and-bakeware/lids-and-cookware-accessories,Kitchen & Dining,Cookware & Bakeware,Lids & Cookware Accessories
3G-185-000-24-200/0,Fissler,Fissler 185-000-24-200/0 Premium Glass Lid for Frypan 24cm,Cookware Lid,cookware-lid,kitchen-and-dining/cookware-and-bakeware/lids-and-cookware-accessories,Kitchen & Dining,Cookware & Bakeware,Lids & Cookware Accessories
3G-610-700-00-800/0,Fissler,Fissler 610-700-00-800/0 Vitaquick Inset with Tripod 26cm,Cookware Insert,cookware-insert,kitchen-and-dining/cookware-and-bakeware/lids-and-cookware-accessories,Kitchen & Dining,Cookware & Bakeware,Lids & Cookware Accessories
3G-040-113-20-000/0,Fissler,Fissler 040-113-20-000/0 San Francisco Stewpot 20cm,Pot & Casserole,pot-and-casserole,kitchen-and-dining/cookware-and-bakeware/pots-and-casseroles,Kitchen & Dining,Cookware & Bakeware,Pots & Casseroles
3G-040-123-16-000/0,Fissler,Fissler 040-123-16-000/0 San Francisco Casserole 16cm,Pot & Casserole,pot-and-casserole,kitchen-and-dining/cookware-and-bakeware/pots-and-casseroles,Kitchen & Dining,Cookware & Bakeware,Pots & Casseroles
3G-040-123-20-000/0,Fissler,Fissler 040-123-20-000/0 San Francisco Stainless Steel Casserole 20cm,Pot & Casserole,pot-and-casserole,kitchen-and-dining/cookware-and-bakeware/pots-and-casseroles,Kitchen & Dining,Cookware & Bakeware,Pots & Casseroles
3G-084-118-24-000/0,Fissler,Fissler 084-118-24-000/0 Original Profi Stew Pot 24cm,Pot & Casserole,pot-and-casserole,kitchen-and-dining/cookware-and-bakeware/pots-and-casseroles,Kitchen & Dining,Cookware & Bakeware,Pots & Casseroles
3G-084-138-24-000/0,Fissler,Fissler 084-138-24-000/0 Original Profi Collection Casserole 24cm,Pot & Casserole,pot-and-casserole,kitchen-and-dining/cookware-and-bakeware/pots-and-casseroles,Kitchen & Dining,Cookware & Bakeware,Pots & Casseroles
3G-156-115-24-000/0,Fissler,Fissler 156-115-24-000/0 Adamant Cooking Pot 24cm,Pot & Casserole,pot-and-casserole,kitchen-and-dining/cookware-and-bakeware/pots-and-casseroles,Kitchen & Dining,Cookware & Bakeware,Pots & Casseroles
3G-600-810-10-000/0,Fissler,Fissler 600-810-10-000/0 Vitaquick Pressure Cooker 26cm 10L,Pressure Cooker,pressure-cooker,kitchen-and-dining/cookware-and-bakeware/pressure-cookers,Kitchen & Dining,Cookware & Bakeware,Pressure Cookers
3G-602-410-04-000/0,Fissler,Fissler 602-410-04-000/0 VQ Premium Pressure Cooker - 22cm - 4.5L,Pressure Cooker,pressure-cooker,kitchen-and-dining/cookware-and-bakeware/pressure-cookers,Kitchen & Dining,Cookware & Bakeware,Pressure Cookers
3G-602-410-04-070/0,Fissler,Fissler 602-410-04-070/0 Vitaquick Premium Cooker With Tripod 22CM 4.5L,Pressure Cooker,pressure-cooker,kitchen-and-dining/cookware-and-bakeware/pressure-cookers,Kitchen & Dining,Cookware & Bakeware,Pressure Cookers
3G-602-410-06-000/0,Fissler,Fissler 602-410-06-000/0 VQ Premium Pressure Cooker - 22cm - 6L,Pressure Cooker,pressure-cooker,kitchen-and-dining/cookware-and-bakeware/pressure-cookers,Kitchen & Dining,Cookware & Bakeware,Pressure Cookers
3G-602-410-06-070/0,Fissler,Fissler 602-410-06-070/0 Vitaquick Premium Cooker With Tripod 22CM 6L,Pressure Cooker,pressure-cooker,kitchen-and-dining/cookware-and-bakeware/pressure-cookers,Kitchen & Dining,Cookware & Bakeware,Pressure Cookers
3G-602-810-08-000/0,Fissler,Fissler 602-810-08-000/00 Premium Pressue Cooker 26cm 8.0L,Pressure Cooker,pressure-cooker,kitchen-and-dining/cookware-and-bakeware/pressure-cookers,Kitchen & Dining,Cookware & Bakeware,Pressure Cookers
3G-602-810-08-070/0,Fissler,Fissler 602-810-08-070/0 Vitaquick Premium Cooker With Tripod 22 CM 8L,Pressure Cooker,pressure-cooker,kitchen-and-dining/cookware-and-bakeware/pressure-cookers,Kitchen & Dining,Cookware & Bakeware,Pressure Cookers
3G-602-810-10-000/0,Fissler,Fissler 602-810-10-000/0 Vitaquick Premium Pressure Cooker 26 cm 10L,Pressure Cooker,pressure-cooker,kitchen-and-dining/cookware-and-bakeware/pressure-cookers,Kitchen & Dining,Cookware & Bakeware,Pressure Cookers
3G-602-810-10-070/0,Fissler,Fissler 602-810-10-070/0 Vitaquick Premium Cooker With Tripod 22CM 10L,Pressure Cooker,pressure-cooker,kitchen-and-dining/cookware-and-bakeware/pressure-cookers,Kitchen & Dining,Cookware & Bakeware,Pressure Cookers
3G-620-300-04-070/0,Fissler,"Fissler 620-300-04-070/0 Vitavit Premium Pressure Cooker 22cm, 4.5L",Pressure Cooker,pressure-cooker,kitchen-and-dining/cookware-and-bakeware/pressure-cookers,Kitchen & Dining,Cookware & Bakeware,Pressure Cookers
3G-622-412-06-070/0,Fissler,Fissler 622-412-06-070/0 Vitavit Premium Pressure Cooker with Steamer Insert 6L,Pressure Cooker,pressure-cooker,kitchen-and-dining/cookware-and-bakeware/pressure-cookers,Kitchen & Dining,Cookware & Bakeware,Pressure Cookers
3G-045-801-28-100/0,Fissler,Fissler 045-801-28-100/0 Cenit Induction Wok Pan 28cm,Wok,wok,kitchen-and-dining/cookware-and-bakeware/woks,Kitchen & Dining,Cookware & Bakeware,Woks
3G-100-800-32-100/0,Fissler,Fissler 100-800-32-100/0 Adamant Wok Pan 32cm,Wok,wok,kitchen-and-dining/cookware-and-bakeware/woks,Kitchen & Dining,Cookware & Bakeware,Woks
3G-157-805-28-100/0,Fissler,Fissler 157-805-28-100/0 Adamant Non-Stick Wok Pan 28cm,Wok,wok,kitchen-and-dining/cookware-and-bakeware/woks,Kitchen & Dining,Cookware & Bakeware,Woks
CED-IZZY-224638,Midea,Izzy Dual XXXL 11lt Air Fryer,Air Fryer,air-fryer,kitchen-and-dining/countertop-cooking-appliances/air-fryers,Kitchen & Dining,Countertop Cooking Appliances,Air Fryers
CED-IZZY-224915,Midea,Izzy Dual XXL 10lt Air Fryer,Air Fryer,air-fryer,kitchen-and-dining/countertop-cooking-appliances/air-fryers,Kitchen & Dining,Countertop Cooking Appliances,Air Fryers
MR-470006,Morphy Richards,Morphy Richards 470006 Intellisteam 1600W Kitchen Food Steamer,Food Steamer,food-steamer,kitchen-and-dining/countertop-cooking-appliances/food-steamers,Kitchen & Dining,Countertop Cooking Appliances,Food Steamers
MR-48755,Morphy Richards,"Morphy Richards 48755 Food Steamer 3-Tier, Stainless Steel",Food Steamer,food-steamer,kitchen-and-dining/countertop-cooking-appliances/food-steamers,Kitchen & Dining,Countertop Cooking Appliances,Food Steamers
CED-MD-MMOP01MZ-BK,Midea,"Midea MMOP01MZ-BK Microwave Oven, Black",Microwave Oven,microwave-oven,kitchen-and-dining/countertop-cooking-appliances/microwave-ovens,Kitchen & Dining,Countertop Cooking Appliances,Microwave Ovens
CED-MMO-AG25VB(BK),Midea,"MIidea Microwave Oven with Grill Function 25L 900W, Black",Microwave Oven,microwave-oven,kitchen-and-dining/countertop-cooking-appliances/microwave-ovens,Kitchen & Dining,Countertop Cooking Appliances,Microwave Ovens
IT69166,Wilson,"WILSON WMO2075LABK.UK Microwave 20 Litres, Black",Microwave Oven,microwave-oven,kitchen-and-dining/countertop-cooking-appliances/microwave-ovens,Kitchen & Dining,Countertop Cooking Appliances,Microwave Ovens
3W-AR1F402,Ardes,Ardes AR1F402 ARON Portable Induction Hob 2000W Digital,Portable Hob,portable-hob,kitchen-and-dining/countertop-cooking-appliances/portable-hobs-and-cooking-plates,Kitchen & Dining,Countertop Cooking Appliances,Portable Hobs & Cooking Plates
IT64530,LIFE,LIFE 221-0378 Single Electric Ceramic Hob,Portable Hob,portable-hob,kitchen-and-dining/countertop-cooking-appliances/portable-hobs-and-cooking-plates,Kitchen & Dining,Countertop Cooking Appliances,Portable Hobs & Cooking Plates
IT70610,Ufesa,"UFESA AR4080 Rice Cooker, Black",Rice & Slow Cooker,rice-and-slow-cooker,kitchen-and-dining/countertop-cooking-appliances/rice-and-slow-cookers,Kitchen & Dining,Countertop Cooking Appliances,Rice & Slow Cookers
MR-460017,Morphy Richards,"Morphy Richards 460017 Slow Cooker 3.5L, Stainless Steel",Rice & Slow Cooker,rice-and-slow-cooker,kitchen-and-dining/countertop-cooking-appliances/rice-and-slow-cookers,Kitchen & Dining,Countertop Cooking Appliances,Rice & Slow Cookers
RH-25630,Russell Hobbs,"Russell Hobbs 25630 Sous Vide and Slow Cooker - Black, 6.5L",Rice & Slow Cooker,rice-and-slow-cooker,kitchen-and-dining/countertop-cooking-appliances/rice-and-slow-cookers,Kitchen & Dining,Countertop Cooking Appliances,Rice & Slow Cookers
RH-27030,Russell Hobbs,Russell Hobbs 27030 Medium Rice Cooker/Steamer,Rice & Slow Cooker,rice-and-slow-cooker,kitchen-and-dining/countertop-cooking-appliances/rice-and-slow-cookers,Kitchen & Dining,Countertop Cooking Appliances,Rice & Slow Cookers
AMZ-DE-B0FJ8ZVCVW,,"Ninja NC502EU CREAMi Deluxe Ice and Ice Drink Machine with 2 Cups, 10 Functions, Makes Ice Cream, Gelato, Sorbet, Frozen Yoghurt, Milkshakes, Slushi & More, 2-in-1 Flavour Option, Silver",Speciality Cooking Appliance,speciality-cooking-appliance,kitchen-and-dining/countertop-cooking-appliances/speciality-cooking-appliances,Kitchen & Dining,Countertop Cooking Appliances,Speciality Cooking Appliances
HADJ-GAS-42800,Gastroback,"Gastroback 42800 Design Mini Egg Cooker, 350W, Black / Stainless Steel",Speciality Cooking Appliance,speciality-cooking-appliance,kitchen-and-dining/countertop-cooking-appliances/speciality-cooking-appliances,Kitchen & Dining,Countertop Cooking Appliances,Speciality Cooking Appliances
MR-245742,Morphy Richards,"Morphy Richards 245742 Signature Toaster 4Slice, Copper",Toaster,toaster,kitchen-and-dining/countertop-cooking-appliances/toasters,Kitchen & Dining,Countertop Cooking Appliances,Toasters
MR-245743,Morphy Richards,"Morphy Richards 245743 Signature Toaster 4Slice, Gold",Toaster,toaster,kitchen-and-dining/countertop-cooking-appliances/toasters,Kitchen & Dining,Countertop Cooking Appliances,Toasters
RH-24371,Russell Hobbs,Russell Hobbs 24371 Inspire Toaster Black,Toaster,toaster,kitchen-and-dining/countertop-cooking-appliances/toasters,Kitchen & Dining,Countertop Cooking Appliances,Toasters
ATH-BORBONE-CLASSIC-COFFEE-BEANS-1KG,,Borbone Crema Classica 1000g Coffee Beans - Aromatico,Coffee,coffee,kitchen-and-dining/food-and-beverages/coffee,Kitchen & Dining,Food & Beverages,Coffee
ATH-LAIKO-GOLD200-PO3,Laiko Kafekoptio,3 x Laiko GOLD Cyprus Traditional Coffee 200g,Coffee,coffee,kitchen-and-dining/food-and-beverages/coffee,Kitchen & Dining,Food & Beverages,Coffee
ATH-NES-CLAS-2.7KG,Nescafe,Nescafe Classic Instant Coffee 2.75 Kg,Coffee,coffee,kitchen-and-dining/food-and-beverages/coffee,Kitchen & Dining,Food & Beverages,Coffee
ATH-NES-CLAS-200G,Nescafe,Nescafe Classic Instant Coffee 200g,Coffee,coffee,kitchen-and-dining/food-and-beverages/coffee,Kitchen & Dining,Food & Beverages,Coffee
ATH-NES-CLAS-200G-PO2,Nescafe,2 x Nescafe Classic Instant Coffee 200g,Coffee,coffee,kitchen-and-dining/food-and-beverages/coffee,Kitchen & Dining,Food & Beverages,Coffee
ATH-NES-CLAS-700G,Nescafe,Nescafe Classic Instant Coffee 700g,Coffee,coffee,kitchen-and-dining/food-and-beverages/coffee,Kitchen & Dining,Food & Beverages,Coffee
ATH-NES-CLAS-DECAF-200G,Nescafe,Nescafe Classic Decaf Instant Coffee 200g,Coffee,coffee,kitchen-and-dining/food-and-beverages/coffee,Kitchen & Dining,Food & Beverages,Coffee
ATH-NES-COLOMBIA-100G,Nescafe,Nescafe Gold Blend Origins Cap Colombia Instant Coffee 100g,Coffee,coffee,kitchen-and-dining/food-and-beverages/coffee,Kitchen & Dining,Food & Beverages,Coffee
VE-10010002,Nescafe,Nescafe Classic Instant Coffee 200g,Coffee,coffee,kitchen-and-dining/food-and-beverages/coffee,Kitchen & Dining,Food & Beverages,Coffee
VAS-VARIOUS-CAPSULES,,Various Nespresso Capsules,Coffee Capsules,coffee-capsules,kitchen-and-dining/food-and-beverages/coffee-capsules,Kitchen & Dining,Food & Beverages,Coffee Capsules
ATH-NOUNOU-LIGHTx50,Nounou,Nounou Evapore Light Milk x10,Grocery,grocery,kitchen-and-dining/food-and-beverages/milk-and-grocery,Kitchen & Dining,Food & Beverages,Milk & Grocery
CED-224106,Midea,IZZY IZ-6904 Multi Blender 2 in 1,Blender,blender,kitchen-and-dining/food-preparation-appliances/blenders,Kitchen & Dining,Food Preparation Appliances,Blenders
CED-224140,Midea,"IZZY IZ-1701 Hand Blender, Chop 2 in 1",Blender,blender,kitchen-and-dining/food-preparation-appliances/blenders,Kitchen & Dining,Food Preparation Appliances,Blenders
IT50448,Kenwood,"Kenwood BLP41.A0WH Blend-X Fresh Blender – 2L Capacity, 650W Motor, 3 Speeds + Pulse, Ice Crush Function, Stainless Steel Blades, Dishwasher-Safe Parts – White",Blender,blender,kitchen-and-dining/food-preparation-appliances/blenders,Kitchen & Dining,Food Preparation Appliances,Blenders
IT58186,Nutribullet,"Nutribullet NB606DG Blender, Metallic Grey",Blender,blender,kitchen-and-dining/food-preparation-appliances/blenders,Kitchen & Dining,Food Preparation Appliances,Blenders
IT58187,Nutribullet,"Nutribullet NB907CP Pro Blender, Gold",Blender,blender,kitchen-and-dining/food-preparation-appliances/blenders,Kitchen & Dining,Food Preparation Appliances,Blenders
IT58188,Nutribullet,"Nutribullet NBF500DG Blender Combo, Black",Blender,blender,kitchen-and-dining/food-preparation-appliances/blenders,Kitchen & Dining,Food Preparation Appliances,Blenders
IT65827,Nutribullet,"Nutribullet MBR06B Magicbullet Blender, Black",Blender,blender,kitchen-and-dining/food-preparation-appliances/blenders,Kitchen & Dining,Food Preparation Appliances,Blenders
IT68853,Ninja,Ninja TB401EU Detect Power Blender & Processor Pro,Blender,blender,kitchen-and-dining/food-preparation-appliances/blenders,Kitchen & Dining,Food Preparation Appliances,Blenders
IT69283,Nutribullet,"Nutribullet NBP003NBL To Go Blender,  Navy Blue",Blender,blender,kitchen-and-dining/food-preparation-appliances/blenders,Kitchen & Dining,Food Preparation Appliances,Blenders
IT69287,Nutribullet,"Nutribullet NB907MASN Pro Blender, Cream",Blender,blender,kitchen-and-dining/food-preparation-appliances/blenders,Kitchen & Dining,Food Preparation Appliances,Blenders
IT69478,Nutribullet,"Nutribullet NB1206DG Blender, Grey",Blender,blender,kitchen-and-dining/food-preparation-appliances/blenders,Kitchen & Dining,Food Preparation Appliances,Blenders
IT70079,Nutribullet,"Nutribullet To Go Blender, Light Blue",Blender,blender,kitchen-and-dining/food-preparation-appliances/blenders,Kitchen & Dining,Food Preparation Appliances,Blenders
IT70082,Nutribullet,"Nutribullet NB907MAJD Pro Blender, Green",Blender,blender,kitchen-and-dining/food-preparation-appliances/blenders,Kitchen & Dining,Food Preparation Appliances,Blenders
IT73900,Nutribullet,"Nutribullet NBP013BL Flex To Go Blender, Blue",Blender,blender,kitchen-and-dining/food-preparation-appliances/blenders,Kitchen & Dining,Food Preparation Appliances,Blenders
IT73901,Nutribullet,"Nutribullet NBP013GM Flex To Go Blender, Metallic Grey",Blender,blender,kitchen-and-dining/food-preparation-appliances/blenders,Kitchen & Dining,Food Preparation Appliances,Blenders
IT73902,Nutribullet,"Nutribullet  NBP013W Flex To Go Blender, White",Blender,blender,kitchen-and-dining/food-preparation-appliances/blenders,Kitchen & Dining,Food Preparation Appliances,Blenders
IT74505,Nutribullet,"Nutribullet NBP013VT Flex Port Blender, Purple",Blender,blender,kitchen-and-dining/food-preparation-appliances/blenders,Kitchen & Dining,Food Preparation Appliances,Blenders
MR-403060,Morphy Richards,"Morphy Richards 403060 Compact Blender, Blue",Blender,blender,kitchen-and-dining/food-preparation-appliances/blenders,Kitchen & Dining,Food Preparation Appliances,Blenders
NBP013OR,Nutribullet,"Nutribullet NBP013OR Flex Port Blender, Orange",Blender,blender,kitchen-and-dining/food-preparation-appliances/blenders,Kitchen & Dining,Food Preparation Appliances,Blenders
RH-23180,Russell Hobbs,Russell Hobbs 23180 Nutriboost Blender,Blender,blender,kitchen-and-dining/food-preparation-appliances/blenders,Kitchen & Dining,Food Preparation Appliances,Blenders
08-MMR08R2,Bosch,"Bosch MMR08R2 Food Chopper, 400W, Red/Grey",Food Processor,food-processor,kitchen-and-dining/food-preparation-appliances/food-processors-and-choppers,Kitchen & Dining,Food Preparation Appliances,Food Processors & Choppers
IT48755,Kenwood,Kenwood FDM301SS MultiPro Compact Food Processor,Food Processor,food-processor,kitchen-and-dining/food-preparation-appliances/food-processors-and-choppers,Kitchen & Dining,Food Preparation Appliances,Food Processors & Choppers
IT57048,Kenwood,"Kenwood CHP61.100WH Easy Chop Chopper, 0.5L Bowl, 2 Speeds, White",Food Processor,food-processor,kitchen-and-dining/food-preparation-appliances/food-processors-and-choppers,Kitchen & Dining,Food Preparation Appliances,Food Processors & Choppers
IT66901,Cuisinart,Cuisinart FP8U Easy Prep Pro Food Processor – 1.9L Capacity,Food Processor,food-processor,kitchen-and-dining/food-preparation-appliances/food-processors-and-choppers,Kitchen & Dining,Food Preparation Appliances,Food Processors & Choppers
08-MCP3000,Bosch,"Bosch MCP3000 Juicer, White",Juicer,juicer,kitchen-and-dining/food-preparation-appliances/juicers-and-citrus-presses,Kitchen & Dining,Food Preparation Appliances,Juicers & Citrus Presses
3V-JU370810,Moulinex,"Moulinex JU370810 Frutelia Plus Juicer, Black",Juicer,juicer,kitchen-and-dining/food-preparation-appliances/juicers-and-citrus-presses,Kitchen & Dining,Food Preparation Appliances,Juicers & Citrus Presses
92-HR2738/00,Philips,"Philips HR2738/00 Daily Collection Citrus Press 25W, White",Juicer,juicer,kitchen-and-dining/food-preparation-appliances/juicers-and-citrus-presses,Kitchen & Dining,Food Preparation Appliances,Juicers & Citrus Presses
RH-22760,Russell Hobbs,Russell Hobbs 22760 Classics Citrus Press,Juicer,juicer,kitchen-and-dining/food-preparation-appliances/juicers-and-citrus-presses,Kitchen & Dining,Food Preparation Appliances,Juicers & Citrus Presses
08-MFW67440,Bosch,"Bosch Meat Grinder with a Power of 700 W MFW67440, Black / Silver",Meat Grinder,meat-grinder,kitchen-and-dining/food-preparation-appliances/meat-grinders,Kitchen & Dining,Food Preparation Appliances,Meat Grinders
CED-223636,Izzy,"IZZY  IZ-1500 Spicy Stand Mixer, Red",Stand Mixer,stand-mixer,kitchen-and-dining/food-preparation-appliances/stand-and-hand-mixers,Kitchen & Dining,Food Preparation Appliances,Stand & Hand Mixers
HADJ-A-5KSM180WSBEG,,KitchenAid 5KSM180WSBEG Artisan Mixer 4.8L Evergreen,Stand Mixer,stand-mixer,kitchen-and-dining/food-preparation-appliances/stand-and-hand-mixers,Kitchen & Dining,Food Preparation Appliances,Stand & Hand Mixers
LE-3233,Leifheit,"Leifheit 3233 Vacuum Food Storage Container Set – 3-Piece Set with 500ml, 800ml, and 1400ml Containers, Includes Hose with Adapter, Compatible with Vacu Power Vacuum Appliances",Vacuum Sealer & Container,vacuum-sealer-and-container,kitchen-and-dining/food-preparation-appliances/vacuum-sealers-and-food-storage,Kitchen & Dining,Food Preparation Appliances,Vacuum Sealers & Food Storage
LE-3238,Leifheit,Leifheit 3238 Vacuum Sealer Rolls 30X600CM,Vacuum Sealer & Container,vacuum-sealer-and-container,kitchen-and-dining/food-preparation-appliances/vacuum-sealers-and-food-storage,Kitchen & Dining,Food Preparation Appliances,Vacuum Sealers & Food Storage
3G-059-057-30-000/0,Fissler,Fissler 059-057-30-000/0 Black Edition Spaghetti Lifter,Cooking Utensil,cooking-utensil,kitchen-and-dining/kitchen-tools-and-gadgets/cooking-utensils,Kitchen & Dining,Kitchen Tools & Gadgets,Cooking Utensils
3G-084-028-07-000/0,Fissler,Fissler Original Profi Vegerable/Rice Spoon,Cooking Utensil,cooking-utensil,kitchen-and-dining/kitchen-tools-and-gadgets/cooking-utensils,Kitchen & Dining,Kitchen Tools & Gadgets,Cooking Utensils
LAG-5.1553,Victorinox,"Victorinox Swiss Classic Table Spoon, Black",Cooking Utensil,cooking-utensil,kitchen-and-dining/kitchen-tools-and-gadgets/cooking-utensils,Kitchen & Dining,Kitchen Tools & Gadgets,Cooking Utensils
3G-088-013-20-000/0,Fissler,Fissler 088-013-20-000/0 Profession Deba Knife (one-sided blade) 20cm,Kitchen Knife,kitchen-knife,kitchen-and-dining/kitchen-tools-and-gadgets/kitchen-knives,Kitchen & Dining,Kitchen Tools & Gadgets,Kitchen Knives
LAG-5.2033.22,Victorinox,Fibrox Carving Knife 22cm Wavy Edge,Kitchen Knife,kitchen-knife,kitchen-and-dining/kitchen-tools-and-gadgets/kitchen-knives,Kitchen & Dining,Kitchen Tools & Gadgets,Kitchen Knives
LAG-5.5103.10,Victorinox,Victorinox Fibrox Rabbit Knife 10cm,Kitchen Knife,kitchen-knife,kitchen-and-dining/kitchen-tools-and-gadgets/kitchen-knives,Kitchen & Dining,Kitchen Tools & Gadgets,Kitchen Knives
LAG-6.7113.31,Victorinox,"Victorinox 6.7113.31 Swiss Classic Paring Knife Set with Peeler, Black (3 Pieces)",Kitchen Knife,kitchen-knife,kitchen-and-dining/kitchen-tools-and-gadgets/kitchen-knives,Kitchen & Dining,Kitchen Tools & Gadgets,Kitchen Knives
LAG-6.8633.26B,Victorinox,Victorinox Swiss Classic Pastry Knife Wavy 26 Cm,Kitchen Knife,kitchen-knife,kitchen-and-dining/kitchen-tools-and-gadgets/kitchen-knives,Kitchen & Dining,Kitchen Tools & Gadgets,Kitchen Knives
BE-KS19 FRESH,Beurer,"Beurer KS19 Digital Kitchen Scale, Fresh",Kitchen Scale & Thermometer,kitchen-scale-and-thermometer,kitchen-and-dining/kitchen-tools-and-gadgets/kitchen-scales-and-thermometers,Kitchen & Dining,Kitchen Tools & Gadgets,Kitchen Scales & Thermometers
BE-KS19-BLACK,Beurer,"Beurer KS19 Kitchen Scale, Black",Kitchen Scale & Thermometer,kitchen-scale-and-thermometer,kitchen-and-dining/kitchen-tools-and-gadgets/kitchen-scales-and-thermometers,Kitchen & Dining,Kitchen Tools & Gadgets,Kitchen Scales & Thermometers
BE-KS19-SLATE,Beurer,"Beurer KS19 Sequence Kitchen Scale, Black With White Stripes",Kitchen Scale & Thermometer,kitchen-scale-and-thermometer,kitchen-and-dining/kitchen-tools-and-gadgets/kitchen-scales-and-thermometers,Kitchen & Dining,Kitchen Tools & Gadgets,Kitchen Scales & Thermometers
LE-3095,Leifheit,"Leifheit 3095 Digital Universal Kitchen Thermometer – Fast and Precise Food Thermometer with LCD Display, Foldable Probe, and Timer Function for Meat, Liquids, and Baking – Easy-to-Clean Design",Kitchen Scale & Thermometer,kitchen-scale-and-thermometer,kitchen-and-dining/kitchen-tools-and-gadgets/kitchen-scales-and-thermometers,Kitchen & Dining,Kitchen Tools & Gadgets,Kitchen Scales & Thermometers
3G-088-015-04-001/0,,Fissler 088-015-04-001/0 Profession Magnetic Knife Block 5-piece Set,Knife Sharpener & Block,knife-sharpener-and-block,kitchen-and-dining/kitchen-tools-and-gadgets/knife-sharpeners-blocks-and-care,Kitchen & Dining,Kitchen Tools & Gadgets,"Knife Sharpeners, Blocks & Care"
LAG-7.8714,Victorinox,Victorinox Knife Sharpener Small,Knife Sharpener & Block,knife-sharpener-and-block,kitchen-and-dining/kitchen-tools-and-gadgets/knife-sharpeners-blocks-and-care,Kitchen & Dining,Kitchen Tools & Gadgets,"Knife Sharpeners, Blocks & Care"
3G-020-070-02-000/0,Fissler,Fissler 020-070-02-000/0 Magic Salt Mill,Kitchen Mill & Opener,kitchen-mill-and-opener,kitchen-and-dining/kitchen-tools-and-gadgets/mills-grinders-and-openers,Kitchen & Dining,Kitchen Tools & Gadgets,"Mills, Grinders & Openers"
3G-020-071-16-000/0,Fissler,Fissler 020-071-16-000/0 Magic Bottle Opener,Kitchen Mill & Opener,kitchen-mill-and-opener,kitchen-and-dining/kitchen-tools-and-gadgets/mills-grinders-and-openers,Kitchen & Dining,Kitchen Tools & Gadgets,"Mills, Grinders & Openers"
3G-020-090-26-000/0,Fissler,Fissler 020-090-26-000/0 Magic Salt Sifter,Kitchen Mill & Opener,kitchen-mill-and-opener,kitchen-and-dining/kitchen-tools-and-gadgets/mills-grinders-and-openers,Kitchen & Dining,Kitchen Tools & Gadgets,"Mills, Grinders & Openers"
3G-089-023-00-000/0,Fissler,Fissler 089-023-00-000/0 Q! Can Opener,Kitchen Mill & Opener,kitchen-mill-and-opener,kitchen-and-dining/kitchen-tools-and-gadgets/mills-grinders-and-openers,Kitchen & Dining,Kitchen Tools & Gadgets,"Mills, Grinders & Openers"
3G-089-038-00-000/0,Fissler,"Fissler 089-038-00-000/0 Q! Strainer 16cm, Stainless Steel",Kitchen Mill & Opener,kitchen-mill-and-opener,kitchen-and-dining/kitchen-tools-and-gadgets/mills-grinders-and-openers,Kitchen & Dining,Kitchen Tools & Gadgets,"Mills, Grinders & Openers"
IT66913,Cuisinart,Cuisinart SG6SU Seasoning Mill,Kitchen Mill & Opener,kitchen-mill-and-opener,kitchen-and-dining/kitchen-tools-and-gadgets/mills-grinders-and-openers,Kitchen & Dining,Kitchen Tools & Gadgets,"Mills, Grinders & Openers"
LAG-095647,L' Atelier du Vin,L'Atelier Du Vin Soft Machine Brass Wine Bottle Opener,Kitchen Mill & Opener,kitchen-mill-and-opener,kitchen-and-dining/kitchen-tools-and-gadgets/mills-grinders-and-openers,Kitchen & Dining,Kitchen Tools & Gadgets,"Mills, Grinders & Openers"
3G-001-040-01-000/0,Fissler,"Fissler 001-040-01-000/0 Multi Peeler, Stainless Steel",Peeler & Chopper,peeler-and-chopper,kitchen-and-dining/kitchen-tools-and-gadgets/peelers-graters-and-choppers,Kitchen & Dining,Kitchen Tools & Gadgets,"Peelers, Graters & Choppers"
3G-001-051-00-062/0,Fissler,Fissler 001-051-00-062/0 Finecut Fruit & Vegetable Chopper,Peeler & Chopper,peeler-and-chopper,kitchen-and-dining/kitchen-tools-and-gadgets/peelers-graters-and-choppers,Kitchen & Dining,Kitchen Tools & Gadgets,"Peelers, Graters & Choppers"
3G-020-071-03-000/0,Fissler,Fissler 020-071-03-000/0 Magic Citrus Zester,Peeler & Chopper,peeler-and-chopper,kitchen-and-dining/kitchen-tools-and-gadgets/peelers-graters-and-choppers,Kitchen & Dining,Kitchen Tools & Gadgets,"Peelers, Graters & Choppers"
3G-020-074-02-000/0,Fissler,Fissler 020-074-02-000/0 Magic One Hand Chopper,Peeler & Chopper,peeler-and-chopper,kitchen-and-dining/kitchen-tools-and-gadgets/peelers-graters-and-choppers,Kitchen & Dining,Kitchen Tools & Gadgets,"Peelers, Graters & Choppers"
3G-080-077-03-000/0,Fissler,Fissler 080-077-03-000/0 Proline Citrus Peeler,Peeler & Chopper,peeler-and-chopper,kitchen-and-dining/kitchen-tools-and-gadgets/peelers-graters-and-choppers,Kitchen & Dining,Kitchen Tools & Gadgets,"Peelers, Graters & Choppers"
LAG-258239502,Triangle,"Triangle Stainless Steel Pepper Corer with Non-Slip Handle – Ideal for Removing Cores, Seeds, and Pith from Peppers and Chillies",Peeler & Chopper,peeler-and-chopper,kitchen-and-dining/kitchen-tools-and-gadgets/peelers-graters-and-choppers,Kitchen & Dining,Kitchen Tools & Gadgets,"Peelers, Graters & Choppers"
LAG-5.0203,Victorinox,Victorinox 5.0203 Potato Peeler,Peeler & Chopper,peeler-and-chopper,kitchen-and-dining/kitchen-tools-and-gadgets/peelers-graters-and-choppers,Kitchen & Dining,Kitchen Tools & Gadgets,"Peelers, Graters & Choppers"
LAG-6.0900.21,Victorinox,Victorinox Rex Peeler Aluminium Blueberry,Peeler & Chopper,peeler-and-chopper,kitchen-and-dining/kitchen-tools-and-gadgets/peelers-graters-and-choppers,Kitchen & Dining,Kitchen Tools & Gadgets,"Peelers, Graters & Choppers"
LAG-6.0963.1,,"Victorinox 6.0963.1 Ypso Peeler Serrated Double-Edge, Red",Peeler & Chopper,peeler-and-chopper,kitchen-and-dining/kitchen-tools-and-gadgets/peelers-graters-and-choppers,Kitchen & Dining,Kitchen Tools & Gadgets,"Peelers, Graters & Choppers"
LAG-7.6079.9,Victorinox,Victorinox Tomato and Kiwi Peeler Orange,Peeler & Chopper,peeler-and-chopper,kitchen-and-dining/kitchen-tools-and-gadgets/peelers-graters-and-choppers,Kitchen & Dining,Kitchen Tools & Gadgets,"Peelers, Graters & Choppers"
LAG-051095,L' Atelier du Vin,L'Atelier du Vin 51095 Corkscrew the ''De Gaulle'' with Double Lever,Corkscrew & Bottle Opener,corkscrew-and-bottle-opener,kitchen-and-dining/tableware-glassware-and-wine-accessories/corkscrews-and-bottle-openers,Kitchen & Dining,"Tableware, Glassware & Wine Accessories",Corkscrews & Bottle Openers
LAG-095015,,Chef Sommelier Corkscrew,Corkscrew & Bottle Opener,corkscrew-and-bottle-opener,kitchen-and-dining/tableware-glassware-and-wine-accessories/corkscrews-and-bottle-openers,Kitchen & Dining,"Tableware, Glassware & Wine Accessories",Corkscrews & Bottle Openers
LAG-095464,L' Atelier du Vin,"L'Atelier du Vin 095464-7 Oeno Motion Wood Lever Corkscrew, Cast Iron",Corkscrew & Bottle Opener,corkscrew-and-bottle-opener,kitchen-and-dining/tableware-glassware-and-wine-accessories/corkscrews-and-bottle-openers,Kitchen & Dining,"Tableware, Glassware & Wine Accessories",Corkscrews & Bottle Openers
LAG-095512,L' Atelier du Vin,"Oeno Motion Lever Corkscrew, Wood & Black",Corkscrew & Bottle Opener,corkscrew-and-bottle-opener,kitchen-and-dining/tableware-glassware-and-wine-accessories/corkscrews-and-bottle-openers,Kitchen & Dining,"Tableware, Glassware & Wine Accessories",Corkscrews & Bottle Openers
LAG-095610,L' Atelier du Vin,L'Atelier Du Vin Oeno Wine Bottler Opener Collection 2,Corkscrew & Bottle Opener,corkscrew-and-bottle-opener,kitchen-and-dining/tableware-glassware-and-wine-accessories/corkscrews-and-bottle-openers,Kitchen & Dining,"Tableware, Glassware & Wine Accessories",Corkscrews & Bottle Openers
LAG-095702,L' Atelier du Vin,L'Atelier Du Vin Oeno Collection 3,Corkscrew & Bottle Opener,corkscrew-and-bottle-opener,kitchen-and-dining/tableware-glassware-and-wine-accessories/corkscrews-and-bottle-openers,Kitchen & Dining,"Tableware, Glassware & Wine Accessories",Corkscrews & Bottle Openers
LAG-095716,L' Atelier du Vin,L'Atelier du Vin Oeno Motion Tresor,Corkscrew & Bottle Opener,corkscrew-and-bottle-opener,kitchen-and-dining/tableware-glassware-and-wine-accessories/corkscrews-and-bottle-openers,Kitchen & Dining,"Tableware, Glassware & Wine Accessories",Corkscrews & Bottle Openers
IT42853,Delonghi,"Delonghi DLSC302 Fancy Collection of Mixed Espresso Beverage Glasses, 6-piece Set",Glassware,glassware,kitchen-and-dining/tableware-glassware-and-wine-accessories/glassware-and-drinkware,Kitchen & Dining,"Tableware, Glassware & Wine Accessories",Glassware & Drinkware
FI-CORAVIN-801060,Coravin,Coravin Faster Pour Needle,Wine Accessory,wine-accessory,kitchen-and-dining/tableware-glassware-and-wine-accessories/wine-pourers-stoppers-and-thermometers,Kitchen & Dining,"Tableware, Glassware & Wine Accessories","Wine Pourers, Stoppers & Thermometers"
LAG-095248,L' Atelier du Vin,L' ATELIER DU VIN 095248 Wine Thermometer,Wine Accessory,wine-accessory,kitchen-and-dining/tableware-glassware-and-wine-accessories/wine-pourers-stoppers-and-thermometers,Kitchen & Dining,"Tableware, Glassware & Wine Accessories","Wine Pourers, Stoppers & Thermometers"
LAG-095409,L' Atelier du Vin,L'Atelier Du Vin Wine Pourer Developer Universal alec Son Socle With its Base,Wine Accessory,wine-accessory,kitchen-and-dining/tableware-glassware-and-wine-accessories/wine-pourers-stoppers-and-thermometers,Kitchen & Dining,"Tableware, Glassware & Wine Accessories","Wine Pourers, Stoppers & Thermometers"
LAG-095681,L' Atelier du Vin,"L' Atelier Du Vin 095681 Gard Bulles Metal Stopper, Black",Wine Accessory,wine-accessory,kitchen-and-dining/tableware-glassware-and-wine-accessories/wine-pourers-stoppers-and-thermometers,Kitchen & Dining,"Tableware, Glassware & Wine Accessories","Wine Pourers, Stoppers & Thermometers"
AMZ-DE-B0FQQVSL7F,,"Hydraulic PTO Pump 7.4 GPM, Hydraulic Motor 540 RPM 2500 PSI, Hydraulic PTO Pump SAE 16"" Inlet and SAE 12"" Outlet",Hydraulic Equipment,hydraulic-equipment,outdoor-bbq-and-leisure/automotive-and-industrial-parts/hydraulic-and-industrial-equipment,"Outdoor, BBQ & Leisure",Automotive & Industrial Parts,Hydraulic & Industrial Equipment
FI-0280156014,Izzy,6 x Fuel Injectors OEM 0280156014 for Mercedes 3.2L 2.6L V6 Crossfire fit BOSCH,Vehicle Part,vehicle-part,outdoor-bbq-and-leisure/automotive-and-industrial-parts/vehicle-parts,"Outdoor, BBQ & Leisure",Automotive & Industrial Parts,Vehicle Parts
ATH-FOUKOU-MOTOR,Unbranded,Grill Motor for Cypriot Charcoal BBQ Grill Foukou Battery Operated,BBQ Motor,bbq-motor,outdoor-bbq-and-leisure/bbq-and-grilling/bbq-motors-and-spare-parts,"Outdoor, BBQ & Leisure",BBQ & Grilling,BBQ Motors & Spare Parts
XXM-ELECTRIC-MOTOR,,Electric BBQ Motor Set with Speed Regulator,BBQ Motor,bbq-motor,outdoor-bbq-and-leisure/bbq-and-grilling/bbq-motors-and-spare-parts,"Outdoor, BBQ & Leisure",BBQ & Grilling,BBQ Motors & Spare Parts
XXM-WIRELESS-MOTOR,,Wireless / Rechargeable BBQ Motor - Digital Display & Speed Regulator,BBQ Motor,bbq-motor,outdoor-bbq-and-leisure/bbq-and-grilling/bbq-motors-and-spare-parts,"Outdoor, BBQ & Leisure",BBQ & Grilling,BBQ Motors & Spare Parts
BRO-60009,,BROIL KING SILICONE SIDE SHELF MAT,BBQ Accessory,bbq-accessory,outdoor-bbq-and-leisure/bbq-and-grilling/bbq-tools-covers-and-accessories,"Outdoor, BBQ & Leisure",BBQ & Grilling,"BBQ Tools, Covers & Accessories"
HADJ-BRO-64003,,Broil King 64003 Baron Tool Set,BBQ Accessory,bbq-accessory,outdoor-bbq-and-leisure/bbq-and-grilling/bbq-tools-covers-and-accessories,"Outdoor, BBQ & Leisure",BBQ & Grilling,"BBQ Tools, Covers & Accessories"
HADJ-BRO-67488,,BROIL KING 64″ SELECT GRILL COVER FOR BARON,BBQ Accessory,bbq-accessory,outdoor-bbq-and-leisure/bbq-and-grilling/bbq-tools-covers-and-accessories,"Outdoor, BBQ & Leisure",BBQ & Grilling,"BBQ Tools, Covers & Accessories"
ATH-FOUKOU-BIG-SET,,Cyprus BBQ Charcoal Rotisserie FOUKOU Grill Traditional Barbecue Set - Big,Charcoal BBQ & Rotisserie Set,charcoal-bbq-and-rotisserie-set,outdoor-bbq-and-leisure/bbq-and-grilling/charcoal-bbq-and-rotisserie-sets,"Outdoor, BBQ & Leisure",BBQ & Grilling,Charcoal BBQ & Rotisserie Sets
ATH-FOUKOU-BIG-SET+ATH-FOUKOU-MOTOR,Unbranded,Cyprus BBQ Charcoal Rotisserie FOUKOU Grill Traditional Barbecue Set with Motor - Big,Charcoal BBQ & Rotisserie Set,charcoal-bbq-and-rotisserie-set,outdoor-bbq-and-leisure/bbq-and-grilling/charcoal-bbq-and-rotisserie-sets,"Outdoor, BBQ & Leisure",BBQ & Grilling,Charcoal BBQ & Rotisserie Sets
ATH-FOUKOU-SMALL-SET+ATH-FOUKOU-MOTOR,Unbranded,Cyprus BBQ Charcoal Rotisserie FOUKOU Grill Traditional Barbecue Set with Motor - Small,Charcoal BBQ & Rotisserie Set,charcoal-bbq-and-rotisserie-set,outdoor-bbq-and-leisure/bbq-and-grilling/charcoal-bbq-and-rotisserie-sets,"Outdoor, BBQ & Leisure",BBQ & Grilling,Charcoal BBQ & Rotisserie Sets
ATH-FOUKOU-SMALL-SET-SOUVLA+ATH-FOUKOU-MOTOR,Unbranded,Cyprus BBQ Charcoal Rotisserie FOUKOU Grill Traditional Barbecue Set with Souvla & Motor - Small,Charcoal BBQ & Rotisserie Set,charcoal-bbq-and-rotisserie-set,outdoor-bbq-and-leisure/bbq-and-grilling/charcoal-bbq-and-rotisserie-sets,"Outdoor, BBQ & Leisure",BBQ & Grilling,Charcoal BBQ & Rotisserie Sets
KOR-CLASSIC-SMALL-SUPERIOR+ATH-FOUKOU-MOTOR,Korakas,SUPERIOR Cyprus BBQ Charcoal Rotisserie Small FOUKOU Grill Set with FREE Motor,Charcoal BBQ & Rotisserie Set,charcoal-bbq-and-rotisserie-set,outdoor-bbq-and-leisure/bbq-and-grilling/charcoal-bbq-and-rotisserie-sets,"Outdoor, BBQ & Leisure",BBQ & Grilling,Charcoal BBQ & Rotisserie Sets
KOR-MODERN-SS+ATH-FOUKOU-MOTOR,Korakas,MODERN  Stainless Steel BBQ Charcoal Rotisserie FOUKOU Grill Set with FREE Motor,Charcoal BBQ & Rotisserie Set,charcoal-bbq-and-rotisserie-set,outdoor-bbq-and-leisure/bbq-and-grilling/charcoal-bbq-and-rotisserie-sets,"Outdoor, BBQ & Leisure",BBQ & Grilling,Charcoal BBQ & Rotisserie Sets
KOR-MODERN-SUP+ATH-FOUKOU-MOTOR,Korakas,MODERN  SUPERIOR BBQ Charcoal Rotisserie FOUKOU Grill Set with FREE Motor,Charcoal BBQ & Rotisserie Set,charcoal-bbq-and-rotisserie-set,outdoor-bbq-and-leisure/bbq-and-grilling/charcoal-bbq-and-rotisserie-sets,"Outdoor, BBQ & Leisure",BBQ & Grilling,Charcoal BBQ & Rotisserie Sets
BRO-876653,,Broil King Baron 520 Built-In Grill Head,Gas Barbecue,gas-barbecue,outdoor-bbq-and-leisure/bbq-and-grilling/gas-barbecues,"Outdoor, BBQ & Leisure",BBQ & Grilling,Gas Barbecues
HADJ-BRO-876983,,BROIL KING BARON™ S 590 PRO INFRARED GAS GRILL 5+1 BURNERS,Gas Barbecue,gas-barbecue,outdoor-bbq-and-leisure/bbq-and-grilling/gas-barbecues,"Outdoor, BBQ & Leisure",BBQ & Grilling,Gas Barbecues
AMZ-DE-B09KNQL782,,"Campingaz Camp Bistro Stove, 1 Burner, Camping Stove, 2200W, Compact Outdoor Cooker with Carry Case",Camping Stove,camping-stove,outdoor-bbq-and-leisure/camping-and-gas-equipment/camping-stoves,"Outdoor, BBQ & Leisure",Camping & Gas Equipment,Camping Stoves
ATP-GAS-HOSE-50M,,Gas Hose 8mm Durable 40m,Gas Regulator & Hose,gas-regulator-and-hose,outdoor-bbq-and-leisure/camping-and-gas-equipment/gas-regulators-hoses-and-fittings,"Outdoor, BBQ & Leisure",Camping & Gas Equipment,"Gas Regulators, Hoses & Fittings"
ATP-SRG-GAS-REGULATOR,,SRG Gas Regulator,Gas Regulator & Hose,gas-regulator-and-hose,outdoor-bbq-and-leisure/camping-and-gas-equipment/gas-regulators-hoses-and-fittings,"Outdoor, BBQ & Leisure",Camping & Gas Equipment,"Gas Regulators, Hoses & Fittings"
Gas-Regulator,,Gas Pressure Regulator with Hose and Hose Clamp,Gas Regulator & Hose,gas-regulator-and-hose,outdoor-bbq-and-leisure/camping-and-gas-equipment/gas-regulators-hoses-and-fittings,"Outdoor, BBQ & Leisure",Camping & Gas Equipment,"Gas Regulators, Hoses & Fittings"
LLD-WH-6800-R,Unbranded,Shimano WH-6800-R Complete Freewheel Body,Bicycle Component,bicycle-component,outdoor-bbq-and-leisure/cycling/bicycle-components-and-accessories,"Outdoor, BBQ & Leisure",Cycling,Bicycle Components & Accessories
AS-ASB-1-BLK,AssSavers,"Ass Savers Big Mudguard, Black",Mudguard,mudguard,outdoor-bbq-and-leisure/cycling/mudguards,"Outdoor, BBQ & Leisure",Cycling,Mudguards
AS-ASR-1-BLK-FBA,AssSavers,"Ass Savers Regular Mudguard, Black",Mudguard,mudguard,outdoor-bbq-and-leisure/cycling/mudguards,"Outdoor, BBQ & Leisure",Cycling,Mudguards
AS-ASR-1-FTH,AssSavers,"Ass Saver Regular Mudguard, Feather (Special Edition)",Mudguard,mudguard,outdoor-bbq-and-leisure/cycling/mudguards,"Outdoor, BBQ & Leisure",Cycling,Mudguards
AS-ASR-1-WHT,AssSavers,"Ass Savers Regular Mudguard, White",Mudguard,mudguard,outdoor-bbq-and-leisure/cycling/mudguards,"Outdoor, BBQ & Leisure",Cycling,Mudguards
AS-FRB-1-BLK,AssSavers,"Ass Savers Fendor Bendor Big Mudguard, Black",Mudguard,mudguard,outdoor-bbq-and-leisure/cycling/mudguards,"Outdoor, BBQ & Leisure",Cycling,Mudguards
AS-FRB-4-BLK,AssSavers,"Ass Savers Fendor Bendor Big Mudguard, Black",Mudguard,mudguard,outdoor-bbq-and-leisure/cycling/mudguards,"Outdoor, BBQ & Leisure",Cycling,Mudguards
AS-FRR-4-BLK,AssSavers,"Ass Savers Fendor Bendor Regular Mudguard, Black",Mudguard,mudguard,outdoor-bbq-and-leisure/cycling/mudguards,"Outdoor, BBQ & Leisure",Cycling,Mudguards
AS-FRR-BLK,AssSavers,"Ass Savers Fendor Bendor Regular Mudguard, Black",Mudguard,mudguard,outdoor-bbq-and-leisure/cycling/mudguards,"Outdoor, BBQ & Leisure",Cycling,Mudguards
AS-MFR-1-BLK,AssSavers,"Ass Savers Mudder Mountain Bike Front Mudguard, Black",Mudguard,mudguard,outdoor-bbq-and-leisure/cycling/mudguards,"Outdoor, BBQ & Leisure",Cycling,Mudguards
AS-SFR-1-BLK,AssSavers,"Ass Savers Speed Mullet Regular Mudguard, Black",Mudguard,mudguard,outdoor-bbq-and-leisure/cycling/mudguards,"Outdoor, BBQ & Leisure",Cycling,Mudguards
AS-TFR-1-BLK,AssSavers,"Ass Savers Toetector Regular, Black",Mudguard,mudguard,outdoor-bbq-and-leisure/cycling/mudguards,"Outdoor, BBQ & Leisure",Cycling,Mudguards
AS-WGS-1-BLK,AssSavers,"Ass Savers Win Wing Gravel Mudguard, Black Dot",Mudguard,mudguard,outdoor-bbq-and-leisure/cycling/mudguards,"Outdoor, BBQ & Leisure",Cycling,Mudguards
AS-WGS-2-BLK,AssSavers,"Ass Savers Win Wing Gravel 2 Standard Edition, Black Dots",Mudguard,mudguard,outdoor-bbq-and-leisure/cycling/mudguards,"Outdoor, BBQ & Leisure",Cycling,Mudguards
AS-WRS-2-BLK,AssSavers,"Ass Savers Win Wing Road 2 Standard Edition, Black Dots",Mudguard,mudguard,outdoor-bbq-and-leisure/cycling/mudguards,"Outdoor, BBQ & Leisure",Cycling,Mudguards
AMZ-DE-B0D5CSR6B1,,"Backpack 60L Military Army Backpack, Large Survival Daypack for Men and Women, Removable Outdoor Bag",Backpack,backpack,outdoor-bbq-and-leisure/travel-and-outdoor-gear/backpacks-and-daypacks,"Outdoor, BBQ & Leisure",Travel & Outdoor Gear,Backpacks & Daypacks
LAG-610604,Victorinox,"Victorinox 610604 Travel Accessories 5.0 Deluxe Concealed Security Pouch RFID Protection Bag Unisex – Adult, Nude, Taglia unica, Bag",Travel Accessory,travel-accessory,outdoor-bbq-and-leisure/travel-and-outdoor-gear/travel-accessories-and-organisers,"Outdoor, BBQ & Leisure",Travel & Outdoor Gear,Travel Accessories & Organisers
AMZ-DE-B0CC98XC28,,"Baby Monitor, HB6550 with Camera and Night Vision, 5''Display with 30-Hour Battery, Pan-Tilt-Zoom Video Baby Monitor No WiFi, 2-Way Talk, Temperature, 8 Lullabies and 1000ft Range",Baby Monitor,baby-monitor,personal-care-and-health/baby-and-nursery/baby-monitors,Personal Care & Health,Baby & Nursery,Baby Monitors
HC-1841,Elite,Elite Care Baby Wipes Aloe Vera 20's x30,Baby Wipes,baby-wipes,personal-care-and-health/baby-and-nursery/baby-wipes,Personal Care & Health,Baby & Nursery,Baby Wipes
HC-1843,Elite,"Elite Care Baby Wipes with Aloe Vera – 80 Sheets (2+1 Free), Gentle & Hypoallergenic for Sensitive Skin",Baby Wipes,baby-wipes,personal-care-and-health/baby-and-nursery/baby-wipes,Personal Care & Health,Baby & Nursery,Baby Wipes
HC-1843-S,Elite,Elite Care Baby Wipes Aloe Vera 80's,Baby Wipes,baby-wipes,personal-care-and-health/baby-and-nursery/baby-wipes,Personal Care & Health,Baby & Nursery,Baby Wipes
HC-1846,Elite,"Elite Care Water Baby Wipes – 80 Sheets (2+1 Free), Ultra-Gentle & Hypoallergenic for Sensitive Skin",Baby Wipes,baby-wipes,personal-care-and-health/baby-and-nursery/baby-wipes,Personal Care & Health,Baby & Nursery,Baby Wipes
92-SCF358/00-PT,Philips Avent,Philips Avent SCF358/00 Fast Bottle Warmer Smart Temperature Control,Bottle Warmer,bottle-warmer,personal-care-and-health/baby-and-nursery/bottle-warmers-and-feeding,Personal Care & Health,Baby & Nursery,Bottle Warmers & Feeding
SCF358/00-PT,Philips,Philips Avent SCF358/00 Fast Bottle Warmer Smart Temperature Control,Bottle Warmer,bottle-warmer,personal-care-and-health/baby-and-nursery/bottle-warmers-and-feeding,Personal Care & Health,Baby & Nursery,Bottle Warmers & Feeding
PAP-211337,Nickelodeon,"5301 Nickelodeon Paw Patrol Bath Bomb, Chase, 165g",Bath & Body,bath-and-body,personal-care-and-health/cosmetics-and-toiletries/bath-body-and-fragrance,Personal Care & Health,Cosmetics & Toiletries,"Bath, Body & Fragrance"
PAP-5527,SO...,SO...? Candy Floss 100ml,Bath & Body,bath-and-body,personal-care-and-health/cosmetics-and-toiletries/bath-body-and-fragrance,Personal Care & Health,Cosmetics & Toiletries,"Bath, Body & Fragrance"
PAP-154431,Nivea,Nivea Cellular Anti-Age Rejuvenation Eye Cream 15ml,Skincare,skincare,personal-care-and-health/cosmetics-and-toiletries/skincare,Personal Care & Health,Cosmetics & Toiletries,Skincare
ATH-NIVEA-CAROTENE-LOTION-200ML,Nivea,Nivea Sun Carotene Lotion Deep Tanning NO SPF 200ml,Sun Care,sun-care,personal-care-and-health/cosmetics-and-toiletries/sun-care-and-tanning,Personal Care & Health,Cosmetics & Toiletries,Sun Care & Tanning
ATH-NIVEA-CAROTENE-LOTION-SPF6-200ML,Nivea,Nivea Carotene Sun Lotion SPF6 200ml,Sun Care,sun-care,personal-care-and-health/cosmetics-and-toiletries/sun-care-and-tanning,Personal Care & Health,Cosmetics & Toiletries,Sun Care & Tanning
PAP-158255,Cabana Sun,Cabana Sun Original Carrot Oil Accelerates Tanning 200ml,Sun Care,sun-care,personal-care-and-health/cosmetics-and-toiletries/sun-care-and-tanning,Personal Care & Health,Cosmetics & Toiletries,Sun Care & Tanning
PAP-158257,Cabana Sun,Cabana Sun CABANA Deep Tanning Oil Spray SPF6 - 200 ml,Sun Care,sun-care,personal-care-and-health/cosmetics-and-toiletries/sun-care-and-tanning,Personal Care & Health,Cosmetics & Toiletries,Sun Care & Tanning
PAP-158260,Cabana Sun,Cabana Sun CABANA Deep Tanning Dry Oil Spray SPF6 - 200 ml,Sun Care,sun-care,personal-care-and-health/cosmetics-and-toiletries/sun-care-and-tanning,Personal Care & Health,Cosmetics & Toiletries,Sun Care & Tanning
PAP-158261,Cabana Sun,Cabana Sun CABANA Deep Tanning Dry Oil Spray SPF15 - 200 ml,Sun Care,sun-care,personal-care-and-health/cosmetics-and-toiletries/sun-care-and-tanning,Personal Care & Health,Cosmetics & Toiletries,Sun Care & Tanning
PAP-158262,Cabana Sun,Cabana Sun Deep Tanning SPF20 Dry Oil Spray Coconut Water Resistanse,Sun Care,sun-care,personal-care-and-health/cosmetics-and-toiletries/sun-care-and-tanning,Personal Care & Health,Cosmetics & Toiletries,Sun Care & Tanning
PAP-189982,Hawaiian Tropic,Hawaiian Tropic Protective Dry Spray Oil SPF 20 200ml,Sun Care,sun-care,personal-care-and-health/cosmetics-and-toiletries/sun-care-and-tanning,Personal Care & Health,Cosmetics & Toiletries,Sun Care & Tanning
BE-BS39,Beurer,Beurer BS39 Illuminated cosmetics mirror,Cosmetic Mirror,cosmetic-mirror,personal-care-and-health/hair-removal-and-beauty-devices/cosmetic-mirrors,Personal Care & Health,Hair Removal & Beauty Devices,Cosmetic Mirrors
BE-BS49,Beurer,"Beurer BS49 Illuminated LED Cosmetic Mirror, Battery Operated",Cosmetic Mirror,cosmetic-mirror,personal-care-and-health/hair-removal-and-beauty-devices/cosmetic-mirrors,Personal Care & Health,Hair Removal & Beauty Devices,Cosmetic Mirrors
BE-BS55,Beurer,"Beurer BS55 Makeup Mirror with Light, Bright LED Light",Cosmetic Mirror,cosmetic-mirror,personal-care-and-health/hair-removal-and-beauty-devices/cosmetic-mirrors,Personal Care & Health,Hair Removal & Beauty Devices,Cosmetic Mirrors
BE-HL16,Beurer,Beurer HL16 Facial Hair Remover,Epilator & Lady Shaver,epilator-and-lady-shaver,personal-care-and-health/hair-removal-and-beauty-devices/epilators-and-lady-shavers,Personal Care & Health,Hair Removal & Beauty Devices,Epilators & Lady Shavers
BE-HL40,Beurer,Beurer HL40 Warm Wax Hair Remover,Epilator & Lady Shaver,epilator-and-lady-shaver,personal-care-and-health/hair-removal-and-beauty-devices/epilators-and-lady-shavers,Personal Care & Health,Hair Removal & Beauty Devices,Epilators & Lady Shavers
BE-HL76,Beurer,Beurer HL76 Epilator Wet & Dry,Epilator & Lady Shaver,epilator-and-lady-shaver,personal-care-and-health/hair-removal-and-beauty-devices/epilators-and-lady-shavers,Personal Care & Health,Hair Removal & Beauty Devices,Epilators & Lady Shavers
RE-EP7035,Remington,Remington EP7035 Cordless Epilator 7-in-1,Epilator & Lady Shaver,epilator-and-lady-shaver,personal-care-and-health/hair-removal-and-beauty-devices/epilators-and-lady-shavers,Personal Care & Health,Hair Removal & Beauty Devices,Epilators & Lady Shavers
RE-EP7300,Remington,Remington EP7300 3-in-1 Smooth Silky Epilator,Epilator & Lady Shaver,epilator-and-lady-shaver,personal-care-and-health/hair-removal-and-beauty-devices/epilators-and-lady-shavers,Personal Care & Health,Hair Removal & Beauty Devices,Epilators & Lady Shavers
RE-WSF4810,Remington,Remington WSF4810 Smooth & Silky Compact Lady Shaver,Epilator & Lady Shaver,epilator-and-lady-shaver,personal-care-and-health/hair-removal-and-beauty-devices/epilators-and-lady-shavers,Personal Care & Health,Hair Removal & Beauty Devices,Epilators & Lady Shavers
RE-WSF5060,Remington,Remington WSF5060 Wet and Dry Women's Bikini Shaver,Epilator & Lady Shaver,epilator-and-lady-shaver,personal-care-and-health/hair-removal-and-beauty-devices/epilators-and-lady-shavers,Personal Care & Health,Hair Removal & Beauty Devices,Epilators & Lady Shavers
BE-FC41,Beurer,Beurer FC41 Pore Cleaner,Facial & Skin Device,facial-and-skin-device,personal-care-and-health/hair-removal-and-beauty-devices/facial-cleansing-and-skin-devices,Personal Care & Health,Hair Removal & Beauty Devices,Facial Cleansing & Skin Devices
BE-FC45,Beurer,Beurer FC45 Facial Cleansing Brush,Facial & Skin Device,facial-and-skin-device,personal-care-and-health/hair-removal-and-beauty-devices/facial-cleansing-and-skin-devices,Personal Care & Health,Hair Removal & Beauty Devices,Facial Cleansing & Skin Devices
BE-FC65,Beurer,Beurer FC65 Pureo Deep Clear Cleansing Brush,Facial & Skin Device,facial-and-skin-device,personal-care-and-health/hair-removal-and-beauty-devices/facial-cleansing-and-skin-devices,Personal Care & Health,Hair Removal & Beauty Devices,Facial Cleansing & Skin Devices
BE-FC72,Beurer,Beurer FC72 Pureo Ionic Hydration Facial Sauna,Facial & Skin Device,facial-and-skin-device,personal-care-and-health/hair-removal-and-beauty-devices/facial-cleansing-and-skin-devices,Personal Care & Health,Hair Removal & Beauty Devices,Facial Cleansing & Skin Devices
BE-FC76,Beurer,Beurer FC76 Microdermabrasion Device,Facial & Skin Device,facial-and-skin-device,personal-care-and-health/hair-removal-and-beauty-devices/facial-cleansing-and-skin-devices,Personal Care & Health,Hair Removal & Beauty Devices,Facial Cleansing & Skin Devices
RE-BB1000,Remington,Remington BB1000 Reveal Wet & Dry Rotating Exfoliating Body Brush,Facial & Skin Device,facial-and-skin-device,personal-care-and-health/hair-removal-and-beauty-devices/facial-cleansing-and-skin-devices,Personal Care & Health,Hair Removal & Beauty Devices,Facial Cleansing & Skin Devices
BE-MP28,Beurer,"Beurer MP28 Portable Pedicure Device, White",Manicure & Pedicure Device,manicure-and-pedicure-device,personal-care-and-health/hair-removal-and-beauty-devices/manicure-and-pedicure-devices,Personal Care & Health,Hair Removal & Beauty Devices,Manicure & Pedicure Devices
BE-MP41,Beurer,Beurer MP41 Manicure / Pedicure Set,Manicure & Pedicure Device,manicure-and-pedicure-device,personal-care-and-health/hair-removal-and-beauty-devices/manicure-and-pedicure-devices,Personal Care & Health,Hair Removal & Beauty Devices,Manicure & Pedicure Devices
BE-MP42,Beurer,Beurer MP42 Manicure/Pedicure set,Manicure & Pedicure Device,manicure-and-pedicure-device,personal-care-and-health/hair-removal-and-beauty-devices/manicure-and-pedicure-devices,Personal Care & Health,Hair Removal & Beauty Devices,Manicure & Pedicure Devices
BE-MP55,Beurer,"Beurer MP55 Callus Remover, Pink",Manicure & Pedicure Device,manicure-and-pedicure-device,personal-care-and-health/hair-removal-and-beauty-devices/manicure-and-pedicure-devices,Personal Care & Health,Hair Removal & Beauty Devices,Manicure & Pedicure Devices
LAG-8.1671.09,Victorinox,Victorinox 8.1671.09 Nail Scissors,Nail Scissors,nail-scissors,personal-care-and-health/hair-removal-and-beauty-devices/manicure-and-pedicure-devices,Personal Care & Health,Hair Removal & Beauty Devices,Manicure & Pedicure Devices
LAG-8.1681.09,Victorinox,Victorinox 8.1681.09 Nail Scissors Satin Stainless 9cm,Nail Scissors,nail-scissors,personal-care-and-health/hair-removal-and-beauty-devices/manicure-and-pedicure-devices,Personal Care & Health,Hair Removal & Beauty Devices,Manicure & Pedicure Devices
BE-MP48,Beurer,Beurer MP 48 UV/LED Nail Dryer for Curing with 3 Timer Settings,Nail Dryer,nail-dryer,personal-care-and-health/hair-removal-and-beauty-devices/nail-dryers-and-accessories,Personal Care & Health,Hair Removal & Beauty Devices,Nail Dryers & Accessories
47-C325E,BaByliss,BaByliss C325E Pro180 Curling Iron,Curling Tong & Waver,curling-tong-and-waver,personal-care-and-health/hair-styling/curling-tongs-and-wavers,Personal Care & Health,Hair Styling,Curling Tongs & Wavers
RE-CI1019,Remington,Remington CI1019 Hair Styler Ceramic Tong,Curling Tong & Waver,curling-tong-and-waver,personal-care-and-health/hair-styling/curling-tongs-and-wavers,Personal Care & Health,Hair Styling,Curling Tongs & Wavers
RE-CI5318,Remington,Remington CI5318 Keratin Protect Tong,Curling Tong & Waver,curling-tong-and-waver,personal-care-and-health/hair-styling/curling-tongs-and-wavers,Personal Care & Health,Hair Styling,Curling Tongs & Wavers
RE-CI5519,Remington,Remington CI5519 Pro Ceramic Hair Curling Iron,Curling Tong & Waver,curling-tong-and-waver,personal-care-and-health/hair-styling/curling-tongs-and-wavers,Personal Care & Health,Hair Styling,Curling Tongs & Wavers
RE-CI5538,Remington,Remington CI5338 Pro Ceramic Big Hair Curling Iron,Curling Tong & Waver,curling-tong-and-waver,personal-care-and-health/hair-styling/curling-tongs-and-wavers,Personal Care & Health,Hair Styling,Curling Tongs & Wavers
RE-CI91AW,Remington,Remington CI91AW PROluxe 4-in 1 Hair Waver,Curling Tong & Waver,curling-tong-and-waver,personal-care-and-health/hair-styling/curling-tongs-and-wavers,Personal Care & Health,Hair Styling,Curling Tongs & Wavers
BE-HT10,Beurer,Beurer HT10 Ion Detangling Brush,Hair Styling Accessory,hair-styling-accessory,personal-care-and-health/hair-styling/hair-brushes-and-styling-accessories,Personal Care & Health,Hair Styling,Hair Brushes & Styling Accessories
BE-HT15,Beurer,"Beurer HT15 Electric Nit Comb, Clears Nits and Lice Without chemicals",Hair Styling Accessory,hair-styling-accessory,personal-care-and-health/hair-styling/hair-brushes-and-styling-accessories,Personal Care & Health,Hair Styling,Hair Brushes & Styling Accessories
NMK-000071,,"Gama 37131 Salon Exclusive Classic, Black",Hair Styling Accessory,hair-styling-accessory,personal-care-and-health/hair-styling/hair-brushes-and-styling-accessories,Personal Care & Health,Hair Styling,Hair Brushes & Styling Accessories
47-6709DE,BaByliss,BaByliss 6709DE Smooth Pro Hair Dryer,Hair Dryer,hair-dryer,personal-care-and-health/hair-styling/hair-dryers,Personal Care & Health,Hair Styling,Hair Dryers
47-6713DE,,"Babyliss 6713DE AC 2100W Hair Dryer, Black",Hair Dryer,hair-dryer,personal-care-and-health/hair-styling/hair-dryers,Personal Care & Health,Hair Styling,Hair Dryers
47-6715DE,BaByliss,Babyliss 6715DE Hair Dryer PRO 2400W,Hair Dryer,hair-dryer,personal-care-and-health/hair-styling/hair-dryers,Personal Care & Health,Hair Styling,Hair Dryers
47-AS136E,BaByliss,"BaByliss Corded Electric Air Styler 1000W, Hair dryer brush, Shape, volume, curl, smooth, dry and style ,1000 watts , Copper, Grey",Hair Dryer,hair-dryer,personal-care-and-health/hair-styling/hair-dryers,Personal Care & Health,Hair Styling,Hair Dryers
BE-HC30,Beurer,Beurer HC30 Hair Dryer,Hair Dryer,hair-dryer,personal-care-and-health/hair-styling/hair-dryers,Personal Care & Health,Hair Styling,Hair Dryers
BE-HC35,Beurer,Beurer HC35 Compact Hair Dryer,Hair Dryer,hair-dryer,personal-care-and-health/hair-styling/hair-dryers,Personal Care & Health,Hair Styling,Hair Dryers
BE-HC60,Beurer,Beurer HC60 Style Pro Hair Dryer,Hair Dryer,hair-dryer,personal-care-and-health/hair-styling/hair-dryers,Personal Care & Health,Hair Styling,Hair Dryers
BE-HC80,Beurer,Beurer HC80 Style Pro Hair Dryer,Hair Dryer,hair-dryer,personal-care-and-health/hair-styling/hair-dryers,Personal Care & Health,Hair Styling,Hair Dryers
DY-HD08,Dyson,Dyson Supersonic Hair Dryer HD08,Hair Dryer,hair-dryer,personal-care-and-health/hair-styling/hair-dryers,Personal Care & Health,Hair Styling,Hair Dryers
RE-AC5999,Remington,Remington AC5999 Hair Dryer Pro-Air AC,Hair Dryer,hair-dryer,personal-care-and-health/hair-styling/hair-dryers,Personal Care & Health,Hair Styling,Hair Dryers
RE-AC8820,Remington,Remington AC8820 Keratin Protect Ionic Hair Dryer,Hair Dryer,hair-dryer,personal-care-and-health/hair-styling/hair-dryers,Personal Care & Health,Hair Styling,Hair Dryers
RE-AC8901,Remington,Remington AC8901 Hydraluxe Hair Dryer,Hair Dryer,hair-dryer,personal-care-and-health/hair-styling/hair-dryers,Personal Care & Health,Hair Styling,Hair Dryers
RE-AS7500,Remington,Remington AS7500 Blow Dry&Style 1000w,Hair Dryer,hair-dryer,personal-care-and-health/hair-styling/hair-dryers,Personal Care & Health,Hair Styling,Hair Dryers
RE-D3190,Remington,Remington D3190 Hair Dryer,Hair Dryer,hair-dryer,personal-care-and-health/hair-styling/hair-dryers,Personal Care & Health,Hair Styling,Hair Dryers
RE-D5215,Remington,"Remington D5215 Pro‑Air Shine Hair Dryer – 2300 W Ionic, Cool‑Shot",Hair Dryer,hair-dryer,personal-care-and-health/hair-styling/hair-dryers,Personal Care & Health,Hair Styling,Hair Dryers
RE-D5220,Remington,"Remington D5220 Pro-Air Turbo Hair Dryer – 2400 W, Ionic, Turbo",Hair Dryer,hair-dryer,personal-care-and-health/hair-styling/hair-dryers,Personal Care & Health,Hair Styling,Hair Dryers
RE-D5706,Remington,Remington D5706 Curl&Sraight Confidence Dryer,Hair Dryer,hair-dryer,personal-care-and-health/hair-styling/hair-dryers,Personal Care & Health,Hair Styling,Hair Dryers
RE-D5901,Remington,Remignton D5901 Coconut Smooth Hair Dryer,Hair Dryer,hair-dryer,personal-care-and-health/hair-styling/hair-dryers,Personal Care & Health,Hair Styling,Hair Dryers
RE-D6098,Remington,"Remington Éclat Brillance D6098 Hair Dryer – 2200 W Ionic, 3 Heat / 2 Speed",Hair Dryer,hair-dryer,personal-care-and-health/hair-styling/hair-dryers,Personal Care & Health,Hair Styling,Hair Dryers
47-ST255E,BaByliss,Babyliss 47-ST255E Hair Straightener,Hair Straightener,hair-straightener,personal-care-and-health/hair-styling/hair-straighteners,Personal Care & Health,Hair Styling,Hair Straighteners
47-ST492E,BaByliss,​BaByliss ST492E Steam Hair Straightener for Ultra Smooth Hair,Hair Straightener,hair-straightener,personal-care-and-health/hair-styling/hair-straighteners,Personal Care & Health,Hair Styling,Hair Straighteners
92-BHS520/00-BF,Philips,Philips BHS520/00 5000 Series Straightener,Hair Straightener,hair-straightener,personal-care-and-health/hair-styling/hair-straighteners,Personal Care & Health,Hair Styling,Hair Straighteners
92-BHS677/00,Philips,Philips BHS677/00 StraightCare Subline Ends Hair Straightener with Keratin Infusion,Hair Straightener,hair-straightener,personal-care-and-health/hair-styling/hair-straighteners,Personal Care & Health,Hair Styling,Hair Straighteners
BA-9000,BaByliss,BaByliss 9000 Cordless Straightener,Hair Straightener,hair-straightener,personal-care-and-health/hair-styling/hair-straighteners,Personal Care & Health,Hair Styling,Hair Straighteners
BA-ST495E,BaByliss,BaByliss Smooth Finish Straightener,Hair Straightener,hair-straightener,personal-care-and-health/hair-styling/hair-straighteners,Personal Care & Health,Hair Styling,Hair Straighteners
BE-HS30,Beurer,Beurer HS30 Hair Straightener,Hair Straightener,hair-straightener,personal-care-and-health/hair-styling/hair-straighteners,Personal Care & Health,Hair Styling,Hair Straighteners
BE-HS60,Beurer,Beurer HS60 Hair Straightener Brush,Hair Straightener,hair-straightener,personal-care-and-health/hair-styling/hair-straighteners,Personal Care & Health,Hair Styling,Hair Straighteners
BE-HS80,Beurer,Beurer HS80 Hair Iron with Triple Ionic Function Titanium Coating and Rapid Heating,Hair Straightener,hair-straightener,personal-care-and-health/hair-styling/hair-straighteners,Personal Care & Health,Hair Styling,Hair Straighteners
HADJ-SF411L,Rowenta,Rowenta SF411L Extra Liss Keratin & Tourmaline Coated,Hair Straightener,hair-straightener,personal-care-and-health/hair-styling/hair-straighteners,Personal Care & Health,Hair Styling,Hair Straighteners
RE-S3580,Remington,"Remington S3580 Ceramic Crimp for Hair, Black",Hair Straightener,hair-straightener,personal-care-and-health/hair-styling/hair-straighteners,Personal Care & Health,Hair Styling,Hair Straighteners
RE-S3700,Remington,"Remington S3700 Straightening iron Black S3700, Straightening iron, All hair, 150 °C, 230 °C, Black, 60 min",Hair Straightener,hair-straightener,personal-care-and-health/hair-styling/hair-straighteners,Personal Care & Health,Hair Styling,Hair Straighteners
RE-S5505,Remington,Remington S5505 Hair Straightener Pro-Ceramic Ultra,Hair Straightener,hair-straightener,personal-care-and-health/hair-styling/hair-straighteners,Personal Care & Health,Hair Styling,Hair Straighteners
RE-S5525,Remington,Remington S5525 Hair Straightener Pro-Ceramic Extra,Hair Straightener,hair-straightener,personal-care-and-health/hair-styling/hair-straighteners,Personal Care & Health,Hair Styling,Hair Straighteners
RE-S6308,Remington,Remington S6308 Lisseur Eclat Brillance,Hair Straightener,hair-straightener,personal-care-and-health/hair-styling/hair-straighteners,Personal Care & Health,Hair Styling,Hair Straighteners
RE-S6505,Remington,Remington S6505 Hair Straightener Pro-Sleek & Curl,Hair Straightener,hair-straightener,personal-care-and-health/hair-styling/hair-straighteners,Personal Care & Health,Hair Styling,Hair Straighteners
RE-S7300,Remington,Remington S7300 Wet 2 Straight Ceramic Straightener with Frizz Resist Micro Conditioners,Hair Straightener,hair-straightener,personal-care-and-health/hair-styling/hair-straighteners,Personal Care & Health,Hair Styling,Hair Straighteners
RE-S7350,Remington,Remington S7350 Wet2Straight Wide Plate Hair Straightener,Hair Straightener,hair-straightener,personal-care-and-health/hair-styling/hair-straighteners,Personal Care & Health,Hair Styling,Hair Straighteners
RE-S8540,Remington,Remington S8540 Keratin Protect Straightener,Hair Straightener,hair-straightener,personal-care-and-health/hair-styling/hair-straighteners,Personal Care & Health,Hair Styling,Hair Straighteners
RE-S8550,Remington,Remington S8550 Shine Therapy Wide Plate Ceramic Hair Straightener with Argan Oil,Hair Straightener,hair-straightener,personal-care-and-health/hair-styling/hair-straighteners,Personal Care & Health,Hair Styling,Hair Straighteners
RE-S8590,Remington,Remington S8590 Keratin Therapy Pro Hair Straightener,Hair Straightener,hair-straightener,personal-care-and-health/hair-styling/hair-straighteners,Personal Care & Health,Hair Styling,Hair Straighteners
RE-S8598,Remington,"Remington S8598 Keratin Smart Pro Straightener, Grey",Hair Straightener,hair-straightener,personal-care-and-health/hair-styling/hair-straighteners,Personal Care & Health,Hair Styling,Hair Straighteners
RE-S9001,Remington,Remington S9001 Hydraluxe Pro Hair Straightener,Hair Straightener,hair-straightener,personal-care-and-health/hair-styling/hair-straighteners,Personal Care & Health,Hair Styling,Hair Straighteners
47-AS122E,BaByliss,Babyliss AS122E Smooth Finish 1200 Hair styling brush,Hot Air Brush & Airstyler,hot-air-brush-and-airstyler,personal-care-and-health/hair-styling/hot-air-brushes-and-airstylers,Personal Care & Health,Hair Styling,Hot Air Brushes & Airstylers
47-AS126E,BaByliss,"BaByliss AS126E Hair Brush 1000W, Black",Hot Air Brush & Airstyler,hot-air-brush-and-airstyler,personal-care-and-health/hair-styling/hot-air-brushes-and-airstylers,Personal Care & Health,Hair Styling,Hot Air Brushes & Airstylers
47-AS200E,BaByliss,"BaByliss AS200E Brush & Style Ionic rotating hot air brush set, 1000 watts, 4 attachments, black, 5-piece set",Hot Air Brush & Airstyler,hot-air-brush-and-airstyler,personal-care-and-health/hair-styling/hot-air-brushes-and-airstylers,Personal Care & Health,Hair Styling,Hot Air Brushes & Airstylers
47-AS774E,BaByliss,Babyliss AS774E Hydro Fusion 4 in 1 Hair Styler Brush,Hot Air Brush & Airstyler,hot-air-brush-and-airstyler,personal-care-and-health/hair-styling/hot-air-brushes-and-airstylers,Personal Care & Health,Hair Styling,Hot Air Brushes & Airstylers
47-AS950E,BaByliss,Babyliss AS950E Rotating Heating Hair Brush,Hot Air Brush & Airstyler,hot-air-brush-and-airstyler,personal-care-and-health/hair-styling/hot-air-brushes-and-airstylers,Personal Care & Health,Hair Styling,Hot Air Brushes & Airstylers
47-AS952E,BaByliss,BaByliss AS952E Big Hair Dual Rotary Blower Brush for Volume,Hot Air Brush & Airstyler,hot-air-brush-and-airstyler,personal-care-and-health/hair-styling/hot-air-brushes-and-airstylers,Personal Care & Health,Hair Styling,Hot Air Brushes & Airstylers
47-AS95E,BaByliss,BaByliss AS95E Air Power Volume 2-in-1 Blower Brush,Hot Air Brush & Airstyler,hot-air-brush-and-airstyler,personal-care-and-health/hair-styling/hot-air-brushes-and-airstylers,Personal Care & Health,Hair Styling,Hot Air Brushes & Airstylers
47-AS970E,BaByliss,Babyliss AS970E Hair Rotating Hot Air Styler,Hot Air Brush & Airstyler,hot-air-brush-and-airstyler,personal-care-and-health/hair-styling/hot-air-brushes-and-airstylers,Personal Care & Health,Hair Styling,Hot Air Brushes & Airstylers
BE-HT80,Beurer,Beurer HT80 Rotating Hot Air Styling Brush,Hot Air Brush & Airstyler,hot-air-brush-and-airstyler,personal-care-and-health/hair-styling/hot-air-brushes-and-airstylers,Personal Care & Health,Hair Styling,Hot Air Brushes & Airstylers
RE-AS5901,Remington,Remington AS5901 Airstyler Coconut infused Smooth Ceramic Barrels,Hot Air Brush & Airstyler,hot-air-brush-and-airstyler,personal-care-and-health/hair-styling/hot-air-brushes-and-airstylers,Personal Care & Health,Hair Styling,Hot Air Brushes & Airstylers
RE-AS8810,Remington,Remington AS8810 Keratin Protect Rotating Airstyler,Hot Air Brush & Airstyler,hot-air-brush-and-airstyler,personal-care-and-health/hair-styling/hot-air-brushes-and-airstylers,Personal Care & Health,Hair Styling,Hot Air Brushes & Airstylers
AMZ-DE-B0FLK45SF7,,Dyson HS08 AirWrap Multi-Styler and Straightener (Rose Gold),Multi-Styler,multi-styler,personal-care-and-health/hair-styling/multi-stylers-and-styling-sets,Personal Care & Health,Hair Styling,Multi-Stylers & Styling Sets
BE-HT50,Beurer,"Beurer HT50 Hot Air Brush Multistyler, Black-Rose Gold",Multi-Styler,multi-styler,personal-care-and-health/hair-styling/multi-stylers-and-styling-sets,Personal Care & Health,Hair Styling,Multi-Stylers & Styling Sets
DY-533896-01,Dyson,Dyson 533896-01 Airwrap Origin Multi-Styler & Dryer — Nickel/Copper,Multi-Styler,multi-styler,personal-care-and-health/hair-styling/multi-stylers-and-styling-sets,Personal Care & Health,Hair Styling,Multi-Stylers & Styling Sets
DY-AB14,Dyson,Dyson Airwrap Complete,Multi-Styler,multi-styler,personal-care-and-health/hair-styling/multi-stylers-and-styling-sets,Personal Care & Health,Hair Styling,Multi-Stylers & Styling Sets
RE-S8670,Remington,"Remington S8670 Multistyle Interchangeable Styler, Black",Multi-Styler,multi-styler,personal-care-and-health/hair-styling/multi-stylers-and-styling-sets,Personal Care & Health,Hair Styling,Multi-Stylers & Styling Sets
BE-BC27,Beurer,Beurer BC27 Wrist Blood Pressure Monitor,Blood Pressure Monitor,blood-pressure-monitor,personal-care-and-health/health-and-wellbeing-devices/blood-pressure-monitors,Personal Care & Health,Health & Wellbeing Devices,Blood Pressure Monitors
BE-BM28,Beurer,Beurer BM28 Blood Pressure Monitor,Blood Pressure Monitor,blood-pressure-monitor,personal-care-and-health/health-and-wellbeing-devices/blood-pressure-monitors,Personal Care & Health,Health & Wellbeing Devices,Blood Pressure Monitors
BE-BM35,Beurer,Beurer BM35 Upper Arm Blood Pressure Monitor,Blood Pressure Monitor,blood-pressure-monitor,personal-care-and-health/health-and-wellbeing-devices/blood-pressure-monitors,Personal Care & Health,Health & Wellbeing Devices,Blood Pressure Monitors
BE-BM57BT,Beurer,Beurer BM57 Bluetooth Upper Arm Blood Pressure Monitor,Blood Pressure Monitor,blood-pressure-monitor,personal-care-and-health/health-and-wellbeing-devices/blood-pressure-monitors,Personal Care & Health,Health & Wellbeing Devices,Blood Pressure Monitors
BE-BF220,Beurer,Beurer BF220 Glass Body Analysis Diagnostic Weighing Scale,Body Analysis Scale,body-analysis-scale,personal-care-and-health/health-and-wellbeing-devices/body-analysis-and-bathroom-scales,Personal Care & Health,Health & Wellbeing Devices,Body Analysis & Bathroom Scales
BE-BF600 WHITE,Beurer,Beurer BF600 Diagnostic Scale,Body Analysis Scale,body-analysis-scale,personal-care-and-health/health-and-wellbeing-devices/body-analysis-and-bathroom-scales,Personal Care & Health,Health & Wellbeing Devices,Body Analysis & Bathroom Scales
BE-CM50,Beurer,Beurer CM50 Anti-cellulite Massager for Firmer Skin,Massager,massager,personal-care-and-health/health-and-wellbeing-devices/massagers-and-massage-guns,Personal Care & Health,Health & Wellbeing Devices,Massagers & Massage Guns
BE-CM51,Beurer,Beurer CM51 Anti-Cellulite Massager for Firmer Skin,Massager,massager,personal-care-and-health/health-and-wellbeing-devices/massagers-and-massage-guns,Personal Care & Health,Health & Wellbeing Devices,Massagers & Massage Guns
BE-MG145,Beurer,Beurer MG145 Multi-purpose Heating Shiatsu Massage Cushion,Massager,massager,personal-care-and-health/health-and-wellbeing-devices/massagers-and-massage-guns,Personal Care & Health,Health & Wellbeing Devices,Massagers & Massage Guns
BE-MG151,Beurer,Beurer MG151 Massage Shiatsu 3D,Massager,massager,personal-care-and-health/health-and-wellbeing-devices/massagers-and-massage-guns,Personal Care & Health,Health & Wellbeing Devices,Massagers & Massage Guns
BE-MG16,Beurer,"Beurer MG16 Mini Body Massager, Red",Massager,massager,personal-care-and-health/health-and-wellbeing-devices/massagers-and-massage-guns,Personal Care & Health,Health & Wellbeing Devices,Massagers & Massage Guns
BE-MG180,Beurer,Beurer MG180 Massage Gun for Deep Tissue Massage to Relieve Tension and Regenerate Muscles with 6 Attachments,Massager,massager,personal-care-and-health/health-and-wellbeing-devices/massagers-and-massage-guns,Personal Care & Health,Health & Wellbeing Devices,Massagers & Massage Guns
BE-MG205,Beurer,Beurer MG 206 Shiatsu Massage Seat Cover,Massager,massager,personal-care-and-health/health-and-wellbeing-devices/massagers-and-massage-guns,Personal Care & Health,Health & Wellbeing Devices,Massagers & Massage Guns
BE-MG35,Beurer,Beurer MG35 Deep Roll Vibrating Massage Roller For Fascia And Trigger Point,Massager,massager,personal-care-and-health/health-and-wellbeing-devices/massagers-and-massage-guns,Personal Care & Health,Health & Wellbeing Devices,Massagers & Massage Guns
BE-MG40,Beurer,Beurer MG40 Infrared Body Massager with Rotating Head,Massager,massager,personal-care-and-health/health-and-wellbeing-devices/massagers-and-massage-guns,Personal Care & Health,Health & Wellbeing Devices,Massagers & Massage Guns
BE-MG55,Beurer,"Beurer MG55 Handheld Tapping Percussion Body Massager with Infrared Heat & 3 Attachments – Adjustable Intensity, 20 W",Massager,massager,personal-care-and-health/health-and-wellbeing-devices/massagers-and-massage-guns,Personal Care & Health,Health & Wellbeing Devices,Massagers & Massage Guns
BE-MG70,Beurer,Beurer MG70 Infrared Body Massage,Massager,massager,personal-care-and-health/health-and-wellbeing-devices/massagers-and-massage-guns,Personal Care & Health,Health & Wellbeing Devices,Massagers & Massage Guns
BE-MG79,Beurer,Beurer MG79 Sensitive Deep Tissue Massager,Massager,massager,personal-care-and-health/health-and-wellbeing-devices/massagers-and-massage-guns,Personal Care & Health,Health & Wellbeing Devices,Massagers & Massage Guns
BE-MG99,Beurer,Beurer MG99 Deep Massager Limited Edition,Massager,massager,personal-care-and-health/health-and-wellbeing-devices/massagers-and-massage-guns,Personal Care & Health,Health & Wellbeing Devices,Massagers & Massage Guns
BE-BR60,Beurer,Beurer BR60 Insect Bite Healer Pen,Therapy Device,therapy-device,personal-care-and-health/health-and-wellbeing-devices/therapy-and-treatment-devices,Personal Care & Health,Health & Wellbeing Devices,Therapy & Treatment Devices
BE-BR90,Beurer,Beurer BR90 Insect Bite Healer Pen with Light,Therapy Device,therapy-device,personal-care-and-health/health-and-wellbeing-devices/therapy-and-treatment-devices,Personal Care & Health,Health & Wellbeing Devices,Therapy & Treatment Devices
BE-FT65,Beurer,Beurer FT65 Multi Functional Thermometer,Thermometer & Oximeter,thermometer-and-oximeter,personal-care-and-health/health-and-wellbeing-devices/thermometers-and-pulse-oximeters,Personal Care & Health,Health & Wellbeing Devices,Thermometers & Pulse Oximeters
BE-PO45,Beurer,Beurer PO45 Pulse Oximeter,Thermometer & Oximeter,thermometer-and-oximeter,personal-care-and-health/health-and-wellbeing-devices/thermometers-and-pulse-oximeters,Personal Care & Health,Health & Wellbeing Devices,Thermometers & Pulse Oximeters
HADJ-TN5224,Rowenta,Rowenta TN5224 Advance Trimmer for Hair and Beard,Beard Trimmer,beard-trimmer,personal-care-and-health/shaving-and-grooming/beard-and-stubble-trimmers,Personal Care & Health,Shaving & Grooming,Beard & Stubble Trimmers
PH-BT7240,Philips,Philips Series 7000 Beard Trimmer,Beard Trimmer,beard-trimmer,personal-care-and-health/shaving-and-grooming/beard-and-stubble-trimmers,Personal Care & Health,Shaving & Grooming,Beard & Stubble Trimmers
RE-MB3000,Remington,Remington B3 Style Series Mens Beard and Stubble Trimmer - Battery Opperated with Precision Zoom Wheel (0.4-18 mm) - MB3000,Beard Trimmer,beard-trimmer,personal-care-and-health/shaving-and-grooming/beard-and-stubble-trimmers,Personal Care & Health,Shaving & Grooming,Beard & Stubble Trimmers
RE-MB320C,Remington,Remington MB320C Beard Trimmer Barba,Beard Trimmer,beard-trimmer,personal-care-and-health/shaving-and-grooming/beard-and-stubble-trimmers,Personal Care & Health,Shaving & Grooming,Beard & Stubble Trimmers
RE-MB4120,Remington,Remington MB4120 Beard Boss Beard and Stubble Trimmer,Beard Trimmer,beard-trimmer,personal-care-and-health/shaving-and-grooming/beard-and-stubble-trimmers,Personal Care & Health,Shaving & Grooming,Beard & Stubble Trimmers
RE-MB4122,Remington,Remington MB4122 Beard Boss Beard & Nose Trimmer Limited Edition Gift Set,Beard Trimmer,beard-trimmer,personal-care-and-health/shaving-and-grooming/beard-and-stubble-trimmers,Personal Care & Health,Shaving & Grooming,Beard & Stubble Trimmers
RE-MB4128,Remington,Remington MB4128 Manchester United Edition Men's Beard Trimmer,Beard Trimmer,beard-trimmer,personal-care-and-health/shaving-and-grooming/beard-and-stubble-trimmers,Personal Care & Health,Shaving & Grooming,Beard & Stubble Trimmers
RE-MB4700,Remington,Remington MB4700 Touch Tech Beard Trimmer,Beard Trimmer,beard-trimmer,personal-care-and-health/shaving-and-grooming/beard-and-stubble-trimmers,Personal Care & Health,Shaving & Grooming,Beard & Stubble Trimmers
RE-MB5000,Remington,Remington MB5000 B5 Style Series Cordless Beard and Stubble Trimmer for Men with Adjustable Zoom Wheel and Titanium Coated Blades - MB5000,Beard Trimmer,beard-trimmer,personal-care-and-health/shaving-and-grooming/beard-and-stubble-trimmers,Personal Care & Health,Shaving & Grooming,Beard & Stubble Trimmers
92-BG3017/01,Philips,"Philips Bodygroom Series 3000 Showerproof Groin and Body Trimmer, Close and Comfortable Shave, Complete Body Grooming, 50 Min. Runtime, Model BG3017/01",Body Groomer,body-groomer,personal-care-and-health/shaving-and-grooming/body-groomers,Personal Care & Health,Shaving & Grooming,Body Groomers
92-BG3485/15,Philips,Philips BG3485/15 Bodygroom Series 3000 Triple Protect Shave,Body Groomer,body-groomer,personal-care-and-health/shaving-and-grooming/body-groomers,Personal Care & Health,Shaving & Grooming,Body Groomers
92-BG5021/15,Philips,Philips BG501/15 Body Shaver Rech 60M Waterproof,Body Groomer,body-groomer,personal-care-and-health/shaving-and-grooming/body-groomers,Personal Care & Health,Shaving & Grooming,Body Groomers
RE-BHT250,Remington,Remington BHT250 Hair Trimmer Body & Delicates,Body Groomer,body-groomer,personal-care-and-health/shaving-and-grooming/body-groomers,Personal Care & Health,Shaving & Grooming,Body Groomers
RE-BHT6256,Remington,Remington BHT6256 Wetech Body Hair Trimmer,Body Groomer,body-groomer,personal-care-and-health/shaving-and-grooming/body-groomers,Personal Care & Health,Shaving & Grooming,Body Groomers
BR-S9-4200,Braun,Braun Series 9 Electric Shaver 4200,Electric Shaver,electric-shaver,personal-care-and-health/shaving-and-grooming/electric-shavers,Personal Care & Health,Shaving & Grooming,Electric Shavers
NMK-3615-1016,Wahl,"Wahl 3615-1016 Cordless Beard Shaver, Black",Electric Shaver,electric-shaver,personal-care-and-health/shaving-and-grooming/electric-shavers,Personal Care & Health,Shaving & Grooming,Electric Shavers
PH-S5588,Philips,Philips Shaver Series 5000,Electric Shaver,electric-shaver,personal-care-and-health/shaving-and-grooming/electric-shavers,Personal Care & Health,Shaving & Grooming,Electric Shavers
RE-F2002,Remington,Remington F2 Style Series Foil Sshaver,Electric Shaver,electric-shaver,personal-care-and-health/shaving-and-grooming/electric-shavers,Personal Care & Health,Shaving & Grooming,Electric Shavers
RE-F3000,Remington,Remington F3000 Style Series F3 Men's Electric Shaver - Grey/Blue,Electric Shaver,electric-shaver,personal-care-and-health/shaving-and-grooming/electric-shavers,Personal Care & Health,Shaving & Grooming,Electric Shavers
RE-MB070,Remington,"Remington MB070 Beard Cutter Durablade Pro Shave with Detail Trimmer for Wet & Dry Use, Orange",Electric Shaver,electric-shaver,personal-care-and-health/shaving-and-grooming/electric-shavers,Personal Care & Health,Shaving & Grooming,Electric Shavers
RE-PR1350,Remington,"Remington PR1350 Power Series Aqua Plus Rotary Shaver, Black",Electric Shaver,electric-shaver,personal-care-and-health/shaving-and-grooming/electric-shavers,Personal Care & Health,Shaving & Grooming,Electric Shavers
3G-HC5310,Braun,"Braun Hair Clipper Series 5 HC5310, Men's Hair Clipper with 9 Length Settings",Hair Clipper,hair-clipper,personal-care-and-health/shaving-and-grooming/hair-clippers,Personal Care & Health,Shaving & Grooming,Hair Clippers
47-E786E,BaByliss,Babyliss E786E Hair Clipper 0.5-24MM Rech,Hair Clipper,hair-clipper,personal-care-and-health/shaving-and-grooming/hair-clippers,Personal Care & Health,Shaving & Grooming,Hair Clippers
92-HC3525/15,Philips,Philips HC3525/15 Hair Clipper Series 3000 Cordless 13 Lengths,Hair Clipper,hair-clipper,personal-care-and-health/shaving-and-grooming/hair-clippers,Personal Care & Health,Shaving & Grooming,Hair Clippers
92-HC5630/15,Philips,Philips HC5630/15 Series 5000 Hair Clipper,Hair Clipper,hair-clipper,personal-care-and-health/shaving-and-grooming/hair-clippers,Personal Care & Health,Shaving & Grooming,Hair Clippers
92-QC5115/15,Philips,"Philips QC5115 Hair Clipper, Multi Voltage (100-240V)",Hair Clipper,hair-clipper,personal-care-and-health/shaving-and-grooming/hair-clippers,Personal Care & Health,Shaving & Grooming,Hair Clippers
NMK-79111-516,Wahl,"Wahl 79111-516 Baldfader Corded Hair Clipper, Black",Hair Clipper,hair-clipper,personal-care-and-health/shaving-and-grooming/hair-clippers,Personal Care & Health,Shaving & Grooming,Hair Clippers
NMK-9649-916,Wahl,Wahl 9649-916 Color Pro Cordless Rechargeable Hair Clipper & Trimmer – Easy Color-Coded Guide Combs,Hair Clipper,hair-clipper,personal-care-and-health/shaving-and-grooming/hair-clippers,Personal Care & Health,Shaving & Grooming,Hair Clippers
NMK-9698-1016,Wahl,Wahl 9698-1016 Cable/Wireless LED Hair Cutting Set,Hair Clipper,hair-clipper,personal-care-and-health/shaving-and-grooming/hair-clippers,Personal Care & Health,Shaving & Grooming,Hair Clippers
RE-HC5020,Remington,"Remington HC5020 Apprentice Hair Clipper, Blue Black",Hair Clipper,hair-clipper,personal-care-and-health/shaving-and-grooming/hair-clippers,Personal Care & Health,Shaving & Grooming,Hair Clippers
RE-HC5038,Remington,Remington HC5038 ColourCut Hair Clipper Manchester United Edition,Hair Clipper,hair-clipper,personal-care-and-health/shaving-and-grooming/hair-clippers,Personal Care & Health,Shaving & Grooming,Hair Clippers
RE-HC5150,Remington,Remington HC5150 Hair Clipper Pro Power Alpha,Hair Clipper,hair-clipper,personal-care-and-health/shaving-and-grooming/hair-clippers,Personal Care & Health,Shaving & Grooming,Hair Clippers
RE-HC5200,Remington,Remington HC5200 Hair Clipper Pro Power,Hair Clipper,hair-clipper,personal-care-and-health/shaving-and-grooming/hair-clippers,Personal Care & Health,Shaving & Grooming,Hair Clippers
RE-NE3150,Remington,"Remington NE3150 Linear, Nose & Ear Hair Clipper",Hair Clipper,hair-clipper,personal-care-and-health/shaving-and-grooming/hair-clippers,Personal Care & Health,Shaving & Grooming,Hair Clippers
47-E974E,BaByliss,Babyliss E974E Men’s Battery-Powered Hair Trimmer,Hair Trimmer,hair-trimmer,personal-care-and-health/shaving-and-grooming/multi-grooming-kits,Personal Care & Health,Shaving & Grooming,Multi-Grooming Kits
47-MT728E,BaByliss,Babyliss MT728E 10-in-1 Garbon Steel Multi Trimmer,Multi-Grooming Kit,multi-grooming-kit,personal-care-and-health/shaving-and-grooming/multi-grooming-kits,Personal Care & Health,Shaving & Grooming,Multi-Grooming Kits
47-SC758E,BaByliss,Babyliss SC758E Men’s Battery-Powered Hair Trimmer,Hair Trimmer,hair-trimmer,personal-care-and-health/shaving-and-grooming/multi-grooming-kits,Personal Care & Health,Shaving & Grooming,Multi-Grooming Kits
47-T861E,BaByliss,Babyliss T861E Trimmer 0.5-12MM 60Min Cord/Rech SS,Hair Trimmer,hair-trimmer,personal-care-and-health/shaving-and-grooming/multi-grooming-kits,Personal Care & Health,Shaving & Grooming,Multi-Grooming Kits
92-MG7940/15,Philips,Philips Series 7000 All-in-One Hair Trimmer - MG7940/15,Multi-Grooming Kit,multi-grooming-kit,personal-care-and-health/shaving-and-grooming/multi-grooming-kits,Personal Care & Health,Shaving & Grooming,Multi-Grooming Kits
92-MG7941/15,Philips,"Philips MG7941/15 All in One Trimmer, 17 in 1 trimmer",Multi-Grooming Kit,multi-grooming-kit,personal-care-and-health/shaving-and-grooming/multi-grooming-kits,Personal Care & Health,Shaving & Grooming,Multi-Grooming Kits
BR-MGK7,Braun,Braun MGK7 Multi Grooming Kit,Multi-Grooming Kit,multi-grooming-kit,personal-care-and-health/shaving-and-grooming/multi-grooming-kits,Personal Care & Health,Shaving & Grooming,Multi-Grooming Kits
RE-MB7000,Remington,Remington MB7000 T-Series  Ultimate Cordless Trimmer - Black,Multi-Grooming Kit,multi-grooming-kit,personal-care-and-health/shaving-and-grooming/multi-grooming-kits,Personal Care & Health,Shaving & Grooming,Multi-Grooming Kits
RE-PG180,Remington,Remington PG180 Personal Groomer,Multi-Grooming Kit,multi-grooming-kit,personal-care-and-health/shaving-and-grooming/multi-grooming-kits,Personal Care & Health,Shaving & Grooming,Multi-Grooming Kits
RE-PG2000,Remington,"Remington Graphite G2 Multi-Grooming Kit, Electric Body, Detail and Beard Trimmer, PG2000",Multi-Grooming Kit,multi-grooming-kit,personal-care-and-health/shaving-and-grooming/multi-grooming-kits,Personal Care & Health,Shaving & Grooming,Multi-Grooming Kits
RE-PG4000,Remington,"Remington Graphite G4 Cordless Trimmer, All-in-One Beard, Body and Stubble Trimmer with Mini Electric Shaver Attachment, PG4000",Multi-Grooming Kit,multi-grooming-kit,personal-care-and-health/shaving-and-grooming/multi-grooming-kits,Personal Care & Health,Shaving & Grooming,Multi-Grooming Kits
RE-PG5000,Remington,Remington PG5000 Graphite Series G5 Rechargeable Grooming Set,Multi-Grooming Kit,multi-grooming-kit,personal-care-and-health/shaving-and-grooming/multi-grooming-kits,Personal Care & Health,Shaving & Grooming,Multi-Grooming Kits
RE-PG6030,Remington,Remington PG6030 Personal Groomer All-In-One Kit,Multi-Grooming Kit,multi-grooming-kit,personal-care-and-health/shaving-and-grooming/multi-grooming-kits,Personal Care & Health,Shaving & Grooming,Multi-Grooming Kits
RE-PG6130,Remington,Remington PG6130 Personal Groomer All-In-One Kit,Multi-Grooming Kit,multi-grooming-kit,personal-care-and-health/shaving-and-grooming/multi-grooming-kits,Personal Care & Health,Shaving & Grooming,Multi-Grooming Kits
RE-PG760,Remington,Remignton PG760 One Head & Body Multigroomer,Multi-Grooming Kit,multi-grooming-kit,personal-care-and-health/shaving-and-grooming/multi-grooming-kits,Personal Care & Health,Shaving & Grooming,Multi-Grooming Kits
RE-PG780,Remington,Remington PG780 ONE Total Body Multi-groomer,Multi-Grooming Kit,multi-grooming-kit,personal-care-and-health/shaving-and-grooming/multi-grooming-kits,Personal Care & Health,Shaving & Grooming,Multi-Grooming Kits
47-E650E,BaByliss,BaByliss E650E Rotary Nose Trimmer,Nose & Detail Trimmer,nose-and-detail-trimmer,personal-care-and-health/shaving-and-grooming/nose-ear-and-detail-trimmers,Personal Care & Health,Shaving & Grooming,"Nose, Ear & Detail Trimmers"
47-E652E,BaByliss,Babyliss E652E Precision Trimmer Nose And Eyebrowns,Nose & Detail Trimmer,nose-and-detail-trimmer,personal-care-and-health/shaving-and-grooming/nose-ear-and-detail-trimmers,Personal Care & Health,Shaving & Grooming,"Nose, Ear & Detail Trimmers"
BE-HR2000,Beurer,Beurer HR2000 Precision Trimmer,Nose & Detail Trimmer,nose-and-detail-trimmer,personal-care-and-health/shaving-and-grooming/nose-ear-and-detail-trimmers,Personal Care & Health,Shaving & Grooming,"Nose, Ear & Detail Trimmers"
RE-NE3870,Remington,Remington NE3870 Nose & Detail Trimmer,Nose & Detail Trimmer,nose-and-detail-trimmer,personal-care-and-health/shaving-and-grooming/nose-ear-and-detail-trimmers,Personal Care & Health,Shaving & Grooming,"Nose, Ear & Detail Trimmers"
47-H72E,BaByliss,BaByliss H72E Soft Head Pedicure Replacement for H700E,Shaver Accessory,shaver-accessory,personal-care-and-health/shaving-and-grooming/shaver-blades-heads-and-accessories,Personal Care & Health,Shaving & Grooming,"Shaver Blades, Heads & Accessories"
92-QP210/50,Philips,Philips QP210/50 Single OneBlade Replacement Blade,Shaver Accessory,shaver-accessory,personal-care-and-health/shaving-and-grooming/shaver-blades-heads-and-accessories,Personal Care & Health,Shaving & Grooming,"Shaver Blades, Heads & Accessories"
92-QP220/55,Philips,"Philips OneBlade QP220/50 Replaceable Blade, 2-Piece",Shaver Accessory,shaver-accessory,personal-care-and-health/shaving-and-grooming/shaver-blades-heads-and-accessories,Personal Care & Health,Shaving & Grooming,"Shaver Blades, Heads & Accessories"
92-QP410/50,Philips,Philips QP410/50 360 Shaving Blades,Shaver Accessory,shaver-accessory,personal-care-and-health/shaving-and-grooming/shaver-blades-heads-and-accessories,Personal Care & Health,Shaving & Grooming,"Shaver Blades, Heads & Accessories"
92-QP420/50,Philips,Philips QP420/50 OneBlade Shaver Accessory 2-Pack Shaving Heads,Shaver Accessory,shaver-accessory,personal-care-and-health/shaving-and-grooming/shaver-blades-heads-and-accessories,Personal Care & Health,Shaving & Grooming,"Shaver Blades, Heads & Accessories"
PAWES9837Y,Panasonic,Panasonic WES9837Y Men Shaver Outer Foil,Shaver Accessory,shaver-accessory,personal-care-and-health/shaving-and-grooming/shaver-blades-heads-and-accessories,Personal Care & Health,Shaving & Grooming,"Shaver Blades, Heads & Accessories"
AP-808A,Alfa Pets,"Bird Cage 808A,Black",Bird Cage,bird-cage,pet-supplies/cages-and-housing/bird-cages,Pet Supplies,Cages & Housing,Bird Cages
AP-A101,Alfa Pets,"Bird Cage A101,White",Bird Cage,bird-cage,pet-supplies/cages-and-housing/bird-cages,Pet Supplies,Cages & Housing,Bird Cages
AP-A400,Alfa Pets,"Bird Cage A400,Blue",Bird Cage,bird-cage,pet-supplies/cages-and-housing/bird-cages,Pet Supplies,Cages & Housing,Bird Cages
AP-A401,Alfa Pets,"Bird Cage A401,Green",Bird Cage,bird-cage,pet-supplies/cages-and-housing/bird-cages,Pet Supplies,Cages & Housing,Bird Cages
AP-D320X,Alfa Pets,"Bird Cage D320X,Bronze",Bird Cage,bird-cage,pet-supplies/cages-and-housing/bird-cages,Pet Supplies,Cages & Housing,Bird Cages
AP-D338XW,Alfa Pets,"Bird Cage D338XW,Wood",Bird Cage,bird-cage,pet-supplies/cages-and-housing/bird-cages,Pet Supplies,Cages & Housing,Bird Cages
AP-3503,Marchioro,Marchioro Velox 47 Clipper 4-5-6-7 Wheels for Pet Carriers,Pet Carrier Part,pet-carrier-part,pet-supplies/cages-and-housing/carrier-parts-and-accessories,Pet Supplies,Cages & Housing,Carrier Parts & Accessories
AP-1218,Alfa Pets,"Hamster Cage 1218,Grey",Small Animal Cage,small-animal-cage,pet-supplies/cages-and-housing/small-animal-cages,Pet Supplies,Cages & Housing,Small Animal Cages
AP-1340,Alfa Pets,"Hamster Cage 1340,Turquoise",Small Animal Cage,small-animal-cage,pet-supplies/cages-and-housing/small-animal-cages,Pet Supplies,Cages & Housing,Small Animal Cages
AP-511B,Alfa Pets,"Hamster Cage 511B, Light Blue",Small Animal Cage,small-animal-cage,pet-supplies/cages-and-housing/small-animal-cages,Pet Supplies,Cages & Housing,Small Animal Cages
AP-513B,Alfa Pets,"Hamster Cage 513B,Pink",Small Animal Cage,small-animal-cage,pet-supplies/cages-and-housing/small-animal-cages,Pet Supplies,Cages & Housing,Small Animal Cages
HC-1801,Mr. Cat,Mr. Cat Clumping Cat Litter – 10kg Ultra-Absorbent & Odor Control for Hygienic Cat Care,Cat Litter,cat-litter,pet-supplies/pet-care/cat-litter,Pet Supplies,Pet Care,Cat Litter
EL-LCS-CSVA-W,Sony,Sony,Internal Item,internal-item,services-and-fees/internal-and-uncategorised/miscellaneous-internal-items,Services & Fees,Internal & Uncategorised,Miscellaneous Internal Items
VGN-STICKERS,,Various Stickers,Internal Item,internal-item,services-and-fees/internal-and-uncategorised/miscellaneous-internal-items,Services & Fees,Internal & Uncategorised,Miscellaneous Internal Items
Various-Equipment,,Various Equipment,Internal Item,internal-item,services-and-fees/internal-and-uncategorised/miscellaneous-internal-items,Services & Fees,Internal & Uncategorised,Miscellaneous Internal Items
Delivery-Installation,,Equipment Delivery & Installation,Delivery Charge,delivery-charge,services-and-fees/logistics-and-delivery/shipping-and-delivery-charges,Services & Fees,Logistics & Delivery,Shipping & Delivery Charges
Logistic-Services,MASQ,MASQ Logisitc Services,Logistics Service,logistics-service,services-and-fees/logistics-and-delivery/shipping-and-delivery-charges,Services & Fees,Logistics & Delivery,Shipping & Delivery Charges
Shipping-Outbound,,Shipping Cost (Outbound),Delivery Charge,delivery-charge,services-and-fees/logistics-and-delivery/shipping-and-delivery-charges,Services & Fees,Logistics & Delivery,Shipping & Delivery Charges
EQP-Service-Repair,,Equipment Service/Repair,Repair Service,repair-service,services-and-fees/service-and-repair/equipment-service-and-repair,Services & Fees,Service & Repair,Equipment Service & Repair
AMZ-DE-B0DMDZBSR1,,Bevigor 4 x AA and 4 x AAA NiMH Batteries Charger Quick Charger Battery Charger Kit,Battery & Charger,battery-and-charger,smart-home-networking-and-electrical/electrical-accessories/batteries-and-chargers,"Smart Home, Networking & Electrical",Electrical Accessories,Batteries & Chargers
MT-11239210,Maxell,Maxell CR2025 Battery in Blister,Battery & Charger,battery-and-charger,smart-home-networking-and-electrical/electrical-accessories/batteries-and-chargers,"Smart Home, Networking & Electrical",Electrical Accessories,Batteries & Chargers
HDMI-Cable-2m,,"HDMI Cable Version 2.0 Ultra High Definition, 20m",HDMI Cable,hdmi-cable,smart-home-networking-and-electrical/electrical-accessories/hdmi-and-av-cables,"Smart Home, Networking & Electrical",Electrical Accessories,HDMI & AV Cables
NMK-000355,,"HDMI Cable Version 2.0 Ultra High Definition, 10m",HDMI Cable,hdmi-cable,smart-home-networking-and-electrical/electrical-accessories/hdmi-and-av-cables,"Smart Home, Networking & Electrical",Electrical Accessories,HDMI & AV Cables
NMK-000437,,"HDMI Cable Version 2.0 Ultra High Definition, 15m",HDMI Cable,hdmi-cable,smart-home-networking-and-electrical/electrical-accessories/hdmi-and-av-cables,"Smart Home, Networking & Electrical",Electrical Accessories,HDMI & AV Cables
47-PC8338B,Power Connections,"PowerConnections EU to UK Plug Converter 5A, Black",Plug & Adapter,plug-and-adapter,smart-home-networking-and-electrical/electrical-accessories/plugs-adapters-and-converters,"Smart Home, Networking & Electrical",Electrical Accessories,"Plugs, Adapters & Converters"
47-SCP13B,,PowerConnections Europe to UK Mains 13A Connector Converter,Plug & Adapter,plug-and-adapter,smart-home-networking-and-electrical/electrical-accessories/plugs-adapters-and-converters,"Smart Home, Networking & Electrical",Electrical Accessories,"Plugs, Adapters & Converters"
AMZ-DE-B0D3KMYM1X,,"Voltage Converter 230V to 110V, Step Down Transformer Voltage Converter 220V to 110V, 3000W",Plug & Adapter,plug-and-adapter,smart-home-networking-and-electrical/electrical-accessories/plugs-adapters-and-converters,"Smart Home, Networking & Electrical",Electrical Accessories,"Plugs, Adapters & Converters"
ATH-PLUG-13A-WHITE,,"Plug UK 13A Fused Durable, White",Plug & Adapter,plug-and-adapter,smart-home-networking-and-electrical/electrical-accessories/plugs-adapters-and-converters,"Smart Home, Networking & Electrical",Electrical Accessories,"Plugs, Adapters & Converters"
ATP-SVG-TC218,,Mains Plug UK 13A Durable,Plug & Adapter,plug-and-adapter,smart-home-networking-and-electrical/electrical-accessories/plugs-adapters-and-converters,"Smart Home, Networking & Electrical",Electrical Accessories,"Plugs, Adapters & Converters"
SH-0281194,,8-way Power Strip with 3 x USB Ports & Switch,Power Strip,power-strip,smart-home-networking-and-electrical/electrical-accessories/power-strips-and-extension-leads,"Smart Home, Networking & Electrical",Electrical Accessories,Power Strips & Extension Leads
AMZ-DE-B09QCC3LBV,,"Survival Kit, 54-in-1 First Aid Set, for Car, Outdoors, Home, Power Outage, Emergency Gear",Emergency Kit,emergency-kit,smart-home-networking-and-electrical/home-safety-and-wellbeing/emergency-and-first-aid-kits,"Smart Home, Networking & Electrical",Home Safety & Wellbeing,Emergency & First Aid Kits
AMZ-DE-B0CYBX9BTM,,"CalltoU Emergency Call Button for Elderly, Wireless Doorbell 500 Feet Open, Home Security Alarm for Seniors (2 Transmitters 2 Receivers)",Personal Alarm,personal-alarm,smart-home-networking-and-electrical/home-safety-and-wellbeing/personal-alarms-and-call-buttons,"Smart Home, Networking & Electrical",Home Safety & Wellbeing,Personal Alarms & Call Buttons
AMZ-DE-B0F7XLK7L1,,"Magicteam Sleep Sound Machine with 40 Natural Soothing Sounds and Memory Function, 32 Volume Levels, AC or USB Powered and Sleep Timer, Noise Therapy for Babies and Children and Adults (White-B)",Sleep & Wake-Up Device,sleep-and-wake-up-device,smart-home-networking-and-electrical/home-safety-and-wellbeing/sleep-and-wake-up-devices,"Smart Home, Networking & Electrical",Home Safety & Wellbeing,Sleep & Wake-Up Devices
BE-WL 32,Beurer,"Beurer WL 32 Wake-Up Light Alarm Clock with Sunrise Simulation, FM Radio, Dual Alarms, and Adjustable Brightness – White",Sleep & Wake-Up Device,sleep-and-wake-up-device,smart-home-networking-and-electrical/home-safety-and-wellbeing/sleep-and-wake-up-devices,"Smart Home, Networking & Electrical",Home Safety & Wellbeing,Sleep & Wake-Up Devices
CYR-UC300-868M,Milesight,Milesight UC300 LoRaWAN Controller,LoRaWAN Controller,lorawan-controller,smart-home-networking-and-electrical/iot-sensors-and-gateways/lorawan-controllers,"Smart Home, Networking & Electrical",IoT Sensors & Gateways,LoRaWAN Controllers
LT-22222-L-868,Dragino,"Dragino LT-22222-L LoRaWAN I/O Controller with 0–20 mA, 0–30 V, RS485, DI, DO, Relay Output, Data Logging",LoRaWAN Controller,lorawan-controller,smart-home-networking-and-electrical/iot-sensors-and-gateways/lorawan-controllers,"Smart Home, Networking & Electrical",IoT Sensors & Gateways,LoRaWAN Controllers
CYR-UG65-868M-EA-H32,Milesight,Milesight UG65 LoRaWAN Semi-Industrial Helium Miner,LoRaWAN Gateway,lorawan-gateway,smart-home-networking-and-electrical/iot-sensors-and-gateways/lorawan-gateways,"Smart Home, Networking & Electrical",IoT Sensors & Gateways,LoRaWAN Gateways
UG65-L04EU-868M-EA,Milesight,"Milesight UG65 Series LoRaWAN® Semi-Industrial Gateway - Ethernet, Cellular and External Antenna - EU 868MHz",LoRaWAN Gateway,lorawan-gateway,smart-home-networking-and-electrical/iot-sensors-and-gateways/lorawan-gateways,"Smart Home, Networking & Electrical",IoT Sensors & Gateways,LoRaWAN Gateways
CYR-AM307-868M,Milesight,Milesight AM307 LoRaWAN Indoor Air Quality Sensor,LoRaWAN Sensor,lorawan-sensor,smart-home-networking-and-electrical/iot-sensors-and-gateways/lorawan-sensors,"Smart Home, Networking & Electrical",IoT Sensors & Gateways,LoRaWAN Sensors
CYR-EM300-SLD-868M,Milesight,Milesight EM300 Series LoRaWAN® Spot Leakage Detection Sensor (EU868),LoRaWAN Sensor,lorawan-sensor,smart-home-networking-and-electrical/iot-sensors-and-gateways/lorawan-sensors,"Smart Home, Networking & Electrical",IoT Sensors & Gateways,LoRaWAN Sensors
LHT65N-868,Dragino,Dragino LHT65N LoRaWAN Temperature & Humidity Sensor,LoRaWAN Sensor,lorawan-sensor,smart-home-networking-and-electrical/iot-sensors-and-gateways/lorawan-sensors,"Smart Home, Networking & Electrical",IoT Sensors & Gateways,LoRaWAN Sensors
MT-TL-SG1016D,,TP-LINK TL-SG1016D 16-Port Unmanaged Gigabit Switch,Network Switch,network-switch,smart-home-networking-and-electrical/networking/network-switches,"Smart Home, Networking & Electrical",Networking,Network Switches
MT-TL-SG108S-M2,TP-LINK,TP-LINK TL-SG108S-M2 8 Port 2.5G Multi-Gigabit Desktop Switch,Network Switch,network-switch,smart-home-networking-and-electrical/networking/network-switches,"Smart Home, Networking & Electrical",Networking,Network Switches
IT68398,TP-LINK,TP-LINK ARCHER AX12 AX1500 Wi-Fi 6 Wireless Dual Band Gigabit Router,Router,router,smart-home-networking-and-electrical/networking/routers-and-access-points,"Smart Home, Networking & Electrical",Networking,Routers & Access Points
97-0RA7F2500,,"Trevi RA 7F25 BT Radio Solar Portable Bluetooth, Black",Bluetooth Speaker,bluetooth-speaker,tv-audio-and-photography/audio-and-hi-fi/bluetooth-and-portable-speakers,"TV, Audio & Photography",Audio & Hi-Fi,Bluetooth & Portable Speakers
JAM-HX-P505GY,JAM,"Jam Hang Around HX-P505 Wireless Bluetooth Waterproof Speaker, Grey",Bluetooth Speaker,bluetooth-speaker,tv-audio-and-photography/audio-and-hi-fi/bluetooth-and-portable-speakers,"TV, Audio & Photography",Audio & Hi-Fi,Bluetooth & Portable Speakers
MAR-EM-JA006-SBA,House of Marley,"House of Marley JA006-SBA Get Together Bluetooth Wireless Speaker, Singature Black",Bluetooth Speaker,bluetooth-speaker,tv-audio-and-photography/audio-and-hi-fi/bluetooth-and-portable-speakers,"TV, Audio & Photography",Audio & Hi-Fi,Bluetooth & Portable Speakers
MAR-EM-JA013-SB,House of Marley,"House of Marley Bluetooth Wireless Speaker Get Together Mini, Signature Black",Bluetooth Speaker,bluetooth-speaker,tv-audio-and-photography/audio-and-hi-fi/bluetooth-and-portable-speakers,"TV, Audio & Photography",Audio & Hi-Fi,Bluetooth & Portable Speakers
MAR-EM-JA014-SB,House of Marley,"House of Marley Bag of Riddim 2 Bluetooth Wireless Speaker, Singature Black",Bluetooth Speaker,bluetooth-speaker,tv-audio-and-photography/audio-and-hi-fi/bluetooth-and-portable-speakers,"TV, Audio & Photography",Audio & Hi-Fi,Bluetooth & Portable Speakers
MAR-EM-JA015-SB-FOC,House of Marley,"House of Marley Bleutooth Speaker No Bounds, Black",Bluetooth Speaker,bluetooth-speaker,tv-audio-and-photography/audio-and-hi-fi/bluetooth-and-portable-speakers,"TV, Audio & Photography",Audio & Hi-Fi,Bluetooth & Portable Speakers
3G-RP-HJE201E-K-FOC,Panasonic,"Panasonic RP-HJE201E-K Stereo Earphones, Black",Headphones & Earphones,headphones-and-earphones,tv-audio-and-photography/audio-and-hi-fi/headphones-and-earphones,"TV, Audio & Photography",Audio & Hi-Fi,Headphones & Earphones
4B-SE-C4BT-GR,Pioneer,"Pioneer SE-C4BT-GR Put In Ear Headphone, Green",Headphones & Earphones,headphones-and-earphones,tv-audio-and-photography/audio-and-hi-fi/headphones-and-earphones,"TV, Audio & Photography",Audio & Hi-Fi,Headphones & Earphones
4B-SE-C7BT-B,Pioneer,"Pioneer SE-C7BT-B In-Ear Wireless Earphones, Black",Headphones & Earphones,headphones-and-earphones,tv-audio-and-photography/audio-and-hi-fi/headphones-and-earphones,"TV, Audio & Photography",Audio & Hi-Fi,Headphones & Earphones
4B-SE-C7BT-R,Pioneer,"Pioneer SE-C7BT-R In-Ear Wireless Earphones, Red",Headphones & Earphones,headphones-and-earphones,tv-audio-and-photography/audio-and-hi-fi/headphones-and-earphones,"TV, Audio & Photography",Audio & Hi-Fi,Headphones & Earphones
4B-SE-C7BT-W,Pioneer,"Pioneer SE-C7BT-W In-Ear Wireless Earphones, White",Headphones & Earphones,headphones-and-earphones,tv-audio-and-photography/audio-and-hi-fi/headphones-and-earphones,"TV, Audio & Photography",Audio & Hi-Fi,Headphones & Earphones
4B-SE-CH3T-B,Pioneer,Pioneer SE-CH3T-B In Ear Headphone BL,Headphones & Earphones,headphones-and-earphones,tv-audio-and-photography/audio-and-hi-fi/headphones-and-earphones,"TV, Audio & Photography",Audio & Hi-Fi,Headphones & Earphones
4B-SE-CH3T-P,Pioneer,Pioneer SE-CH3T-P In Ear Headphones Pink,Headphones & Earphones,headphones-and-earphones,tv-audio-and-photography/audio-and-hi-fi/headphones-and-earphones,"TV, Audio & Photography",Audio & Hi-Fi,Headphones & Earphones
4B-SE-CH3T-R,Pioneer,Pioneer SE-CH3T-R In Ear headphones Red,Headphones & Earphones,headphones-and-earphones,tv-audio-and-photography/audio-and-hi-fi/headphones-and-earphones,"TV, Audio & Photography",Audio & Hi-Fi,Headphones & Earphones
4B-SE-CH3T-S,Pioneer,Pioneer SE-CH3T-S In Ear Headphones Silver,Headphones & Earphones,headphones-and-earphones,tv-audio-and-photography/audio-and-hi-fi/headphones-and-earphones,"TV, Audio & Photography",Audio & Hi-Fi,Headphones & Earphones
4B-SE-CH5T-K,Pioneer,"Pioneer SE-CH5T-K In Ear Headphones, Black",Headphones & Earphones,headphones-and-earphones,tv-audio-and-photography/audio-and-hi-fi/headphones-and-earphones,"TV, Audio & Photography",Audio & Hi-Fi,Headphones & Earphones
4B-SE-CH5T-R,Pioneer,"Pioneer SE-CH5T-R In-Ear Stereo Headphones, Red",Headphones & Earphones,headphones-and-earphones,tv-audio-and-photography/audio-and-hi-fi/headphones-and-earphones,"TV, Audio & Photography",Audio & Hi-Fi,Headphones & Earphones
4B-SE-CH5T-S,Pioneer,"Pioneer Hi-Res In-Ear Ergonomic Tangle Resistant Headphones, Silver SE-CH5T(S)",Headphones & Earphones,headphones-and-earphones,tv-audio-and-photography/audio-and-hi-fi/headphones-and-earphones,"TV, Audio & Photography",Audio & Hi-Fi,Headphones & Earphones
4B-SE-CL501-G,Pioneer,"Pioneer SE-CL501-G In-Ear Headphones, Green",Headphones & Earphones,headphones-and-earphones,tv-audio-and-photography/audio-and-hi-fi/headphones-and-earphones,"TV, Audio & Photography",Audio & Hi-Fi,Headphones & Earphones
4B-SE-CL501-W,Pioneer,"Pioneer SE-CL501-W In-Ear Headphones, White",Headphones & Earphones,headphones-and-earphones,tv-audio-and-photography/audio-and-hi-fi/headphones-and-earphones,"TV, Audio & Photography",Audio & Hi-Fi,Headphones & Earphones
4B-SE-CL502-G,Pioneer,"Pioneed SE-CL502-G In Ear Headphones, Green",Headphones & Earphones,headphones-and-earphones,tv-audio-and-photography/audio-and-hi-fi/headphones-and-earphones,"TV, Audio & Photography",Audio & Hi-Fi,Headphones & Earphones
4B-SE-CL502-K,Pioneer,"Pioneer SE-CL502-K In-Ear Headphones, Black",Headphones & Earphones,headphones-and-earphones,tv-audio-and-photography/audio-and-hi-fi/headphones-and-earphones,"TV, Audio & Photography",Audio & Hi-Fi,Headphones & Earphones
4B-SE-CL502-M,Pioneer,"Pionerr SE-CL502-M In Ear Headphones, Orange",Headphones & Earphones,headphones-and-earphones,tv-audio-and-photography/audio-and-hi-fi/headphones-and-earphones,"TV, Audio & Photography",Audio & Hi-Fi,Headphones & Earphones
4B-SE-CL502-R,Pioneer,"Pioneer SE-CL502-R In-Ear Headphones, Red",Headphones & Earphones,headphones-and-earphones,tv-audio-and-photography/audio-and-hi-fi/headphones-and-earphones,"TV, Audio & Photography",Audio & Hi-Fi,Headphones & Earphones
4B-SE-CL502T-L,Pioneer,Pioneer SE-CL502T-L In-Ear Headphones Inline Headset Blue,Headphones & Earphones,headphones-and-earphones,tv-audio-and-photography/audio-and-hi-fi/headphones-and-earphones,"TV, Audio & Photography",Audio & Hi-Fi,Headphones & Earphones
4B-SE-CL502T-P,Pioneer,"Pioneer SE-CL502T-P In Ear Headphones with Microphone, Pink",Headphones & Earphones,headphones-and-earphones,tv-audio-and-photography/audio-and-hi-fi/headphones-and-earphones,"TV, Audio & Photography",Audio & Hi-Fi,Headphones & Earphones
4B-SE-CL712T-L,Pioneer,"Pioneer SE-CL712T-L Deep Bass Earphones, Blue",Headphones & Earphones,headphones-and-earphones,tv-audio-and-photography/audio-and-hi-fi/headphones-and-earphones,"TV, Audio & Photography",Audio & Hi-Fi,Headphones & Earphones
4B-SE-CL712T-P,Pioneer,"Pioneer SE-CL712T-P Deep Bass Earphones, Pink",Headphones & Earphones,headphones-and-earphones,tv-audio-and-photography/audio-and-hi-fi/headphones-and-earphones,"TV, Audio & Photography",Audio & Hi-Fi,Headphones & Earphones
4B-SE-CL712T-R,Pioneer,"Pioneer SE-CL712T-R Deep Bass Earphones, Red",Headphones & Earphones,headphones-and-earphones,tv-audio-and-photography/audio-and-hi-fi/headphones-and-earphones,"TV, Audio & Photography",Audio & Hi-Fi,Headphones & Earphones
4B-SE-CL712T-W,Pioneer,"Pioneer SE-CL712T-W Deep Bass Earphones, White",Headphones & Earphones,headphones-and-earphones,tv-audio-and-photography/audio-and-hi-fi/headphones-and-earphones,"TV, Audio & Photography",Audio & Hi-Fi,Headphones & Earphones
4B-SE-CL722T-L,Pioneer,"Pioneer SE-CL722T-L In-Ear Stereo Headphones, Blue",Headphones & Earphones,headphones-and-earphones,tv-audio-and-photography/audio-and-hi-fi/headphones-and-earphones,"TV, Audio & Photography",Audio & Hi-Fi,Headphones & Earphones
4B-SE-E5T-H,Pioneer,Pioneer SE-E5T-H In Ear Headphone Grey,Headphones & Earphones,headphones-and-earphones,tv-audio-and-photography/audio-and-hi-fi/headphones-and-earphones,"TV, Audio & Photography",Audio & Hi-Fi,Headphones & Earphones
4B-SE-E5T-R,Pioneer,"Pioneer SE-E5T-R In-Ear Clip Sport Headphones, Red",Headphones & Earphones,headphones-and-earphones,tv-audio-and-photography/audio-and-hi-fi/headphones-and-earphones,"TV, Audio & Photography",Audio & Hi-Fi,Headphones & Earphones
4B-SE-E7BT-R,Pioneer,Pioneer SE-E7BT-R In Ear BT Headphones Red,Headphones & Earphones,headphones-and-earphones,tv-audio-and-photography/audio-and-hi-fi/headphones-and-earphones,"TV, Audio & Photography",Audio & Hi-Fi,Headphones & Earphones
4B-SE-E7BT-Y,Pioneer,Pioneer SE-E7BT-Y In Ear BT Headphones Yellow,Headphones & Earphones,headphones-and-earphones,tv-audio-and-photography/audio-and-hi-fi/headphones-and-earphones,"TV, Audio & Photography",Audio & Hi-Fi,Headphones & Earphones
4B-SE-QL2T-G,Pioneer,"Pioneer SE-QL2T-G In Ear Headphones, Gold",Headphones & Earphones,headphones-and-earphones,tv-audio-and-photography/audio-and-hi-fi/headphones-and-earphones,"TV, Audio & Photography",Audio & Hi-Fi,Headphones & Earphones
AMZ-DE-B09TFJJY3W,,"CASCHO Bluetooth Sports Headphones, Wireless Bluetooth 5.3, 60 Hours Wireless Headphones with Deep Bass, In-Ear Headphones with 4 ENC Clear Mic, IPX7 Waterproof Earphones with Ear Hooks, Black",Headphones & Earphones,headphones-and-earphones,tv-audio-and-photography/audio-and-hi-fi/headphones-and-earphones,"TV, Audio & Photography",Audio & Hi-Fi,Headphones & Earphones
IT61545,,"JBL Tune 720BT Over Ear Bluetooth Headset, Black",Headphones & Earphones,headphones-and-earphones,tv-audio-and-photography/audio-and-hi-fi/headphones-and-earphones,"TV, Audio & Photography",Audio & Hi-Fi,Headphones & Earphones
IT64286,,"JBL Tune 720BT Over Ear Bluetooth Headset, White",Headphones & Earphones,headphones-and-earphones,tv-audio-and-photography/audio-and-hi-fi/headphones-and-earphones,"TV, Audio & Photography",Audio & Hi-Fi,Headphones & Earphones
JAM-HX-EP303BK,JAM,"Jam Live Large HX-EP303 Wireless Bluetooth Earbuds, Black",Headphones & Earphones,headphones-and-earphones,tv-audio-and-photography/audio-and-hi-fi/headphones-and-earphones,"TV, Audio & Photography",Audio & Hi-Fi,Headphones & Earphones
MAR-EM-JE041-BA,House of Marley,"House of Marley EM-JE041-BA Smile Jamaica, Brass",Headphones & Earphones,headphones-and-earphones,tv-audio-and-photography/audio-and-hi-fi/headphones-and-earphones,"TV, Audio & Photography",Audio & Hi-Fi,Headphones & Earphones
MAR-EM-JE041-CP,House of Marley,"House of Marley Smile Jamaica, Copper",Headphones & Earphones,headphones-and-earphones,tv-audio-and-photography/audio-and-hi-fi/headphones-and-earphones,"TV, Audio & Photography",Audio & Hi-Fi,Headphones & Earphones
MAR-EM-JE041-DN,House of Marley,"House of Marley Smile Jamaica, Denim",Headphones & Earphones,headphones-and-earphones,tv-audio-and-photography/audio-and-hi-fi/headphones-and-earphones,"TV, Audio & Photography",Audio & Hi-Fi,Headphones & Earphones
MAR-EM-JE041-FI,House of Marley,"House of Marley Smile Jamaica, Fire",Headphones & Earphones,headphones-and-earphones,tv-audio-and-photography/audio-and-hi-fi/headphones-and-earphones,"TV, Audio & Photography",Audio & Hi-Fi,Headphones & Earphones
MAR-EM-JE041-PU,House of Marley,"House of Marley Smile Jamaica, Peach",Headphones & Earphones,headphones-and-earphones,tv-audio-and-photography/audio-and-hi-fi/headphones-and-earphones,"TV, Audio & Photography",Audio & Hi-Fi,Headphones & Earphones
MAR-EM-JE041-PUB,House of Marley,"House of Marley JE041 Smile Jamaica, Purple",Headphones & Earphones,headphones-and-earphones,tv-audio-and-photography/audio-and-hi-fi/headphones-and-earphones,"TV, Audio & Photography",Audio & Hi-Fi,Headphones & Earphones
MAR-EM-JE041-RA,House of Marley,"House of Marley EM-JE041-RA Smile Jamaica, Rasta",Headphones & Earphones,headphones-and-earphones,tv-audio-and-photography/audio-and-hi-fi/headphones-and-earphones,"TV, Audio & Photography",Audio & Hi-Fi,Headphones & Earphones
MAR-EM-JE041-SB,House of Marley,"House of Marley Smile Jamaica Signature, Black",Headphones & Earphones,headphones-and-earphones,tv-audio-and-photography/audio-and-hi-fi/headphones-and-earphones,"TV, Audio & Photography",Audio & Hi-Fi,Headphones & Earphones
MAR-EM-JE061-BK,House of Marley,"House of Marley Little Bird, Black",Headphones & Earphones,headphones-and-earphones,tv-audio-and-photography/audio-and-hi-fi/headphones-and-earphones,"TV, Audio & Photography",Audio & Hi-Fi,Headphones & Earphones
MAR-EM-JE061-NV,House of Marley,House Of Marley EM-JE061-NV Little Bird in ear navy,Headphones & Earphones,headphones-and-earphones,tv-audio-and-photography/audio-and-hi-fi/headphones-and-earphones,"TV, Audio & Photography",Audio & Hi-Fi,Headphones & Earphones
MAR-EM-JE061-RA,House of Marley,"House of Marley Little Bird, Rasta",Headphones & Earphones,headphones-and-earphones,tv-audio-and-photography/audio-and-hi-fi/headphones-and-earphones,"TV, Audio & Photography",Audio & Hi-Fi,Headphones & Earphones
MAR-EM-JE061-WT,House of Marley,"House of Marley EM-JE061-WT Little Bird, White",Headphones & Earphones,headphones-and-earphones,tv-audio-and-photography/audio-and-hi-fi/headphones-and-earphones,"TV, Audio & Photography",Audio & Hi-Fi,Headphones & Earphones
MAR-EM-JE091-BA,House of Marley,"House of Marley Uplift 2.0 Wired Headphones, Brass",Headphones & Earphones,headphones-and-earphones,tv-audio-and-photography/audio-and-hi-fi/headphones-and-earphones,"TV, Audio & Photography",Audio & Hi-Fi,Headphones & Earphones
MAR-EM-JE091-SB,House of Marley,"Marley Uplift 2.0 Wired Headphones, Black",Headphones & Earphones,headphones-and-earphones,tv-audio-and-photography/audio-and-hi-fi/headphones-and-earphones,"TV, Audio & Photography",Audio & Hi-Fi,Headphones & Earphones
MAR-EM-JH121-CP,House of Marley,"House of Marley Positive Vibration 2 Wired On-Ear Headphones, Denim – 50mm Dynamic Drivers, Integrated Microphone, Sustainable Materials, Foldable Design, White",Headphones & Earphones,headphones-and-earphones,tv-audio-and-photography/audio-and-hi-fi/headphones-and-earphones,"TV, Audio & Photography",Audio & Hi-Fi,Headphones & Earphones
MAR-EM-JH121-DN,House of Marley,"House of Marley Positive Vibration 2 Wired On-Ear Headphones, Denim – 50mm Dynamic Drivers, Integrated Microphone, Sustainable Materials, Foldable Design",Headphones & Earphones,headphones-and-earphones,tv-audio-and-photography/audio-and-hi-fi/headphones-and-earphones,"TV, Audio & Photography",Audio & Hi-Fi,Headphones & Earphones
IT52334,,"MUSE M-10 CR Radio Alarm Clock, Black",Radio & Clock Radio,radio-and-clock-radio,tv-audio-and-photography/audio-and-hi-fi/radios-and-clock-radios,"TV, Audio & Photography",Audio & Hi-Fi,Radios & Clock Radios
CR-S95TR,,LG S95TR Home Theater Soundbar for TV 9.1.5 Channels,Soundbar,soundbar,tv-audio-and-photography/audio-and-hi-fi/soundbars-and-home-theatre,"TV, Audio & Photography",Audio & Hi-Fi,Soundbars & Home Theatre
IT70360,,Samsung QS700F Q-Series 3.1.2ch Soundbar with Subwoofer,Soundbar,soundbar,tv-audio-and-photography/audio-and-hi-fi/soundbars-and-home-theatre,"TV, Audio & Photography",Audio & Hi-Fi,Soundbars & Home Theatre
HADJ-AGA-MMB,Anthony Gallo,"Anthony Gallo Nucleus Micro Wall Mount, Black",Speaker Mount,speaker-mount,tv-audio-and-photography/audio-and-hi-fi/speaker-mounts-and-audio-accessories,"TV, Audio & Photography",Audio & Hi-Fi,Speaker Mounts & Audio Accessories
HADJ-AGA-MMW,Anthony Gallo,"Anthony Gallo Nucleus Micro Wall Mount, White",Speaker Mount,speaker-mount,tv-audio-and-photography/audio-and-hi-fi/speaker-mounts-and-audio-accessories,"TV, Audio & Photography",Audio & Hi-Fi,Speaker Mounts & Audio Accessories
HADJ-PBWH,JBL,JBL PMB-WH Pole Mount Bracket & Cable for JBL Control NOW Loudspeaker Systems,Speaker Mount,speaker-mount,tv-audio-and-photography/audio-and-hi-fi/speaker-mounts-and-audio-accessories,"TV, Audio & Photography",Audio & Hi-Fi,Speaker Mounts & Audio Accessories
MAR-EM-JT002-SB,House of Marley,"House of Marley EM-JT002-SB Stir It Up Wireless Turntable Natural Bamboo Body, Singature Black",Turntable,turntable,tv-audio-and-photography/audio-and-hi-fi/turntables-and-hi-fi,"TV, Audio & Photography",Audio & Hi-Fi,Turntables & Hi-Fi
3G-BF-1B,Nikon,Nikon BF-1B Body Cap for Nikon F-Mount Cameras,Camera Accessory,camera-accessory,tv-audio-and-photography/cameras-and-photography/camera-accessories-and-cleaning,"TV, Audio & Photography",Cameras & Photography,Camera Accessories & Cleaning
3G-POLC3HM,Polaroid,Polaroid Helmet Mount for the Polaroid CUBE HD Action Lifestyle Camera – Universal Fit for All Helmet Models,Camera Accessory,camera-accessory,tv-audio-and-photography/cameras-and-photography/camera-accessories-and-cleaning,"TV, Audio & Photography",Cameras & Photography,Camera Accessories & Cleaning
3G-UC-E4,Nikon,"Nikon UC-E4 USB Cable for D50, D70, D70s, and D100…",Camera Accessory,camera-accessory,tv-audio-and-photography/cameras-and-photography/camera-accessories-and-cleaning,"TV, Audio & Photography",Cameras & Photography,Camera Accessories & Cleaning
3N-LC-62,Nikon,Nikon Snap-on Lens Cap - 62mm,Camera Accessory,camera-accessory,tv-audio-and-photography/cameras-and-photography/camera-accessories-and-cleaning,"TV, Audio & Photography",Cameras & Photography,Camera Accessories & Cleaning
3N-LC-77,Nivea,"Nikon LC-77 Snap-On Lens Cap, Black",Camera Accessory,camera-accessory,tv-audio-and-photography/cameras-and-photography/camera-accessories-and-cleaning,"TV, Audio & Photography",Cameras & Photography,Camera Accessories & Cleaning
IT41840,Hama,Hama Professional Lens Cleaning Kit,Camera Accessory,camera-accessory,tv-audio-and-photography/cameras-and-photography/camera-accessories-and-cleaning,"TV, Audio & Photography",Cameras & Photography,Camera Accessories & Cleaning
IT68573,,"AGFA DC5200 Digital Camera, Black",Camera,camera,tv-audio-and-photography/cameras-and-photography/cameras,"TV, Audio & Photography",Cameras & Photography,Cameras
65-16567828,Fujifilm,Fujifilm INSTAX Mini Film 20 Shot Pack – Compatible with Instax Mini Cameras and Printers,Instant Film,instant-film,tv-audio-and-photography/cameras-and-photography/instant-film-and-memory-cards,"TV, Audio & Photography",Cameras & Photography,Instant Film & Memory Cards
4B-GM-D1004,Pioneer,Pioneer 4-Channel Amplifier With TVC 400W,Car Amplifier,car-amplifier,tv-audio-and-photography/car-audio-and-in-car-electronics/car-amplifiers,"TV, Audio & Photography",Car Audio & In-Car Electronics,Car Amplifiers
4B-GM-D8704,Pioneer,Pioneer 4-Channel 1200W Class-FD Amplifier,Car Amplifier,car-amplifier,tv-audio-and-photography/car-audio-and-in-car-electronics/car-amplifiers,"TV, Audio & Photography",Car Audio & In-Car Electronics,Car Amplifiers
IT74236,SBS,SBS TE0UCH20W Freeway Phone Holder for Car,Car Phone Holder,car-phone-holder,tv-audio-and-photography/car-audio-and-in-car-electronics/car-phone-holders-and-accessories,"TV, Audio & Photography",Car Audio & In-Car Electronics,Car Phone Holders & Accessories
STPH-MPH.00103,,"SBS TE0UCH20W Mobile Car Holder, Black",Car Phone Holder,car-phone-holder,tv-audio-and-photography/car-audio-and-in-car-electronics/car-phone-holders-and-accessories,"TV, Audio & Photography",Car Audio & In-Car Electronics,Car Phone Holders & Accessories
4B-TS-A6991F,Pioneer,"Pioneer Speakers 6""x99"" 5-Way Coaxial 700W",Car Speaker,car-speaker,tv-audio-and-photography/car-audio-and-in-car-electronics/car-speakers-and-subwoofers,"TV, Audio & Photography",Car Audio & In-Car Electronics,Car Speakers & Subwoofers
4B-TS-D69F,Pioneer,"Pioneer Speakers 6""x9"" 2-Way Coaxial 330W",Car Speaker,car-speaker,tv-audio-and-photography/car-audio-and-in-car-electronics/car-speakers-and-subwoofers,"TV, Audio & Photography",Car Audio & In-Car Electronics,Car Speakers & Subwoofers
4B-TS-G1720F,Pioneer,"Pioneer TS-G1720F 17cm 2-Way Coaxial Speakers, 300W, Black",Car Speaker,car-speaker,tv-audio-and-photography/car-audio-and-in-car-electronics/car-speakers-and-subwoofers,"TV, Audio & Photography",Car Audio & In-Car Electronics,Car Speakers & Subwoofers
SL-COMPETITOR1500,Boston Acoustics,Boston Acoustics Competitor 1500 Premium Performance 15'' Car Subwoofer,Car Speaker,car-speaker,tv-audio-and-photography/car-audio-and-in-car-electronics/car-speakers-and-subwoofers,"TV, Audio & Photography",Car Audio & In-Car Electronics,Car Speakers & Subwoofers
4B-DEH-S320BT,Pioneer,Pioneer Car Stereo CD/USB/BT/1-DIN,Car Stereo,car-stereo,tv-audio-and-photography/car-audio-and-in-car-electronics/car-stereos-and-multimedia-receivers,"TV, Audio & Photography",Car Audio & In-Car Electronics,Car Stereos & Multimedia Receivers
4B-MVH-S120UB,Pioneer,"Pioneer MVH-S120UB Single Din Car Radio, Black",Car Stereo,car-stereo,tv-audio-and-photography/car-audio-and-in-car-electronics/car-stereos-and-multimedia-receivers,"TV, Audio & Photography",Car Audio & In-Car Electronics,Car Stereos & Multimedia Receivers
4B-MVH-S120UBG,Pioneer,Pioneer Car Stereo USB/Andoid - Green,Car Stereo,car-stereo,tv-audio-and-photography/car-audio-and-in-car-electronics/car-stereos-and-multimedia-receivers,"TV, Audio & Photography",Car Audio & In-Car Electronics,Car Stereos & Multimedia Receivers
4B-SPH-EVO950DAB-UNI,Pioneer,"Pioneer Car 9"" Multimedia Receiver/Modular",Car Stereo,car-stereo,tv-audio-and-photography/car-audio-and-in-car-electronics/car-stereos-and-multimedia-receivers,"TV, Audio & Photography",Car Audio & In-Car Electronics,Car Stereos & Multimedia Receivers
PAN-SPM435TR,Stagg,"Stagg SPM-435 4-Driver In Ear Monitors, Translucent",In-Ear Monitor,in-ear-monitor,tv-audio-and-photography/musical-instruments-and-accessories/in-ear-monitors-and-stage-audio,"TV, Audio & Photography",Musical Instruments & Accessories,In-Ear Monitors & Stage Audio
PAN-2403,,"Classic Guitar Strings Medium, Ernesto Palla",Instrument Accessory,instrument-accessory,tv-audio-and-photography/musical-instruments-and-accessories/instrument-accessories-and-strings,"TV, Audio & Photography",Musical Instruments & Accessories,Instrument Accessories & Strings
PAN-M666,Hohner,Hohner M666 Ozzy Osbourne Signature Harmonica,Musical Instrument,musical-instrument,tv-audio-and-photography/musical-instruments-and-accessories/musical-instruments,"TV, Audio & Photography",Musical Instruments & Accessories,Musical Instruments
PAN-SHRBPRO,Shadow,Shadow SHRBPRO Acoustic Pickup Double bass,Musical Instrument,musical-instrument,tv-audio-and-photography/musical-instruments-and-accessories/musical-instruments,"TV, Audio & Photography",Musical Instruments & Accessories,Musical Instruments
3G-CD-R310,Pioneer,Pioneer Remote Control,Remote Control,remote-control,tv-audio-and-photography/televisions-and-receivers/remote-controls,"TV, Audio & Photography",Televisions & Receivers,Remote Controls
4B-CD-R320,Pioneer,"Pioneer CD-R320 Remote Control for Car CD Tuners, Black",Remote Control,remote-control,tv-audio-and-photography/televisions-and-receivers/remote-controls,"TV, Audio & Photography",Televisions & Receivers,Remote Controls
ATP-RM-L1379,Huayu,HUAYU RM-L1379 Remote Control for LG TV,Remote Control,remote-control,tv-audio-and-photography/televisions-and-receivers/remote-controls,"TV, Audio & Photography",Televisions & Receivers,Remote Controls
NMK-002252,,DVB-T2 Decoder LION5 AIR,Set-Top Box,set-top-box,tv-audio-and-photography/televisions-and-receivers/set-top-boxes-and-decoders,"TV, Audio & Photography",Televisions & Receivers,Set-Top Boxes & Decoders
90-65P61K,TCL,TCL 65'' Smart Google Tv UHD 4K HDR+,Television,television,tv-audio-and-photography/televisions-and-receivers/televisions,"TV, Audio & Photography",Televisions & Receivers,Televisions
90-65P6K,,"TCL 65P6K TV, 4K HDR TV, Smart TV",Television,television,tv-audio-and-photography/televisions-and-receivers/televisions,"TV, Audio & Photography",Televisions & Receivers,Televisions
90-65P7K,,"TCL 65P7K 65"" 4K UHD QLED HDR TV",Television,television,tv-audio-and-photography/televisions-and-receivers/televisions,"TV, Audio & Photography",Televisions & Receivers,Televisions
90-75P7K,TCL,"TCL QLED 75P7K 75"" Google TV 4K",Television,television,tv-audio-and-photography/televisions-and-receivers/televisions,"TV, Audio & Photography",Televisions & Receivers,Televisions
CR-OLED55G56LS,,"LG OLED 55"" 4K Smart TV 55G56LS",Television,television,tv-audio-and-photography/televisions-and-receivers/televisions,"TV, Audio & Photography",Televisions & Receivers,Televisions
IT70302,,"Samsung QE65Q7FAAUXXH QLED 4K Smart AI TV, 65""",Television,television,tv-audio-and-photography/televisions-and-receivers/televisions,"TV, Audio & Photography",Televisions & Receivers,Televisions
IT72524,Metz,"METZ 32MQF7000Z QLED HD Google TV, 32""",Television,television,tv-audio-and-photography/televisions-and-receivers/televisions,"TV, Audio & Photography",Televisions & Receivers,Televisions
IT72527,,"METZ 43MQF7500Z QLED 4K UHD Google TV, 43""",Television,television,tv-audio-and-photography/televisions-and-receivers/televisions,"TV, Audio & Photography",Televisions & Receivers,Televisions
IT72530,,"METZ 65MQF7500Z QLED 4K UHD Google TV, 65""",Television,television,tv-audio-and-photography/televisions-and-receivers/televisions,"TV, Audio & Photography",Televisions & Receivers,Televisions
MT-QE75Q7FAAUXXH,,"SAMSUNG QE75Q7FAAUXXH QLED 4K Smart TV, 75""",Television,television,tv-audio-and-photography/televisions-and-receivers/televisions,"TV, Audio & Photography",Televisions & Receivers,Televisions
MT-QE85QN80FAUXXH,,"Samsung 85"" Neo QLED QN80F 4K Vision AI Smart TV",Television,television,tv-audio-and-photography/televisions-and-receivers/televisions,"TV, Audio & Photography",Televisions & Receivers,Televisions
ΙΤ73840,Metz,"METZ 65MNH7000 QLED Mini LED 4K Google TV, 65""",Television,television,tv-audio-and-photography/televisions-and-receivers/televisions,"TV, Audio & Photography",Televisions & Receivers,Televisions
IT51667,Hama,"Hama S Universal Rotatable Turntable, Suitable for TVs, Monitors, Speakers, HiFi Units",Mounting Accessory,mounting-accessory,tv-audio-and-photography/tv-mounts-brackets-and-stands/mounting-accessories,"TV, Audio & Photography","TV Mounts, Brackets & Stands",Mounting Accessories
KLC-AF80,KALOC,"KALOC KLC-AF80 Multi-functional TV Cart with Wheels 45-80'', Black",TV Cart,tv-cart,tv-audio-and-photography/tv-mounts-brackets-and-stands/tv-carts-and-stands,"TV, Audio & Photography","TV Mounts, Brackets & Stands",TV Carts & Stands
ATP-EPLB144XL,,DMP EPLB144XL TV Wall Bracket 42-85'',TV Wall Mount,tv-wall-mount,tv-audio-and-photography/tv-mounts-brackets-and-stands/tv-wall-mounts,"TV, Audio & Photography","TV Mounts, Brackets & Stands",TV Wall Mounts
NMK-000955,,Kaloc KLC-X4 32''-55'' Full Motion TV Wall Mount,TV Wall Mount,tv-wall-mount,tv-audio-and-photography/tv-mounts-brackets-and-stands/tv-wall-mounts,"TV, Audio & Photography","TV Mounts, Brackets & Stands",TV Wall Mounts
NMK-001037,,"KALOC L600 Full Motion TV Wall Mount, 32-70'' TVs",TV Wall Mount,tv-wall-mount,tv-audio-and-photography/tv-mounts-brackets-and-stands/tv-wall-mounts,"TV, Audio & Photography","TV Mounts, Brackets & Stands",TV Wall Mounts
NMK-OSIO-5870,OSIO,OSIO 5870 Full Motion TV Bracket 32''-70'',TV Wall Mount,tv-wall-mount,tv-audio-and-photography/tv-mounts-brackets-and-stands/tv-wall-mounts,"TV, Audio & Photography","TV Mounts, Brackets & Stands",TV Wall Mounts
