sku,manufacturer_sku,ean,brand,product_type,title
"PAP-211587","211587","5201347176341","Air Wick","","Air Wick 211587 Essential Oil Candle Amber Rose 105G"
"AP-1218","1218","","Alfa Pets","Hamster Cage","Hamster Cage 1218,Grey"
"AP-1340","1340","","Alfa Pets","Hamster Cage","Hamster Cage 1340,Turquoise "
"AP-511B","511B","","Alfa Pets","Hamster Cage","Hamster Cage 511B, Light Blue"
"AP-513B","513B","","Alfa Pets","Hamster Cage","Hamster Cage 513B,Pink"
"AP-808A","808A","","Alfa Pets","Bird Cage","Bird Cage 808A,Black"
"AP-A101","A101","","Alfa Pets","Bird Cage","Bird Cage A101,White"
"AP-A400","A400","","Alfa Pets","Bird Cage","Bird Cage A400,Blue"
"AP-A401","A401","","Alfa Pets","Bird Cage","Bird Cage A401,Green"
"AP-D320X","D320X","","Alfa Pets","Bird Cage","Bird Cage D320X,Bronze"
"AP-D338XW","D338XW","","Alfa Pets","Bird Cage","Bird Cage D338XW,Wood "
"AMZ-DE-B0FS145ZBT","","","ANKER","","Anker Nano Power Bank, 10000mAh Portable Charger with InstaCord Retractable 2ft Cable, Compact 45W Battery Pack"
"HADJ-AGA-MMB","AGA-MMB","","Anthony Gallo","","Anthony Gallo Nucleus Micro Wall Mount, Black"
"HADJ-AGA-MMW","AGA-MMW","","Anthony Gallo","","Anthony Gallo Nucleus Micro Wall Mount, White"
"MT-27G4HRE","27G4HRE","","AOC","","AOC Gaming 27G4HRE - 27 Inch Full HD Monitor, 200 Hz, 1 ms, G-Sync, HDR10 (1920 x 1080, 2 x HDMI 2.0, DisplayPort 1.4) Black-Red"
"ASB-MD821ZM/A","ASB-MD821ZM/A","885909627509","Apple","","Apple MD821ZM/A Lightning to USB Camera Adapter"
"IT71909","","","Apple","","Apple iPhone 17 Pro Max 256GB 5G Dual SIM, Orange"
"3W-AR1F402","AR1F402","8004032112085","Ardes","","Ardes AR1F402 ARON Portable Induction Hob 2000W Digital"
"AS-ASB-1-BLK","ASB-1-BLK","7350072560814","AssSavers","","Ass Savers Big Mudguard, Black"
"AS-ASR-1-BLK-FBA","7350072560715","7350072560715","AssSavers","","Ass Savers Regular Mudguard, Black"
"AS-ASR-1-FTH","ASR-1-FTH","","AssSavers","","Ass Saver Regular Mudguard, Feather (Special Edition)"
"AS-ASR-1-WHT","ASR-1-WHT","","AssSavers","","Ass Savers Regular Mudguard, White"
"AS-FRB-1-BLK","FRB-1-BLK","7350072560913","AssSavers","","Ass Savers Fendor Bendor Big Mudguard, Black"
"AS-FRB-4-BLK","FRB-4-BLK","7350072560913","AssSavers","","Ass Savers Fendor Bendor Big Mudguard, Black"
"AS-FRR-4-BLK","FRR-4-BLK","7350072560449","AssSavers","","Ass Savers Fendor Bendor Regular Mudguard, Black"
"AS-FRR-BLK","FRR-BLK","7350072560449","AssSavers","","Ass Savers Fendor Bendor Regular Mudguard, Black"
"AS-MFR-1-BLK","MFR-1-BLK","7350072560616","AssSavers","","Ass Savers Mudder Mountain Bike Front Mudguard, Black"
"AS-SFR-1-BLK","SFR-1-BLK","7350072561118","AssSavers","","Ass Savers Speed Mullet Regular Mudguard, Black"
"AS-TFR-1-BLK","TFR-1-BLK","7350072561316","AssSavers","","Ass Savers Toetector Regular, Black"
"AS-WGS-1-BLK","WGS-1-BLK","","AssSavers","","Ass Savers Win Wing Gravel Mudguard, Black Dot"
"AS-WGS-2-BLK","WGS-2-BLK","7350072563020","AssSavers","","Ass Savers Win Wing Gravel 2 Standard Edition, Black Dots"
"AS-WRS-2-BLK","WRS-2-BLK","7350072563143","AssSavers","","Ass Savers Win Wing Road 2 Standard Edition, Black Dots"
"47-6709DE","6709DE","3030050154849","BaByliss","","BaByliss 6709DE Smooth Pro Hair Dryer"
"47-6715DE","6715DE","3030050154863","BaByliss","","Babyliss 6715DE Hair Dryer PRO 2400W"
"47-AS122E","AS122E","3030050185829","BaByliss","","Babyliss AS122E Smooth Finish 1200 Hair styling brush"
"47-AS126E","AS126E","3030050153774","BaByliss","","BaByliss AS126E Hair Brush 1000W, Black"
"47-AS136E","AS136E","3030053021360","BaByliss","","BaByliss Corded Electric Air Styler 1000W, Hair dryer brush, Shape, volume, curl, smooth, dry and style ,1000 watts , Copper, Grey"
"47-AS200E","AS200E","3030050140422","BaByliss","","BaByliss AS200E Brush & Style Ionic rotating hot air brush set, 1000 watts, 4 attachments, black, 5-piece set"
"47-AS774E","AS774E","3030050179880","BaByliss","","Babyliss AS774E Hydro Fusion 4 in 1 Hair Styler Brush"
"47-AS950E","AS950E","3030050153798","BaByliss","","Babyliss AS950E Rotating Heating Hair Brush"
"47-AS952E","AS952E","3030050153804","BaByliss","","BaByliss AS952E Big Hair Dual Rotary Blower Brush for Volume"
"47-AS95E","AS95E","3030050190915","BaByliss","","BaByliss AS95E Air Power Volume 2-in-1 Blower Brush"
"47-AS970E","AS970E","3030050153828","BaByliss","","Babyliss AS970E Hair Rotating Hot Air Styler"
"47-C325E","C325E","3030050069426","BaByliss","","BaByliss C325E Pro180 Curling Iron"
"47-E650E","E650E","3030050106879","BaByliss","","BaByliss E650E Rotary Nose Trimmer"
"47-E652E","E652E","3030050106886","BaByliss","","Babyliss E652E Precision Trimmer Nose And Eyebrowns"
"47-E786E","E786E","3030050153569","BaByliss","","Babyliss E786E Hair Clipper 0.5-24MM Rech"
"47-E974E","E974E","3030050153422","BaByliss","","Babyliss E974E Men’s Battery-Powered Hair Trimmer"
"47-H72E","H72E","3030050127072","BaByliss","","BaByliss H72E Soft Head Pedicure Replacement for H700E"
"47-MT728E","MT728E","3030050157734","BaByliss","","Babyliss MT728E 10-in-1 Garbon Steel Multi Trimmer"
"47-SC758E","SC758E","3030050153187","BaByliss","","Babyliss SC758E Men’s Battery-Powered Hair Trimmer"
"47-ST255E","ST255E","3030050153941","BaByliss","","Babyliss 47-ST255E Hair Straightener"
"47-ST492E","ST492E","3030050153392","BaByliss","","​BaByliss ST492E Steam Hair Straightener for Ultra Smooth Hair"
"47-T861E","T861E","3030050153477","BaByliss","","Babyliss T861E Trimmer 0.5-12MM 60Min Cord/Rech SS"
"BA-9000","","","BaByliss","Hair Straightener","BaByliss 9000 Cordless Straightener"
"BA-ST495E","","","BaByliss","Hair Straightener","BaByliss Smooth Finish Straightener"
"EL-CF1100aed06","CF1100aed06","","Belkin","","Belkin IEEE 1394 Firewire Cable, 1.8 M, 6-Pin to 4-Pin"
"IT74029","","","Belkin","","Belkin 20000mAh BoostCharge 20K Power Bank, Black"
"BE-BC27","BC27","4211125659042","Beurer","","Beurer BC27 Wrist Blood Pressure Monitor"
"BE-BF220","BF220","4211125748135","Beurer","","Beurer BF220 Glass Body Analysis Diagnostic Weighing Scale"
"BE-BF600 WHITE","BF600 WHITE","4211125749033","Beurer","","Beurer BF600 Diagnostic Scale"
"BE-BM28","BM28","4211125658212","Beurer","","Beurer BM28 Blood Pressure Monitor"
"BE-BM35","BM35","4150058833177","Beurer","","Beurer BM35 Upper Arm Blood Pressure Monitor"
"BE-BM57BT","BM57BT","4211125658229","Beurer","","Beurer BM57 Bluetooth Upper Arm Blood Pressure Monitor"
"BE-BR60","BR60","4211125606176","Beurer","","Beurer BR60 Insect Bite Healer Pen"
"BE-BR90","BR90","4211125607340","Beurer","","Beurer BR90 Insect Bite Healer Pen with Light"
"BE-BS39","BS39","4211125585020","Beurer","","Beurer BS39 Illuminated cosmetics mirror"
"BE-BS49","BS49","4211125584009","Beurer","","Beurer BS49 Illuminated LED Cosmetic Mirror, Battery Operated"
"BE-BS55","BS55","4211125654863","Beurer","","Beurer BS55 Makeup Mirror with Light, Bright LED Light"
"BE-CM50","CM50","4211125590000","Beurer","","Beurer CM50 Anti-cellulite Massager for Firmer Skin"
"BE-CM51","CM51","4211125104436","Beurer","","Beurer CM51 Anti-Cellulite Massager for Firmer Skin"
"BE-FC41","FC41","4211125584115","Beurer","","Beurer FC41 Pore Cleaner"
"BE-FC45","FC45","4211125605506","Beurer","","Beurer FC45 Facial Cleansing Brush"
"BE-FC65","FC65","4211125605063","Beurer","","Beurer FC65 Pureo Deep Clear Cleansing Brush"
"BE-FC72","FC72","4211125605056","Beurer","","Beurer FC72 Pureo Ionic Hydration Facial Sauna"
"BE-FC76","FC76","4211125606589","Beurer","","Beurer FC76 Microdermabrasion Device"
"BE-FT65","FT65","4211125795146","Beurer","","Beurer FT65 Multi Functional Thermometer"
"BE-HC30","HC30","4211125586201","Beurer","Hair Dryer","Beurer HC30 Hair Dryer"
"BE-HC35","HC35","4211125593926","Beurer","","Beurer HC35 Compact Hair Dryer"
"BE-HC60","HC60","4211125591328","Beurer","","Beurer HC60 Style Pro Hair Dryer"
"BE-HC80","HC80","4211125591151","Beurer","","Beurer HC80 Style Pro Hair Dryer"
"BE-HL16","BE-HL16","4211125576127","Beurer","","Beurer HL16 Facial Hair Remover"
"BE-HL40","HL40","4211125577001","Beurer","","Beurer HL40 Warm Wax Hair Remover"
"BE-HL76","HL76","4211125576141","Beurer","","Beurer HL76 Epilator Wet & Dry"
"BE-HM22","HM22","4211125678043","Beurer","","Beurer HM22 Thermo Hygrometer, White"
"BE-HM55","HM55","4211125678050","Beurer","","Beurer HM55 Bluetooth Thermo Hygrometer, Silver"
"BE-HR2000","HR2000","4211125580001","Beurer","","Beurer HR2000 Precision Trimmer"
"BE-HS30","HS30","4211125591120","Beurer","","Beurer HS30 Hair Straightener"
"BE-HS60","HS60","4211125591106","Beurer","","Beurer HS60 Hair Straightener Brush"
"BE-HS80","HS80","4211125591007","Beurer","","Beurer HS80 Hair Iron with Triple Ionic Function Titanium Coating and Rapid Heating"
"BE-HT10","HT10","4211125591076","Beurer","","Beurer HT10 Ion Detangling Brush"
"BE-HT15","HT15","4211125591687","Beurer","","Beurer HT15 Electric Nit Comb, Clears Nits and Lice Without chemicals"
"BE-HT50","HT50","4211125591168","Beurer","","Beurer HT50 Hot Air Brush Multistyler, Black-Rose Gold"
"BE-HT80","HT80","4211125591199","Beurer","","Beurer HT80 Rotating Hot Air Styling Brush"
"BE-KS19-BLACK","BE-KS19 BLACK","4211125704049","Beurer","","Beurer KS19 Kitchen Scale, Black"
"BE-KS19 FRESH","KS19 FRESH","4211125704063","Beurer","","Beurer KS19 Digital Kitchen Scale, Fresh"
"BE-KS19-SLATE","KS19-SLATE","4211125704162","Beurer","","Beurer KS19 Sequence Kitchen Scale, Black With White Stripes"
"BE-LA40","LA40","4211125606268","Beurer","","Beurer LA40 Aroma Diffuser"
"BE-LR200/210Filter","","4211125660048","Beurer","","Beurer 660.04 LR 200 Replacement Set with Pre Combination Filter (HEPA + Activated Carbon), White"
"BE-LR210","LR210","4211125693008","Beurer","","Beurer LR210 Air Purifier"
"BE-LR220","LR220","4211125663759","Beurer","","Beurer LR220 Air Purifier"
"BE-LR220-FILTER","LR220-FILTER","4211125680077","Beurer","","Beurer Replacement Filter For LR220"
"BE-LR300R","LR300R","4211125693022","Beurer","","Beurer LR300R Replacement Filter Set in Giftbox for LR300/310"
"BE-LR310","LR310","4211125660239","Beurer","","Beurer LR310 Air Purifier, White"
"BE-LR330-FILTER","LR330 FILTER","4211125660116","Beurer","","Beurer LR 330 Replacement Kit with Pre-Filter and Combination Filter (EPA E10 Filter, Activated Carbon Filter)"
"BE-LR500-FILTER","LR500-FILTER","4211125660079","Beurer","","Beurer Replacement Filter For LR500"
"BE-MG145","MG145","4211125644048","Beurer","","Beurer MG145 Multi-purpose Heating Shiatsu Massage Cushion"
"BE-MG151","MG151","4211125643089","Beurer","","Beurer MG151 Massage Shiatsu 3D"
"BE-MG16","MG16","4211125646158","Beurer","","Beurer MG16 Mini Body Massager, Red"
"BE-MG180","MG180","4211125644239","Beurer","","Beurer MG180 Massage Gun for Deep Tissue Massage to Relieve Tension and Regenerate Muscles with 6 Attachments"
"BE-MG205","MG205","4211125640576","Beurer","","Beurer MG 206 Shiatsu Massage Seat Cover"
"BE-MG35","MG35","4211125645502","Beurer","","Beurer MG35 Deep Roll Vibrating Massage Roller For Fascia And Trigger Point"
"BE-MG40","MG40","4211125648251","Beurer","","Beurer MG40 Infrared Body Massager with Rotating Head"
"BE-MG55","MG55","4211125643201","Beurer","","Beurer MG55 Handheld Tapping Percussion Body Massager with Infrared Heat & 3 Attachments – Adjustable Intensity, 20 W"
"BE-MG70","MG70","4211125649050","Beurer","","Beurer MG70 Infrared Body Massage"
"BE-MG79","MG79","4211125103309","Beurer","","Beurer MG79 Sensitive Deep Tissue Massager"
"BE-MG99","MG99","4211125103354","Beurer","","Beurer MG99 Deep Massager Limited Edition"
"BE-MP28","MP28","4211125574031","Beurer","","Beurer MP28 Portable Pedicure Device, White"
"BE-MP41","MP41","4211125572112","Beurer","","Beurer MP41 Manicure / Pedicure Set"
"BE-MP42","MP42","4211125574000","Beurer","","Beurer MP42 Manicure/Pedicure set"
"BE-MP48","MP48","4211125571016","Beurer","","Beurer MP 48 UV/LED Nail Dryer for Curing with 3 Timer Settings"
"BE-MP55","MP55","4211125573058","Beurer","","Beurer MP55 Callus Remover, Pink"
"BE-PO45","PO45","4211125454340","Beurer","","Beurer PO45 Pulse Oximeter"
"BE-WL 32","WL 32","4211125589226","Beurer","","Beurer WL 32 Wake-Up Light Alarm Clock with Sunrise Simulation, FM Radio, Dual Alarms, and Adjustable Brightness – White"
"BN-0188","","","Bien","","Bien Chlorine 3% 4lt"
"BN-0225","","","Bien","","Bien Window Cleaner 1 lt"
"BN-0263","","","Bien","","Bien Ultrashine Concentrated Plates Washing Liquid 4 lt"
"BN-0324","","","Bien","","Bien Dishine Dishwasher Liquid 4 lt"
"BN-0393","","","Bien","","Bien Magic Oven Cleaner 4 lt"
"BN-0416","","","Bien","","Bien General Cleaner Concentrated Lemon Blossom 0.75L – Multi-Surface Degreaser & Disinfectant"
"BN-0454","","","Bien","","Bien Scouring Cream 700 ml"
"BN-0539","","","Bien","","Bientoll Antiseptic Disinfectant 750ml"
"BN-0591","","","Bien","","Bien Rinsing Shine Liquid 4 lt"
"BN-0768","","","Bien","","Bien Toilet Cleaner Fresh Forest 850ml"
"BN-0880","","","Bien","","Bienclair Instant Sanitizer Gel 500ml"
"BN-0881-S","","","Bien","","Bien Instant Sanitizer Spray 4 lt"
"BN-0904","","","Bien","","Bien Antistatic General Disinfectant Rose 750ml"
"BN-0911","","","Bien","","Bien Antistatic Antibacterial General Cleaner Concentrated Lemon Blossom 4L – Multi-Surface Disinfectant & Dust Repellent"
"BN-0935","","","Bien","","Bien Antistatic General Disinfectant Rose 4 lt"
"BN-0997","997","","Bien","","Bien Creamy Antibacterial Hand & Body Soap Silky Berry 4 lt"
"BN-1017","","","Bien","","Bien Hand & Body Antibacterial Bubble Soap Ocean Breeze 0.4L – Gentle & Effective Liquid Soap for Daily Hygiene"
"BN-1147","","","Bien","","Bien Bathroom Cleaner Fresh Forest 750ml"
"BN-1178","","","Bien","","Bien Chlorine 3% 1100ml"
"BN-1239","1239","","Bien","","Bien Antibacterial Bubble Soap Ocean Breeze 4 lt"
"BN-1277","","","Bien","","Bien Creamy Antibacterial Hand & Body Soap Wild Berries 4 lt"
"BN-1338","","","Bien","","Bien Toilet Cleaner Spring Pine 4 lt"
"BN-1345","","","Bien","","Bien Toilet & Bathroom Cleaner Fresh Forest 4lt"
"BN-1353","","","Bien","","Bien Bathroom Cleaner Flower Bouquet 4L"
"BN-1383","","","Bien","","Bien Ultrashine Concentrated Plates Washing Liquid 750ml"
"BN-1444","","","Bien","","Bien Window Cleaner Antistatic 750 ml"
"BN-1550","","","Bien","","Bien Fabric Softener Soft Pink 4lt"
"BN-1581","","","Bien","","Bien BleachGel 3% 1100ml"
"BN-1598","","","Bien","","Bien BleachGel 3% 4 lt"
"BN-1604","","","Bien","","Alcohol Lotion Spray 99.99% 4lt"
"BN-1703","","","Bien","","Bientoll Antiseptic Surface Cleaner Spray 750ml Vanilla Planifolia"
"BN-1796","","","Bien","","Bientoll All-In-One Antiseptic Disinfectant for Surfaces, Citrus Blossom 4lt"
"BN-AUTO-AEROSOL-MACHINE","","","Bien","","Auto Aerosol Dispenser"
"BN-AUTO-SPRAY-DISPENSER","","","Bien","","Dispenser Automatic with Sensor for Spray / Gel"
"BN-San-Gel-4lt","","","Bien","","Bien Instant Sanitizer Gel 4 lt"
"AMZ-DE-B0FYW8HDH5","","","Black & Decker","","Black & Decker HEPA Filters with Sponge"
"08-BCH6ATH25","BCH6ATH25","787162844665","Bosch","","Bosch BCH6ATH25 Vacuum Cleaner"
"08-MCP3000","MCP3000","","Bosch","","Bosch MCP3000 Juicer, White"
"08-MFW67440","MFW67440","4057057555850","Bosch","","Bosch Meat Grinder with a Power of 700 W MFW67440, Black / Silver"
"08-MMR08R2","MMR08R2","4242002742274","Bosch","","Bosch MMR08R2 Food Chopper, 400W, Red/Grey"
"08-TWK8613P","TWK8613P","4242002824598","Bosch","","Bosch TWK8613P Styline Kettle – 1.5L Capacity, 2400W, Temperature Control, Keep Warm Function – Black/Stainless Steel"
"HADJ-BSC-SMS4ENI06E","BSC-SMS4ENI06E","","Bosch","","Bosch SMS4ENI06E Freestanding Dishwasher 60cm, Silver"
"SL-COMPETITOR1500","COMPETITOR1500","690283150945","Boston Acoustics","","Boston Acoustics Competitor 1500 Premium Performance 15'' Car Subwoofer"
"3G-HC5310","HC5310","4210201448679","Braun","","Braun Hair Clipper Series 5 HC5310, Men's Hair Clipper with 9 Length Settings"
"BR-MGK7","","","Braun","Trimmer","Braun MGK7 Multi Grooming Kit"
"BR-S9-4200","","","Braun","Shaver","Braun Series 9 Electric Shaver 4200"
"IT45602","SI3041GR","8021098270672","Braun","","Braun SI3041GR Steam Iron, Green"
"IT45603","SI3053BL","8021098270696","Braun","","Braun SI3053BL Steam Iron, Blue"
"IT45604","SI3055BK","8021098270719","Braun","","Braun SI3055BK Steam Iron, Black "
"IT47397","IB3001BK","8021098280480","Braun","IRON BOARD","Braun IS1012BL Iron Board,"
"IT57699","SI3030PU","8021098270665","Braun","","Braun SI3030PU TexStyle 3 Steam Iron, 2300W, Purple & White"
"IT57834","IS1012BL","8021098280503","Braun","","Braun IS1012BL Steam Iron System, 5.5 Bar, Blue "
"IT60281","IS7286BK","8021098001023","Braun","","Braun IS7286BK Steam Iron System, 8 Bar, Black "
"IT62908","PV2600 GLIDEPRO","8422160051401","Braun","","Ufesa PV2600 Glidepro Steam Iron 2600W Blk"
"IT62942","IS1514VI ","8021098002808","Braun","","Braun IS1514VI Steam Iron System, 6 Bar, Violet "
"IT64555","SI1080VI","8021098000811","Braun","","Braun SI1080VI Steam Iron 2000W,Violet"
"IT65875","IS7266VI","8021098002372","Braun","","Braun IS7266VI Steam Iron System, 7.5 bar, Violet "
"IT65876","IS7282BL","8021098001016","Braun","","Braun IS7282BL Steam Iron System, 8 bar, Blue"
"IT69288","","8021098003928","Braun","","Braun GS5011 Quick Style 7 V/Iron W/P, White "
"IT69289","GS7077BK","8021098003942","Braun","Quick Style Iron","Braun GS7077BK Quick Style 7 V/Iron B/C, Black "
"IT69486","IS5247VI","8021098003706","Braun","","Braun IS5247VI Steam Iron  System, Violet"
"IT69488","IS5245BL","8021098003690","Braun","","Braun IS5245BL Steam Iron System, 7 bar, Blue"
"IT73903","IS3255BL","8021098005496","Braun","","Braun IS3255BL Iron Care Style, 7 Bar, Blue "
"IT74508","GS3024BL ","8021098005724","Braun","","Braun GS3024BL Steamer Quick Style Pro , Blue "
"PAP-158255","158255","5017371142234","Cabana Sun","","Cabana Sun Original Carrot Oil Accelerates Tanning 200ml"
"PAP-158257","158257","5017371147406","Cabana Sun","","Cabana Sun CABANA Deep Tanning Oil Spray SPF6 - 200 ml"
"PAP-158260","158260","5017371147185","Cabana Sun","","Cabana Sun CABANA Deep Tanning Dry Oil Spray SPF6 - 200 ml"
"PAP-158261","158261","5017371138930","Cabana Sun","","Cabana Sun CABANA Deep Tanning Dry Oil Spray SPF15 - 200 ml"
"PAP-158262","158262","5017371142678","Cabana Sun","","Cabana Sun Deep Tanning SPF20 Dry Oil Spray Coconut Water Resistanse"
"POT-CK1133S-266-59-12","CK1133S-266-59-12","","Calvin Klein","Sunglasses","Calvin Klein CK1133S Aviators Sunglasses,Dark Red Translucent"
"POT-CK2079S-62-11","CK2079S-62-11","","Calvin Klein","Sunglasses","Calvin Klein CK2079S   Shield Sunglasses, Black"
"POT-CK2133S-096-62-11","CK2133S-096-62-11","","Calvin Klein","Sunglasses","Calvin Klein  CK2133S  Rimless Square Shield / Navigator Sunglasses,Silver Metal "
"POT-CK3052S-271-61-14","CK3052S-271-61-14","","Calvin Klein","Sunglasses","Calvin Klein CK3052S Wrap-Around Sunglasses, Light Champagne  "
"POT-CK3059S-283","CK3059S-283","","Calvin Klein","Sunglasses","Calvin Klein 3059S Slightly Rounded Sunglassses,Glossy Red"
"POT-CK3062S-000-63-11","CK3062S-000-63-11","","Calvin Klein","Sunglasses","Calvin Klein CK3062S Shield  Sunglasses, Crystal-Clear Translucent"
"POT-CK3062S-004-63-11","CK3062S-004-63-11","","Calvin Klein","Sunglasses","Calvin Klein CK3062S Aviator Sunglasses,Tortoiseshell"
"POT-CK4075S-297-125","CK4075S-297-125","","Calvin Klein","Sunglasses","Calvin Klein CK4075S Oversized / Round Oval Sunglasses,White-Black"
"POT-CK4076S-292","CK4076S-292","","Calvin Klein","Sunglasses","Calvin Klein CK4076S Rectabgular Sunglasses,Blue "
"POT-CK4076S-295","CK4076S-295","","Calvin Klein","Sunglasses","Calvin Klein CK4076S Soft Oval Sunglasses,Marble Grey"
"POT-CK7706S-055","CK7706S-055","","Calvin Klein","Sunglasses","Calvin Klein CK7706S Wrap Sunglasses, Green / Grey Tortoise"
"POT-CK839S-119","CK839S-119","","Calvin Klein","Sunglasses","Calvin Klein CK839S Rectangle Sunglasses, Cream"
"POT-CK920S-599","CK920S-599","","Calvin Klein","Sunglasses","Calvin Klein CK920S Shield / Wrap Sunglasses,Black"
"POT-CK926S-598","CK926S-598","","Calvin Klein","Sunglasses","Calvin Klein CK926S Shield Sunglasses,Brown Smoke Tortoiseshell"
"POT-CK977S-017","CK977S-017","","Calvin Klein","Sunglasses","Calvin Klein CK977S Rectangle Sunglasses,Dark Red"
"POT-CK977S-067","CK977S-067","","Calvin Klein","Sunglasses","Calvin Klein CK977S Rectangle Sunglasses, Dark Tortoise Shell"
"POT-CK978S-067","CK978S-067","","Calvin Klein","Sunglasses","Calvin Klein CK978S Square / Oversized Butterfly Sunglasses,Dark Brown Tortoiseshell"
"POT-CK981S-190","CK981S-190","","Calvin Klein","Sunglasses","Calvin Klein 981S Rectangle Sunglasses,TortoiseShell"
"POT-CK983S-042","CK983S-042","","Calvin Klein","Sunglasses","Calvin Klein CK983S Rectangle / Oval Sunglasses,Beige"
"CL-541XL","","","Canon","","Canon CL-541XL Genuine High Yield Inkjet Cartridge, Colour"
"LAG-CU300T23","CU300T23","5037258041153","Colibri","","Colibri Cutter V-Cut Blue Carbon Fiber Print"
"LAG-HU500T1","HU500T1","5037258000631","Colibri","","Colibri HU500T1 Humidor Heritage - Black"
"LAG-LC100CLBR","LC100CLBR","81287046943","Colibri","","Colibri Leather Case for Lighter Or Cutter (Brown-Large)"
"LAG-LC100CLRD","LC100CLRD","81287046950","Colibri","","Colibri LC100CLRD Leather Holster Large Wallet, Red"
"LAG-LI221C2","LI221C2","5037258038504","Colibri","","Colibri Lighter Julius Black + Chrome"
"FI-CORAVIN-801060","801060","858976004764","Coravin","","Coravin Faster Pour Needle"
"IT67018","DF-AF1312CC1","","Crystal Air","","Crystal Air DF-AF1312CC1 Air Cooler Fan 23lt"
"IT66901","FP8U","3030058000805","Cuisinart","","Cuisinart FP8U Easy Prep Pro Food Processor – 1.9L Capacity"
"IT66909","DGB2U","3030058100022","Cuisinart","","Cuisinart DGB2U Grind&Brew Coffee"
"IT66913","SG6SU","3030058400061","Cuisinart","","Cuisinart SG6SU Seasoning Mill"
"IT71658","DBM8V2U","3030050194401","Cuisinart","","Cuisinart DBM8V2U Burr Mill, Black"
"IT71659","DCG20BKNU","3030050196344","Cuisinart","","Cuisinart DCG20BKNU Coffee Grinder, Black"
"ATP-ECODECALK-500ML","","","Delonghi","","Delonghi EcoDecalk Descale Liquid 500ml"
"ATP-MONDO-CA6903","CA6903","4260418590173","Delonghi","","Mondo CA6903 Water Filter for Delonghi Espresso & Bean to Cup Machines"
"IT25271","DLSC306","","Delonghi","","Delonghi DLSC306 Coffee Care Kit for Fully Automatic & Espresso Machines"
"IT34190","ICM15210.1","8004399327139","Delonghi","","Delonghi ICM15210.1 Filter Coffee Maker, Black"
"IT41812","EC685.BK","8004399331181","Delonghi","","Delonghi EC685.BK Dedica Pump Espresso Coffee Maker, Black"
"IT42307","HFX30C18.IW","8004399143319","Delonghi","","Delonghi HFX30C18.IW Electric Fan Heater"
"IT42517","DLSC054","8004399332300","Delonghi","","Delonghi DLSC054 Stainless Steel Coffee Tamper, Silver"
"IT42774","AC75","8004399370166","Delonghi","","Delonghi AC75 Air Purifier, White"
"IT42853","DLSC302","8004399329973","Delonghi","","Delonghi DLSC302 Fancy Collection of Mixed Espresso Beverage Glasses, 6-piece Set"
"IT43517","BCO411.B","8004399332416","Delonghi","","Delonghi BCO411.B Combi Espresso & Filter Coffee Maker, Black"
"IT44430","DLSC014","","Delonghi","","Delonghi DLSC014 Milk Jug for Delonghi ECAM65xx"
"IT45600","DNS80","8004399481039","Delonghi","","Delonghi DNS80 Dehumidifier with Ionizer & Zeolite 20 litres"
"IT48352","DDSX225","8004399481114","Delonghi","","Delonghi DDSX225 Tasciugo AriaDry Multi Dehumidifier"
"IT52423","DLSC551","8004399333796","Delonghi","","Delonghi DLSC551 Descaling Balls"
"IT52510","DLSC058","8004399333291","Delonghi","","Delonghi DLSC058 Coffee Tamper"
"IT55102","EC785.GY","8004399015784","Delonghi","","Delonghi EC 785.GY Dedica Espresso Coffee Maker"
"IT62660","ECAM450.86.T","8004399026186","Delonghi","","Delonghi ECAM 450.86.T Eletta Explore Cold Brew Coffee Machine, Black"
"IT64566","DEX210SF","8004399029255","Delonghi","","Delonghi DEX210SF Tasciugo AriaDry 10lt Portable Home Dehumidifier with 3-Action Filtration System"
"IT64669","IT64669","8004399021372","Delonghi","","Delonghi Magnifica Evo ECAM290.31.SB Fully Automatic Espresso Maker"
"IT68405","DEXD216RF","8004399027770","Delonghi","","Delonghi DEXD216RF Tasciugo AriaDry 16L Multi Dehumidifier with Laundry Mode, White"
"IT69480","ECAM310.80.SB","8004399029149","Delonghi","","De’Longhi Magnifica Evo Next ECAM310.80.SB"
"IT69482","ECAM320.70.TB","8004399028388","Delonghi","","Delonghi ECAM320.70.TB Magnifica Plus Titanium, Black"
"IT71149","EC890.M","8004399032569","Delonghi","","DeLonghi EC890.M Dedica Duo EC890.M Espresso Coffee Machine, Silver"
"ΙΤ37071","","","Delonghi","","Delonghi DLSA007 HEPA & Active Carbon Filter"
"ATH-DOMESTOS-750ML","","","Domestos","","Domestos Bleach 750ml"
"47-DNE302HB","DNE302HB","5605645287424","Domotec","","Domotec DNE302HB Frappe Mixer Stand 100W, Black"
"47-DNE302HS","DNE302HS","","Domotec","","Domotec DNE302HS Frappe Mixer Stand 100W, Silver"
"LHT65N-868","LHT65N-868","8720299592643","Dragino","","Dragino LHT65N LoRaWAN Temperature & Humidity Sensor"
"LT-22222-L-868","LT-22222-L-868","6973956301283","Dragino","","Dragino LT-22222-L LoRaWAN I/O Controller with 0–20 mA, 0–30 V, RS485, DI, DO, Relay Output, Data Logging"
"DY-533896-01","533896-01","5025155099421","Dyson","","Dyson 533896-01 Airwrap Origin Multi-Styler & Dryer — Nickel/Copper"
"DY-AB14","","","Dyson","Hair Dryer","Dyson Airwrap Complete"
"DY-HD08","","","Dyson","Hair Dryer","Dyson Supersonic Hair Dryer HD08"
"DY-V11-ADVANCED","DY-V11-ADVANCED","","Dyson","","Dyson V11 Advanced 0.76 L Nickel/Iron/Purple Vacuum Cleaner Stick"
"HC-1061","","","Elite","","Elite Luxury Scented Toilet Paper – 3-Ply 10 Rolls, Soft & Fragranced for Premium Comfort"
"HC-1061-S","061-S","","Elite","","1x9 Toilet Rolls 3-ply"
"HC-1071","1071","5290192000437","Elite","","Elite Toilet Rolls - Package of 48 Rolls - 28m Length each Roll"
"HC-1075","1075","","Elite","","Elite Professional Toilet Paper 2-Ply 40m – Pack of 48 Rolls, Soft & Strong for Commercial and Home Use"
"HC-1102","","","Elite","","Elite Professional White Napkins 1-Ply 28x28 cm – Soft & Absorbent Paper Napkins for Everyday Use"
"HC-1105","","","Elite","","Elite White Napkins 1-Ply 28x28 cm – Soft & Absorbent Paper Napkins for Everyday Use"
"HC-1121","","","Elite","","Elite Napkins - 10 Packages of 100 Napkins each - 33 x 33 cm Size - White Color"
"HC-1161","1161","","Elite","","Elite White Napkin 2-Ply 33 x 33 cm – 10 x 75"
"HC-1161B","","","Elite","","10x75 Elite Napkins 2ply, 33x33, Blue"
"HC-1201B","1201B","5290192000130","Elite","","Elite 1x24 Facial Tissues 150'"
"HC-1402","","","Elite","","Elite Professional Kitchen Paper Plus – 2-Ply High-Absorbency Paper Towels for Home & Commercial Use"
"HC-1404","1404","5290192000536","Elite","","Elite Professional Kitchen Paper Roll 100m – 2-Ply High-Absorbency Paper Towels for Commercial & Home Use"
"HC-1421","","","Elite","","Elite Professional Hand Wiping Paper Medium – 2-Ply 6 Rolls, High-Absorbency for Commercial & Industrial Use"
"HC-1442","","","Elite","","Elite Professional Hand Wiping Paper Large – 2-Ply 6 Rolls, High-Absorbency for Commercial & Industrial Use"
"HC-1444","","","Elite","","Elite Professional Recycled Hand Wiping Paper Large – 2-Ply 6 Rolls for Commercial & Industrial Use"
"HC-1451","1451","5290192000895","Elite","","Elite Professional Maxi Kitchen Paper Roll – 2-Ply High-Absorbency Perforated Paper Towels 77m"
"HC-1492","","","Elite","","1x6 Elite Hand Wiping Roll Large"
"HC-1503","","","Elite","","Elite Professional Medium Toilet Paper – 2-Ply 8 Rolls, Soft & Durable for Commercial and Home Use - 260m"
"HC-1506","","","Elite","","Elite Professional Small Toilet Paper – 2-Ply 8 Rolls, Soft & Durable for Home and Commercial Use - 180m"
"HC-1621","1621","","Elite","","Elite 20 x 150 Interfold 1-Ply, White"
"HC-1622","","","Elite","","Elite Professional Interfold Hand Towels – 2-Ply 4000 Sheets, High-Absorbency for Commercial Use"
"HC-1623","1623","5290192001274","Elite","","Elite 4000 Interfold Pure Cellulose, White"
"HC-1623L","","","Elite","","Elite 4000 Long Interfold Pure Cellulose, White"
"HC-1626","","","Elite","","Elite Professional Interfold Hand Towels – 2-Ply 3000 Sheets, High-Absorbency for Commercial Use"
"HC-1651","","","Elite","","Elite Professional Interfold Toilet Paper – 2-Ply 6000 Sheets, Soft & Hygienic for Commercial Use"
"HC-1661","","","Elite","","Elite Professional Examination Roll 2-Ply 75m – Medical Disposable Paper Roll for Clinics & Hospitals"
"HC-1701","","","Elite","","Elite Professional Large Kitchen Paper Dispenser – Wall-Mounted Durable Holder for High-Capacity Rolls"
"HC-1702","","","Elite","","Elite Professional Kitchen Paper Dispenser – Durable Wall-Mounted Holder for 100m Rolls"
"HC-1711","","","Elite","","Elite Professional Toilet Paper Dispenser – Wall-Mounted Holder for Jumbo & Standard Rolls"
"HC-1721","","","Elite","","Elite Professional Liquid Soap Dispenser - 1 Lt – Wall-Mounted Refillable Hand Wash Dispenser for Commercial Use"
"HC-1731","1731","","Elite","","Elite Professional Hand Towel Dispenser – Interfold & C-Fold Paper Towel Holder for Commercial Use"
"HC-1841","","","Elite","","Elite Care Baby Wipes Aloe Vera 20's x30"
"HC-1843","1843","","Elite","","Elite Care Baby Wipes with Aloe Vera – 80 Sheets (2+1 Free), Gentle & Hypoallergenic for Sensitive Skin"
"HC-1843-S","","","Elite","","Elite Care Baby Wipes Aloe Vera 80's"
"HC-1846","","","Elite","","Elite Care Water Baby Wipes – 80 Sheets (2+1 Free), Ultra-Gentle & Hypoallergenic for Sensitive Skin"
"POT-EP105S-62-12-130","EP105S-62-12-130","","Emillio Pucci","Sunglasses","Emilio Pucci EP105S Pilot Sunglasses,Turquoise "
"POT-EP500SR-70-20-425-125","EP500SR-70-20-425-125","","Emillio Pucci","Sunglasses","Emilio Pucci EP500SR Shield Sunglasses,Petrol Blue"
"POT-EP600S-757-58-16-130","EP600S-75758-16-130","","Emillio Pucci","Sunglasses","Emilio Pucci EP600S  Rectangle/Soft Oval Sunglasses,Gold"
"POT-EP605S-62-16-681-125","EP605S-62-16-681-125","","Emillio Pucci","Sunglasses","Emilio Pucci EP605S  Round Sunglasses, Pastel Peach"
"POT-EP638S-58-18-109-135","EP638S-58-18-109-135","","Emillio Pucci","Sunglasses","Emilio Pucci EP638S Oval / Oversized Sunglasses,White"
"POT-EP690S-58-16-004-135","EP58-16-004-135","","Emillio Pucci","","Emilio Pucci EP690S Square / Oversized Sunglasses,Black"
"POT-EP690S-58-16-216-135","EP690S-58-16-216-135","","Emillio Pucci","Sunglasses","Emilio Pucci EP690S Square / Oversized Sunglasses,Orange"
"MUT-C13T671400","C13T671400","","Epson","","Epson Maintenance Box for WF-C869RDTWFC/ C879R"
"IT65509","CH 32","","EQUATOR","","EQUATOR CH 32 Humidifier & Cigar Preserver"
"POT-FS299-035-59-18-130","FS299-035-59-18-130","","Fendi","Sunglasses","Fendi FS299 Wrap / Shield / Oval Sunglasses,Grey"
"POT-FS446-216-57-17-130","FS446-216-57-17-130","","Fendi","Sunglasses","Fendi FS446 Square Wrap Sunglasses,Tortoiseshell Brown"
"POT-FS464-61-17-007-135","FS464-61-17-007-135","","Fendi","Sunglasses","Fendi FS464 Square / Oversized Shield Sunglasses,Black / Silver / Metallic Mosaic Print"
"POT-FS464-61-17-272-135","FS464-61-17-272-135","","Fendi","Sunglasses","Fendi FS464 Square / Oversized / Shield Sunglasses,Amber "
"POT-FS465-62-13-210","FS465-62-13-210","","Fendi","Sunglasses","Fendi FS465 Shield/Wrap-Around Sunglasses, Tortoiseshell"
"POT-FS471M-215-135","FS471M-215-135","","Fendi","Sunglasses","Fendi FS471M Rectangle Sunglasses,Dark Tortoise Shell"
"POT-FS472M-001-125","FS472M-001-125","","Fendi","Sunglasses","Fendi FS472M Oversized Oval Sunglasses, Black"
"POT-FS5008-56-16-280-130","FS5008-56-16-280-130","","Fendi","Sunglasses","Fendi FS5008  Square Wrap Sunglasses,White "
"POT-FS5124-520-130","FS5124-520-130","","Fendi","Sunglasses","Fendi FS5124 Oversized Square / Hexagonal Sunglasses,Purple & Brown"
"POT-FS5340-799-130","FS5340-799-130","","Fendi","Sunglasses","Fendi FS5340 Geometric, Yellow & Green"
"3G-001-040-01-000/0","001-040-01-000/0","4009209363547","Fissler","","Fissler 001-040-01-000/0 Multi Peeler, Stainless Steel"
"3G-001-051-00-062/0","001-051-00-062/0","4009209296739","Fissler","","Fissler 001-051-00-062/0 Finecut Fruit & Vegetable Chopper"
"3G-001-104-22-200/0","001-104-22-200/0","4009209385167","Fissler","","Fissler 001-104-22-200/0 Glass Lid 22cm"
"3G-001-104-24-200/0","001-104-24-200/0","4009209385174","Fissler","","Fissler 001-104-24-200/0 Glass Lid 24cm"
"3G-001-104-26-200/0","001-104-26-200/0","4009209385181","Fissler","","Fissler 001-104-22-200/0 Glass Lid 26cm"
"3G-001-804-32-200/0","001-804-32-200/0","4009209390093","Fissler","","Fissler 001-804-32-200/0 Glass Lid 32cm"
"3G-011-101-24-640/0","011-101-24-640/0","4009209178721","Fissler","","Fissler 011-101-24-640/0 Coronal Sidegrip Handle 24cm"
"3G-011-631-00-750","011-631-00-750","4009209185231","Fissler","","Fissler 011-631-00-750/0 Royal Complete Euromatic Valve"
"3G-011-631-00-750/0","011-631-00-750/0","4009209185231","Fissler","","Fissler 011-631-00-750/0 Royal Complete Euromatic Valve"
"3G-011-631-01-700/0","011-631-01-700/0","4009209231556","Fissler","","Fissler 011-631-01-700/0 Pressure Cooker Main Valve Set"
"3G-018-632-00-640/0","018-632-00-640/0","4009209089508","Fissler","","Fissler 018-632-00-640/0 Vitavit Royal Pressure Cooker Side Grip Handle"
"3G-018-632-00-720/0","018-632-00-720/0","4009209089546","Fissler","","Fissler 018-632-00-720/0 Main Control Valve Insert for Vitavit"
"3G-018-632-00-740/0","018-632-00-740/0","4009209089560","Fissler","","Fissler 018-632-00-740/0 Main Valve Sealing O-Ring for Vitavit"
"3G-018-633-00-690/0","018-633-00-690/0","4009209089591","Fissler","","Fissler 018-633-00-690/0 Royal Pressure Cooker Handle Complete"
"3G-020-070-02-000/0","020-070-02-000/0","4009209244679","Fissler","","Fissler 020-070-02-000/0 Magic Salt Mill"
"3G-020-071-03-000/0","020-071-03-000/0","4009209215570","Fissler","","Fissler 020-071-03-000/0 Magic Citrus Zester"
"3G-020-071-16-000/0","020-071-16-000/0","4009209215693","Fissler","","Fissler 020-071-16-000/0 Magic Bottle Opener"
"3G-020-074-02-000/0","020-074-02-000/0","4009209215280","Fissler","","Fissler 020-074-02-000/0 Magic One Hand Chopper"
"3G-020-090-26-000/0","020-090-26-000/0","4009209215266","Fissler","","Fissler 020-090-26-000/0 Magic Salt Sifter"
"3G-020-653-00-720/0","020-653-00-720/0","4009209206738","Fissler","","Fissler 020-653-00-720/0 Silicone Membrane for Pressure Cookers"
"3G-021-002-91-001/0","021-002-91-001/0","4009209347004","Fissler","","Fissler 021-002-91-001/0 Stainless Steel Cleanser"
"3G-021-004-90-000/0","021-004-90-000/0","4009209371870","Fissler","","Fissler 021-004-90-000/0 Stainless Steel Care"
"3G-021-636-03-750/0","021-636-03-750/0","4009209348025","Fissler","","Fissler 021-636-03-750 Plain Matik Valve Silicone, Black"
"3G-021-641-00-700/0","021-641-00-700/0","4009209206691","Fissler","","Fissler 021-641-00-700/0 Blue Point Cooking Valve for Pressure Cookers Complete 22 & 26cm"
"3G-021-641-01-660/0","021-641-01-660/0","4009209247656","Fissler","","Fissler 021-641-01-660/0 Blue Point Pressure Cooker Lid Handle, Black"
"3G-032-691-00-205/0","032-691-00-205/0","4009209206523","Fissler","","Fissler 032-691-00-205/0 Pressure Cooker Rubber Gasket, 26cm / 10.2''"
"3G-037-668-00-700/0","037-668-00-700/0","4009209100418","Fissler","","Fissler 037-668-00-700/0 Vitaquick Safety Valve for Pressure Cookers"
"3G-038-617-00-205/0","038-617-00-205/0","4009209123387","Fissler","","Fissler 038-617-00-205/0 Sealing Rubber Gasket for Pressure Cookers 18 cm"
"3G-038-687-00-205/0","038-687-00-205/0","4009209123394","Fissler","","Fissler 038-687-00-205/0 Rubber Gasket 26cm"
"3G-040-113-20-000/0","040-113-20-000/0","4009209367637","Fissler","","Fissler 040-113-20-000/0 San Francisco Stewpot 20cm"
"3G-040-114-05-000/0","040-114-05-000/0","4009209371207","Fissler","","Fissler 040-114-05-000/0 Copenhagen 5-Piece Stainless Steel Cookware Set"
"3G-040-123-16-000/0","040-123-16-000/0","4009209372617","Fissler","","Fissler 040-123-16-000/0 San Francisco Casserole 16cm"
"3G-040-123-20-000/0","040-123-20-000/0","4009209372624","Fissler","","Fissler 040-123-20-000/0 San Francisco Stainless Steel Casserole 20cm"
"3G-045-300-20-100/0","045-300-20-100/0","4009209368641","Fissler","","Fissler 45-300-20-100 Cenit Non-Stick Frying Pan, 20cm, Black"
"3G-045-300-24-100/0","045-300-24-100/0","4009209368658","Fissler","","Fissler 45-300-24-100 Cenit Non-Stick Frying Pan, 24cm, Black"
"3G-045-301-28-100/0","045-301-28-100/0","4009209368399","Fissler","","Fissler 045-301-28-100/0 Cenit Induction Frying Pan 28cm, Black"
"3G-045-601-28-100/0","045-601-28-100/0","4009209375571","Fissler","","Fissler 045-601-28-100/0 Cenit Grill Pan Induction 28cm"
"3G-045-801-28-100/0","045-801-28-100/0","4009209375564","Fissler","","Fissler 045-801-28-100/0 Cenit Induction Wok Pan 28cm"
"3G-059-057-30-000/0","059-057-30-000/0","4009209242279","Fissler","","Fissler 059-057-30-000/0 Black Edition Spaghetti Lifter"
"3G-080-077-03-000/0","080-077-03-000/0","4009209230221","Fissler","","Fissler 080-077-03-000/0 Proline Citrus Peeler"
"3G-081-110-20-600/0","081-110-20-600/0","4009209347783","Fissler","","Fissler 081-110-20-600/0 Cooking Pot With Glass Lid 20cm"
"3G-084-028-07-000/0","084-028-07-000/0","4009209390130","Fissler","","Fissler Original Profi Vegerable/Rice Spoon"
"3G-084-118-24-000/0","084-118-24-000/0","4009209379890","Fissler","","Fissler 084-118-24-000/0 Original Profi Stew Pot 24cm"
"3G-084-128-04-000/0","084-128-04-000/0","4009209382876","Fissler","","Fissler 084-128-04-000/0 Original Profi Collection Pan Set 4Pcs 16/20/24+SCP16"
"3G-084-138-24-000/0","084-138-24-000/0","4009209379951","Fissler","","Fissler 084-138-24-000/0 Original Profi Collection Casserole 24cm"
"3G-084-378-24-100/0","084-378-24-100/0","4009209380773","Fissler","","Fissler 3G-084-378-24-100/0 Original Profi Grill Pan - 24cm"
"3G-084-378-28-100/0","084-378-28-100/0","4009209380766","Fissler","","Fissler 084-378-28-100/0 Original Profi Grill Pan 28cm SS"
"3G-084-388-28-100/0","084-388-28-100/0","4009209379982","Fissler","","Fissler 084-388-28-100/0 Original Profi Pan"
"3G-086-114-05-000/0","086-114-05-000/0","4009209396132","Fissler","","Fissler Pure Collection Set - 5 Pcs 24cm + CA 30cm"
"3G-088-013-20-000/0","088-013-20-000/0","4009209300597","Fissler","","Fissler 088-013-20-000/0 Profession Deba Knife (one-sided blade) 20cm"
"3G-089-023-00-000/0","089-023-00-000/0","4009209344768","Fissler","","Fissler 089-023-00-000/0 Q! Can Opener"
"3G-089-038-00-000/0","089-038-00-000/0","4009209344799","Fissler","","Fissler 089-038-00-000/0 Q! Strainer 16cm, Stainless Steel"
"3G-100-800-32-100/0","100-800-32-100/0","4009209382395","Fissler","","Fissler 100-800-32-100/0 Adamant Wok Pan 32cm"
"3G-156-114-03-000/0","156-114-03-000/0","4009209399508","Fissler","","Fissler 156-114-03-000/0 Adamant 3pcs Set"
"3G-156-115-20-000/0","156-115-20-000/0","4009209396248","Fissler","","Fissler 156-115-20-000/0 Stew Pot With Glass Lid 20cm"
"3G-156-115-24-000/0","156-115-24-000/0","4009209396255","Fissler","","Fissler 156-115-24-000/0 Adamant Cooking Pot 24cm"
"3G-157-121-28-100/0","157-121-28-100/0","4009209389233","Fissler","","Fissler 157-121-28-100/0 Levital Classic Frying Pan 28cm"
"3G-157-304-24-100/0","157-304-24-100/0","4009209367637","Fissler","","Fissler 157-304-24-100/0 Adamant Classic Frying Pan 24cm"
"3G-157-304-26-100/0","157-304-26-100/0","4009209370118","Fissler","","Fissler 157-304-26-100/0 Adamat Classic Pan 26cm"
"3G-157-304-28-100/0","157-304-28-100/0","4009209367644","Fissler","","Fissler 157-304-28-100/0 Adamat Classic Frying Pan 28 cm"
"3G-157-805-28-100/0","157-805-28-100/0","4009209372976","Fissler","","Fissler 157-805-28-100/0 Adamant Non-Stick Wok Pan 28cm"
"3G-159-105-24-100/0","159-105-24-100/0","4009209367613","Fissler","","Fissler 159-105-24-100/0 Adamant Comfort Frying Pan 24cm"
"3G-159-105-28-100/0","159-105-28-100/0","4009209367613","Fissler","","Fissler 159-105-28-100/0 Adamant Comfort Pan 28cm"
"3G-159-220-26-100/0","159-220-26-100/0","","Fissler","","Fissler 159-220-26-100/0 Ceratal Comfort Pan, 26cm"
"3G-185-000-24-200/0","185-000-24-200/0","4009209288079","Fissler","","Fissler 185-000-24-200/0 Premium Glass Lid for Frypan 24cm"
"3G-600-000-00-700/0","600-000-00-700/0","4009209322438","Fissler","","Fissler 600-000-00-700/0 Main Control Valve for Pressure Cooker Vitavit, Vitaquick"
"3G-600-000-01-706/0","600-000-01-706/0","4009209322643","Fissler","","Fissler 600-000-01-706 Pressure Cooker Rubber Parts Set"
"3G-600-000-11-770/0","600-000-11-770/0","4009209358901","Fissler","","Fissler 600-000-11-770/0 Vitaquick Pressure Cooker Lid Handle"
"3G-600-000-22-795/0","600-000-22-795/0","4051709422675","Fissler","","Fissler 600-000-22-795/0 Pressure Cooker Silicone Gasket, 22cm"
"3G-600-000-26-795/0","600-000-26-795/0","4009209307718","Fissler","","Fissler 600-000-26-795/0 Pressure Cooker Silicone Gasket, 26cm"
"3G-600-810-10-000/0","600-810-10-000/0","4009209406589","Fissler","","Fissler 600-810-10-000/0 Vitaquick Pressure Cooker 26cm 10L"
"3G-602-410-04-000/0","602-410-04-000/0","4009209401225","Fissler","","Fissler 602-410-04-000/0 VQ Premium Pressure Cooker - 22cm - 4.5L"
"3G-602-410-04-070/0","602-410-04-070/0","4009209419657","Fissler","","Fissler 602-410-04-070/0 Vitaquick Premium Cooker With Tripod 22CM 4.5L"
"3G-602-410-06-000/0","602-410-06-000/0","4009209401232","Fissler","","Fissler 602-410-06-000/0 VQ Premium Pressure Cooker - 22cm - 6L"
"3G-602-410-06-070/0","602-410-06-070/0","4009209419664","Fissler","Cookware","Fissler 602-410-06-070/0 Vitaquick Premium Cooker With Tripod 22CM 6L"
"3G-602-810-08-000/0","602-810-08-000/0","4009209401287","Fissler","","Fissler 602-810-08-000/00 Premium Pressue Cooker 26cm 8.0L"
"3G-602-810-08-070/0","602-810-08-070/0","4009209419671","Fissler","","Fissler 602-810-08-070/0 Vitaquick Premium Cooker With Tripod 22 CM 8L"
"3G-602-810-10-000/0","602-810-10-000/0","4009209401294","Fissler","","Fissler 602-810-10-000/0 Vitaquick Premium Pressure Cooker 26 cm 10L"
"3G-602-810-10-070/0","602-810-10-070/0","4009209419688","Fissler","","Fissler 602-810-10-070/0 Vitaquick Premium Cooker With Tripod 22CM 10L"
"3G-610-000-00-711/0","610-000-00-711/0","4009209307596","Fissler","","Fissler 610-000-00-711/0 Vitaquick Silicone Membrane"
"3G-610-000-00-733/0","610-000-00-733/0","4009209307626","Fissler","","Fissler Vitavit® Valve Base Seal"
"3G-610-000-00-734/0","610-000-00-734/0","4009209307589","Fissler","","Fissler 610-000-00-734/0 Bell-Shaped Nut for Control Valve"
"3G-610-000-01-706/0","610-000-01-706/0","4009209307633","Fissler","","Fissler 610-000-01-706/0 Vitavit Rolling Diaphragm, Gasket & Seat Gasket Replacement, 3-piece Set"
"3G-610-010-00-700/0","610-010-00-700/0","4009209374871","Fissler","","Fissler 610-010-00-700/0 Complete 4-setting Valve for Vitavit Comfort/Premium"
"3G-610-300-04-850/0","610-300-04-850/0","4009209307381","Fissler","","Fissler 610-300-04-850/0 Vitavit Comfort Pot Handle 22cm"
"3G-610-700-00-800/0","610-700-00-800/0","4009209307312","Fissler","","Fissler 610-700-00-800/0 Vitaquick Inset with Tripod 26cm"
"3G-610-700-04-850/0","610-700-04-850/0","4009209307367","Fissler","","Fissler 610-700-04-850/0 Vitavit Comfort Pot Handle for Skillet Pan, Black, Ø26 cm,"
"3G-620-000-11-770/0","620-000-11-770/0","4009209357768","Fissler","","Fissler 620-000-11-770/0 Pressure Cooker Lid Handle"
"3G-620-300-04-070/0","620-300-04-070/0","4009209305530","Fissler","","Fissler 620-300-04-070/0 Vitavit Premium Pressure Cooker 22cm, 4.5L"
"3G-620-300-04-850/0","620-300-04-850/0","4009209307442","Fissler","","Fissler 620-300-04-850/0 Vitavit Premium Pressure Cooker Pot Handle 22cm"
"3G-622-412-06-070/0","622-412-06-070/0","4009209379784","Fissler","","Fissler 622-412-06-070/0 Vitavit Premium Pressure Cooker with Steamer Insert 6L"
"65-16567828","16567828","4902520279385","Fujifilm","","Fujifilm INSTAX Mini Film 20 Shot Pack – Compatible with Instax Mini Cameras and Printers"
"HADJ-GAS-42800","42800","","Gastroback","","Gastroback 42800 Design Mini Egg Cooker, 350W, Black / Stainless Steel"
"IT41840","78691","4007249786913","Hama","","Hama Professional Lens Cleaning Kit"
"IT51667","49590","4007249495907","Hama","","Hama S Universal Rotatable Turntable, Suitable for TVs, Monitors, Speakers, HiFi Units"
"PAP-189982","189982","5099821001230","Hawaiian Tropic","","Hawaiian Tropic Protective Dry Spray Oil SPF 20 200ml"
"HB-HOBOT-2S","HOBOT-2S","4716873840198","Hobot","","HOBOT-2S Window Cleaning Automatic Robot with Ultrasonic Water Spray, Intelligent Cleaning, AI Smart Route Plan, Dual Replaceable Water Tanks, and Control via Smartphone or Remote"
"HB-HOBOT-388","HOBOT-388","4716873840174","Hobot","","HOBOT-388 Window Glass Cleaning Automatic Smart Robot Cleaner with Ultrasonic Water Spray and Control via Smartphone or Remote"
"HB-HOBOT-S7-PRO","HOBOT-S7-PRO","4716873840297","Hobot","","HOBOT S7 Pro Window Cleaning Robot | Dual Mop Polish Hand Wiping Technology, 15nm Ultrasonic Spray, 4800Pa Suction | Automatic Window Washer Robot for Framed/Frameless Glass, Indoor & Outdoor Use"
"SHO-HB200P8002","HB200P8002","4716873849245","Hobot","","HOBOT HB200P8002 Spare Cleaning Microfiber Cloths for Wet Cleaning Made for HOBOT-2S"
"SHO-HB298A14","HB298A14","4716873849146","Hobot","","HOBOT HB298A14 Window Detergent 220ml"
"SHO-HB298A14-PO3","HB298A14-PO3","4716873849146","Hobot","","HOBOT HB298A14 Window Detergent 220ml (Pack of 3)"
"PAN-M666","M666","4009126743934","Hohner","","Hohner M666 Ozzy Osbourne Signature Harmonica"
"MAR-EM-JA006-SBA","EM-JA006-SBA","846885008652","House of Marley","","House of Marley JA006-SBA Get Together Bluetooth Wireless Speaker, Singature Black"
"MAR-EM-JA013-SB","EM-JA013-SB","846885008621","House of Marley","","House of Marley Bluetooth Wireless Speaker Get Together Mini, Signature Black"
"MAR-EM-JA014-SB","EM-JA014-SB","846885008676","House of Marley","","House of Marley Bag of Riddim 2 Bluetooth Wireless Speaker, Singature Black"
"MAR-EM-JA015-SB-FOC","EM-JA015-SB","846885009697","House of Marley","","House of Marley Bleutooth Speaker No Bounds, Black"
"MAR-EM-JE041-BA","EM-JE041-BA","846885009178","House of Marley","","House of Marley EM-JE041-BA Smile Jamaica, Brass"
"MAR-EM-JE041-CP","EM-JE041-CP","846885007020","House of Marley","","House of Marley Smile Jamaica, Copper"
"MAR-EM-JE041-DN","EM-JE041-BA","846885008386","House of Marley","","House of Marley Smile Jamaica, Denim"
"MAR-EM-JE041-FI","EM-JE041-FI","846885006009","House of Marley","","House of Marley Smile Jamaica, Fire"
"MAR-EM-JE041-PU","EM-JE041-PU","846885007075","House of Marley","","House of Marley Smile Jamaica, Peach"
"MAR-EM-JE041-PUB","EM-JE041-PUB","846885007075","House of Marley","","House of Marley JE041 Smile Jamaica, Purple"
"MAR-EM-JE041-RA","EM-JE041-RA","846885005996","House of Marley","","House of Marley EM-JE041-RA Smile Jamaica, Rasta"
"MAR-EM-JE041-SB","EM-JE041-SB","846885008393","House of Marley","","House of Marley Smile Jamaica Signature, Black"
"MAR-EM-JE061-BK","EM-JE061-BK","846885007792","House of Marley","","House of Marley Little Bird, Black"
"MAR-EM-JE061-NV","EM-JE061-NV","846885008331","House of Marley","","House Of Marley EM-JE061-NV Little Bird in ear navy"
"MAR-EM-JE061-RA","EM-JE061-RA","846885008348","House of Marley","","House of Marley Little Bird, Rasta"
"MAR-EM-JE061-WT","JE061-WT","846885008362","House of Marley","","House of Marley EM-JE061-WT Little Bird, White"
"MAR-EM-JE091-BA","EM-JE091-BA","846885009451","House of Marley","","House of Marley Uplift 2.0 Wired Headphones, Brass"
"MAR-EM-JE091-SB","EM-JE091-SB","846885009444","House of Marley","","Marley Uplift 2.0 Wired Headphones, Black"
"MAR-EM-JH121-CP","EM-JH121-CP","846885009307","House of Marley","","House of Marley Positive Vibration 2 Wired On-Ear Headphones, Denim – 50mm Dynamic Drivers, Integrated Microphone, Sustainable Materials, Foldable Design, White"
"MAR-EM-JH121-DN","EM-JH121-DN","846885009314","House of Marley","","House of Marley Positive Vibration 2 Wired On-Ear Headphones, Denim – 50mm Dynamic Drivers, Integrated Microphone, Sustainable Materials, Foldable Design"
"MAR-EM-JT002-SB","EM-JT002-SB","846885010167","House of Marley","","House of Marley EM-JT002-SB Stir It Up Wireless Turntable Natural Bamboo Body, Singature Black"
"COMPU-W2210XC","","","HP","","HP W2210A 207X Compatible LaserJet Toner Cartridge, Black"
"COMPU-W2211A","","","HP","","HP 207A LaserJet Toner Original Cartridge, Cyan"
"COMPU-W2213A","","","HP","","HP 207A LaserJet Original Toner Cartridge, Magenta"
"MT-1Y4D0UT","1Y4D0UT","","HP","","HP 235 Wireless Mouse and Keyboard Combo (1Y4D0UT)"
"MT-671R3UT","671R3UT","","HP","","HP USB-C power adapter - AC 115/230 V - 65 Watt"
"ATP-RM-L1379","RM-L1379","6972401110609","Huayu","","HUAYU RM-L1379 Remote Control for LG TV"
"CED-223636"," IZ-1500","5201524919044","Izzy","","IZZY  IZ-1500 Spicy Stand Mixer, Red"
"FI-0280156014","280156014","","Izzy","","6 x Fuel Injectors OEM 0280156014 for Mercedes 3.2L 2.6L V6 Crossfire fit BOSCH"
"JAM-HX-EP303BK","HX-EP303BK","31262087669","JAM","","Jam Live Large HX-EP303 Wireless Bluetooth Earbuds, Black"
"JAM-HX-P505GY","HX-P505GY","31262087348","JAM","","Jam Hang Around HX-P505 Wireless Bluetooth Waterproof Speaker, Grey"
"HADJ-PBWH","PBWH","500369239726","JBL","","JBL PMB-WH Pole Mount Bracket & Cable for JBL Control NOW Loudspeaker Systems"
"POT-JS609S-001-125","JS609S-001-125","","Jil Sander","Sunglasses","Jil Sander JS609S Oval Sunglasses,Black"
"2E-KDM120-PBL","KDM120-PBL","","Kalko","","KALKO KDM120-PBL, Frappe Mixer 150W, Black"
"2E-KDM120-PRD","","","Kalko","","Kalko KDM120-PRD Frappe Mixer, Red"
"2E-KDM120-PSV","KDM120-PSL","","Kalko","","KALKO KDM120-PSV Frappe Mixer 150W, Silver"
"KLC-AF80","KLC-AF80","","KALOC","","KALOC KLC-AF80 Multi-functional TV Cart with Wheels 45-80'', Black"
"POT-KL108S-509-76-20-125","KL108S-509-76-20-125","","Karl Lagerfeld","Sunglasses","Karl Lagerfeld KL108S Shield Sunglasses,Dark Purple / Pink Accents"
"POT-KL605S-016-125","KL605S-016-125","","Karl Lagerfeld","Sunglasses","Karl Lagerfeld KL605S Rectangle Sunglasses,Brown Tortoise"
"POT-KL628S-017","KL628S-017","","Karl Lagerfeld","Sunglasses","Karl Lagerfeld KL628S Soft Square, Tortoise Shell"
"POT-KL632S-004","KL632S-004","","Karl Lagerfeld","Sunglasses","Karl Lagerfeld KL632S Oval Sunglasses,Black"
"POT-M2808S-612","KL6325-004","","Karl Lagerfeld","Sunglasses","Michael Kors M2808S Pilot Sunglasses,Red"
"IT41121","KAT001ME","5011423182612","Kenwood","","Kenwood KAT001ME Twist Connection Adapter for Attachments"
"IT48755","FDM301SS","","Kenwood","","Kenwood FDM301SS MultiPro Compact Food Processor"
"IT50448","BLP41.A0WH","5011423204031","Kenwood","","Kenwood BLP41.A0WH Blend-X Fresh Blender – 2L Capacity, 650W Motor, 3 Speeds + Pulse, Ice Crush Function, Stainless Steel Blades, Dishwasher-Safe Parts – White"
"IT57048","","","Kenwood","","Kenwood CHP61.100WH Easy Chop Chopper, 0.5L Bowl, 2 Speeds, White"
"KLX-Toilet-Spray-400mL","","","Klinex","","Klinex Toilet Spray 400ml 1-for-All"
"KOR-CLASSIC-SMALL-SUPERIOR+ATH-FOUKOU-MOTOR","","","Korakas","","SUPERIOR Cyprus BBQ Charcoal Rotisserie Small FOUKOU Grill Set with FREE Motor"
"KOR-MODERN-SS+ATH-FOUKOU-MOTOR","","","Korakas","","MODERN  Stainless Steel BBQ Charcoal Rotisserie FOUKOU Grill Set with FREE Motor"
"KOR-MODERN-SUP+ATH-FOUKOU-MOTOR","","","Korakas","","MODERN  SUPERIOR BBQ Charcoal Rotisserie FOUKOU Grill Set with FREE Motor"
"47-BW442D10","BW442D10","3045386368471","Krups","","Krups BW 442 D 1.7L 2400W Black,Stainless steel electric kettle"
"47-EA815570","EA815570","10942218777","Krups","","Krups EA815570 Fully Automatic Coffee Maker, Black / Red"
"47-EA817810","EA817810","10942222934","Krups","","Krups EA817810 Freestanding Fully Automatic Espresso Machine 1.7L, Black / Silver"
"RET-EA817810","EA817810","10942222934","Krups","","KRUPS EA817810 Espresso Bean Grinder, Coffee Maker, Espresso Machine, Automatic Espresso Machine, LCD Screen"
"POT-L644S-214","L644S-214","","Lacoste","","Lacoste L644S Vintage Pilot, Brown Tortoiseshell"
"LAC-B31AA","B31AA","8013240707433","Laica","","Laica B31AA Instant Filration Bottle Glass 1.1L"
"LAC-F4S","F4S","8013240706870","Laica","","Laica F4S Set OF 4 Biflux Filter"
"LAC-FD03A","FD03A","8013240707334","Laica","","Laica FD03A Fast Disk 3 Pack Filter"
"ATH-LAIKO-GOLD200-PO3","","5290098000050","Laiko Kafekoptio","","3 x Laiko GOLD Cyprus Traditional Coffee 200g"
"LAG-051095","51095","3166650510959","L' Atelier du Vin","","L'Atelier du Vin 51095 Corkscrew the ''De Gaulle'' with Double Lever"
"LAG-095248","095248","3166650952483","L' Atelier du Vin","Wine Accessory","L' ATELIER DU VIN 095248 Wine Thermometer"
"LAG-095409","95409","","L' Atelier du Vin","","L'Atelier Du Vin Wine Pourer Developer Universal alec Son Socle With its Base"
"LAG-095464","95464","3166650954647","L' Atelier du Vin","","L'Atelier du Vin 095464-7 Oeno Motion Wood Lever Corkscrew, Cast Iron"
"LAG-095512","95512","3166650955125","L' Atelier du Vin","","Oeno Motion Lever Corkscrew, Wood & Black"
"LAG-095610","95610","3166650956108","L' Atelier du Vin","","L'Atelier Du Vin Oeno Wine Bottler Opener Collection 2"
"LAG-095647","95647","3166650956474","L' Atelier du Vin","","L'Atelier Du Vin Soft Machine Brass Wine Bottle Opener"
"LAG-095681","95681","3166650956818","L' Atelier du Vin","","L' Atelier Du Vin 095681 Gard Bulles Metal Stopper, Black"
"LAG-095702","95702","3166650957020","L' Atelier du Vin","","L'Atelier Du Vin Oeno Collection 3"
"LAG-095716","095716","3166650957160","L' Atelier du Vin","","L'Atelier du Vin Oeno Motion Tresor"
"LE-3095","3095","4006501030955","Leifheit","","Leifheit 3095 Digital Universal Kitchen Thermometer – Fast and Precise Food Thermometer with LCD Display, Foldable Probe, and Timer Function for Meat, Liquids, and Baking – Easy-to-Clean Design"
"LE-3233","3233","4006501032331","Leifheit","","Leifheit 3233 Vacuum Food Storage Container Set – 3-Piece Set with 500ml, 800ml, and 1400ml Containers, Includes Hose with Adapter, Compatible with Vacu Power Vacuum Appliances"
"LE-3238","3238","4006501032386","Leifheit","","Leifheit 3238 Vacuum Sealer Rolls 30X600CM"
"LE-41520","41520","4006501415202","Leifheit","","Leifheit 41520 Extra Large Hand Held Duster"
"LE-41524","41524","4006501415240","Leifheit","","Leifheit 41524 Wall and Ceiling Broom Dusty Handheld"
"LE-45007","45007","4006501450074","Leifheit","","Leifheit 45007 Outdoor Broom Head Xtra Clean, 50 cm"
"LE-45033","45033","4006501450333","Leifheit","","Leifheit 45033 Parquet Broom Head Xtra Clean, 30 cm"
"LE-51120","51120","4006501511201","Leifheit","","Leifheit 51120 3-in-1 Window Cleaner with Telescopic Handle"
"LE-51320","51320","4006501513205","Leifheit","","Leifheit 51320 Hand Window Cleaner and Squeegee with Rotation, 28 cm"
"LE-51325","51325","4006501513250","Leifheit","","Leifheit 51325 Replacement Fleece for 3-in-1 Window Cleaner with Microfibre Fleece"
"LE-51522","51522","4006501515223","Leifheit","","Leifheit 51522 Window Slider XL"
"LE-52013","52013","4006501520135","Leifheit","","Leifheit 52013 Combi XL 20Lt 48cm Mop Bucket"
"LE-52068","52068","4006501520685","Leifheit","","Leifheit 52068 Replacement Mop Head Viscose"
"LE-52068-FOC","LE-52068","4006501520685","Leifheit","","Leifheit 52068 Replacement Mop Head Viscose"
"LE-52104","52104","4006501521040","Leifheit","","Leifheit 52104 Clean Twist Disc Mop Ergo Micro Duo Replacement Head – Dual-Fiber System for Deep Cleaning, Compatible with Clean Twist Systems"
"LE-55048","55048","4006501550484","Leifheit","","Leifheit 55048 42 cm Large Micro Fibre Head Profi Floor Mop"
"LE-55210","55210","4006501552105","Leifheit","","Leifheit 55210 Classic Floor Wiper with Microfiber Floor Wiper Cover &Telescopic Handle, 75-130 cm"
"LE-55238","55238","4006501552389","Leifheit","","Leifheit 55238 Window Wet & Dry Wiper/Cleaner"
"LE-55246","55246","4006501552464","Leifheit","","Leifheit 55246 Window Pad - Wet and Dry"
"LE-55320","55320","5007411112402","Leifheit","","Leifheit 55320 Wiper Cover Clean Twist / Combi M Micro Duo"
"LE-55356","55356","4006501553560","Leifheit","","Leifheit 55356 Combi Flat Mop/Bucket and Wringer Set"
"LE-56671","56671","4006501566713","Leifheit","","Leifheit 56671 Click Brush Rubber"
"LE-56673","56673","4006501566737","Leifheit","","Leifheit 56673 Telescopic Handle, 75-135 cm"
"LE-72705","72705","4006501727053","Leifheit","","Leifheit 72705 Laundry Dryer Alustar 320"
"LE-81516","81516","4006501815163","Leifheit","","Leifheit 81516 Pegasus 200 Comfort Clothes Dryer, 20m"
"LE-81517","81517","4006501815170","Leifheit","","Leifheit 81517 Pegasus 200 Deluxe Mobile with Wheels"
"LE-81520","81520","4006501000989","Leifheit","","Leifheit 81520 Pegasus 200 Laundry Dryer"
"LE-81620","81620","4006501816207","Leifheit","","Leifheit Pegasus 160 Solid Slim Standing Clothes Airer – 16m Drying Space, Foldable Indoor/Outdoor Laundry Dryer with Wings for Long Garments and Small Item Holders"
"LE-81621","81621","9313617508625","Leifheit","","Leifheit 81621 Classic 180 Solid Laundry Drying Rack"
"LE-81623","81623","4006501816238","Leifheit","","Leifheit 81623 81621 Standing Dryer, White"
"LE-83040","83040","4006501830402","Leifheit","","Leifheit 83040 Rollfix 210 Wall Dryer"
"LE-83304","83304","4006501833044","Leifheit","","Leifheit 83304 TeleClip Scissor Drying Rack, Wall Dryer, Extendable 100cm"
"LE-83305","83305","4006501833051","Leifheit","","Leifheit 83305 Telegant 100 Wall Mounted Dryer, 8 m, White"
"BNC-2110967","GX20P92529","","Lenovo","","Lenovo GX20P92529 USB-C 65W AC Adapter Power Adapter"
"MT-82YU00YQCY","","","Lenovo","","Lenovo V15 Business Notebook AMD Ryzen™ 5 7520U, Black, Windows 11 Pro, 15.6"", 16 GB, 512GB"
"STPHN-LAT.01778","","","Lenovo","","LENOVO 83D40066CY Notebook IDEAPAD PRO 5"
"IT64530","221-0378","","LIFE","","LIFE 221-0378 Single Electric Ceramic Hob"
"AP-3503","3503","691318329077","Marchioro","","Marchioro Velox 47 Clipper 4-5-6-7 Wheels for Pet Carriers"
"Logistic-Services","","","MASQ","","MASQ Logisitc Services"
"IT68207","IT68207","","Matestar","","Matestar Quartz Heater, 2200W, Black"
"ROM-1A-MAT-07EQ","","","Matestar","","MATESTAR MAT-07EQ Air Cooler Commercial "
"MT-11239210","CR2025","","Maxell","","Maxell CR2025 Battery in Blister"
"IT68274","ARETE ONE 12L","5060409602934","MeacoDry Arete®","","MeacoDry Arete® One 12L Dehumidifier and Air Purifier – Quiet Operation, Energy Efficient, with HEPA Filter"
"IT68275","ARETE ONE 20L","5060409601739","MeacoDry Arete®","","MeacoDry Arete® One 20L Dehumidifier and Air Purifier – Quiet, Energy-Efficient 2-in-1 Solution for Homes"
"IT68276","ARETE ONE 25L","5060409601760","MeacoDry Arete®","","MeacoDry Arete® One 25L Dehumidifier and Air Purifier – Quiet, Energy-Efficient 2-in-1 Solution for Large Homes"
"IT68277","","5060409604259","MeacoDry Arete®","","MeacoDry Arete® Two 20L Dehumidifier and Air Purifier with HEPA Filter and W-Fi"
"IT68278","","5060409604266","MeacoDry Arete®","","MeacoDry Arete® Two 25L Dehumidifier and Air Purifier with HEPA Filter and W-Fi"
"IT68281","IT68281","5060409602736","MeacoDry Arete®","","MeacoDry Arete H13 HEPA Filter for 20 & 25L Models (3-pack)"
"IT68282","IT68282","5060409602965","MeacoDry Arete®","","MeacoDry Arete H13 HEPA Filter for 10 & 12L Models (3-pack)"
"IT68283","68283","5060409603009","MeacoDry Arete®","","MeacoDry Arete H13 Charcoal Filter for 20 & 25L Models (3-pack)"
"IT68284","68284","5060409603023","MeacoDry Arete®","","MeacoDry Arete H13 Charcoal Filter for 10 & 12L Models (3-pack)"
"IT72524","32MQF7000Z","","Metz","","METZ 32MQF7000Z QLED HD Google TV, 32"""
"ΙΤ73840","65MNH7000","","Metz","","METZ 65MNH7000 QLED Mini LED 4K Google TV, 65"""
"POT-M2438S-033","M2438S-033","","Michael Kors","Sunglasses","Michael Kors M2438S-033 Aviator Shape/Black-Cream"
"POT-M2695S-017","M2695S-017","","Michael Kors","Sunglasses","Michael Kors M2695S Rectangle Sunglasses,Black "
"POT-MKS638-001","MKS638-001","","Michael Kors","Sunglasses","Michael Kors MKS638 Pilot Sunglasses,Black"
"CED-224106","","","Midea","","IZZY IZ-6904 Multi Blender 2 in 1"
"CED-224140","","","Midea","","IZZY IZ-1701 Hand Blender, Chop 2 in 1"
"CED-60L07-ST/ST","","","Midea","","Midea 60L07-ST/ST Telescopic Hood, Inox"
"CED-7NM30T0E","","","Midea","","Midea 7NM30T0E Built-In 72lt Oven with Touch Panel, Black"
"CED-IZZY-224372","","","Midea","","Izzy IZ1110 Steam Generator 3000W 9bar"
"CED-IZZY-224638","","","Midea","","Izzy Dual XXXL 11lt Air Fryer"
"CED-IZZY-224915","","","Midea","","Izzy Dual XXL 10lt Air Fryer"
"CED-MC-6F6004R242","","","Midea","","Midea MC-6F6004R242 Ceramic Hob"
"CED-MD-AG2ECO-12NXD0-I","","","Midea","","Midea Xtreme Save Indoor Unit 12000 BTU A/C Inverter R32"
"CED-MD-AG2ECO-12NXD0-O","","","Midea","","Midea Xtreme Save Outdoor Unit 12000 BTU A/C Inverter R32"
"CED-MD-AG2ECO-18NXD0-I","","","Midea","","Midea Xtreme Save Indoor Unit 18000 BTU A/C Inverter R32"
"CED-MD-AG2ECO-18NXD0-O","","","Midea","","Midea Xtreme Save Outdoor Unit 18000 BTU A/C Inverter R32"
"CED-MD-IN-EF-18RD1","","","Midea","","Midea Air Condition Solunar Series EF-18RD1 18000BTU - INDOOR UNIT"
"CED-MD-JL2245T-E-IOT","","","Midea","","Midea JL2245T-E-IOT Water Dispenser / Purifier Cooler with Wi-Fi, Dark Inox"
"CED-MD-MF110W70B/W-CYA","","","Midea","","Midea Washing Machine 7Kg Lunar Slim Line"
"CED-MD-MMOP01MZ-BK","","","Midea","","Midea MMOP01MZ-BK Microwave Oven, Black"
"CED-MD-OUT-MX3-18RD1-EF-O","","","Midea","","Midea Air Condition Solunar Series MX3-18RD1 18000BTU - OUTDOOR UNIT"
"CED-MDRB424FGE02I","","","Midea","","Midea MDRB424FGE02OE Fridge with Bottom Freezer Total No Frost 310lt, Inox"
"CED-MF100W80B/T-CY","","","Midea","","Midea MF100W80B/T-CY Washing Machine 8Kg Lunar Dial Series, Dark Inox"
"CED-MFD60S500X-CYP","","","Midea","","Midea MFD60S500X Free Standing Dishwasher, Inox"
"CED-MIH-616AC","","","Midea","","Midea MIH616AC Induction Hob with FlexiZone, Boost & Touch Control"
"CED-MMO-AG25VB(BK)","","","Midea","","MIidea Microwave Oven with Grill Function 25L 900W, Black"
"IT42177","","","Midea","","Midea PP+C Filter for JL1645T Water Purifier"
"IT42411","","","Midea","","Midea UF Filter for JL1645T Water Purifier"
"HADJ-MIE-11201150","11201150","","Miele","","Miele 11201150 Descaling Tablets for Coffee Machines and Steam Ovens"
"CYR-AM307-868M","AM307-868M","","Milesight","","Milesight AM307 LoRaWAN Indoor Air Quality Sensor"
"CYR-EM300-SLD-868M","EM300-SLD-868M","726754602832","Milesight","","Milesight EM300 Series LoRaWAN® Spot Leakage Detection Sensor (EU868)"
"CYR-UC300-868M","UC300-868M","","Milesight","","Milesight UC300 LoRaWAN Controller"
"CYR-UG65-868M-EA-H32","UG65-868M-EA-H32","6974225038206","Milesight","","Milesight UG65 LoRaWAN Semi-Industrial Helium Miner"
"UG65-L04EU-868M-EA","UG65-L04EU-868M-EA","","Milesight","","Milesight UG65 Series LoRaWAN® Semi-Industrial Gateway - Ethernet, Cellular and External Antenna - EU 868MHz"
"MR-100101","100101","5011832059253","Morphy Richards","","Morphy Richards 100101 Kettle Evoke Special Edition, Bronze"
"MR-100133","100133","5011832070234","Morphy Richards","","Morphy Richards 100133 Venture Pyramid Kettle, Red"
"MR-100134","100134","5011832070241","Morphy Richards","","Morphy Richards 100134 Venture Pyramid Kettle, White"
"MR-100742","100742","5011832070463","Morphy Richards","","Morphy Richards 100742 Signature Opulent Jug Kettle, Copper"
"MR-100743","100743","5011832070470","Morphy Richards","","Morphy Richards 100743 Signature Opulent Kettle, Gold"
"MR-102781","102781","5011832067432","Morphy Richards","","Morphy Richards 102781 Stainless Steel Jug Kettle Rapid Boil, 3000 W, 1.7 liters, Cream"
"MR-102785","102785","5011832069849","Morphy Richards","","Morphy Richards 102785 Equip Jug Kettle, Red"
"MR-108104","108104","5011832053350","Morphy Richards","Kettle","Morphy Richards 108104 Prism Kettle, Blue"
"MR-108131","108131","5011832059925","Morphy Richards","","Morphy Richards 108131 Vector Pyramid Kettle , Black"
"MR-108134","108134","5011832059956","Morphy Richards","Kettle","Morphy Richards 108134 Vector Pyramid Kettle White"
"MR-108271","108271","5011832070128","Morphy Richards","","Morphy Richards 108271 Kettle Hive Black"
"MR-108273","108273","5011832070142","Morphy Richards","Kettle","Morphy Richards 108273 Kettle Hive, Grey"
"MR-245742","245742","5011832070494","Morphy Richards","","Morphy Richards 245742 Signature Toaster 4Slice, Copper"
"MR-245743","245743","5011832070500","Morphy Richards","","Morphy Richards 245743 Signature Toaster 4Slice, Gold"
"MR-300251","300251","5011832046376","Morphy Richards","","Morphy Richards 300251 Iron Breeze 2600W, Blue"
"MR-300285","300285","5011832067227","Morphy Richards","","Morphy Richards 300285 Steam Iron Ceramic, Blue"
"MR-300301","300301","5011832069030","Morphy Richards","","Morphy Richards 300301 Iron crystal 2400W, Purple"
"MR-300401","300401","5011832068859","Morphy Richards","","Morphy Richards 300401 LightGlide Steam iron, Blue/white"
"MR-403060","403060","5011832071064","Morphy Richards","","Morphy Richards 403060 Compact Blender, Blue"
"MR-460017","460017","5011832068491","Morphy Richards","","Morphy Richards 460017 Slow Cooker 3.5L, Stainless Steel"
"MR-470006","470006","5011832068125","Morphy Richards","Food Steamer","Morphy Richards 470006 Intellisteam 1600W Kitchen Food Steamer"
"MR-48755","48755","5011832022479","Morphy Richards","","Morphy Richards 48755 Food Steamer 3-Tier, Stainless Steel"
"3V-JU370810","JU370810","3016661154928","Moulinex","","Moulinex JU370810 Frutelia Plus Juicer, Black"
"HC-1801","","","Mr. Cat","","Mr. Cat Clumping Cat Litter – 10kg Ultra-Absorbent & Odor Control for Hygienic Cat Care"
"LAG-25-12","46381","8436013870507","Muela","","Muela PRO Hunter Hunting Fishing Knife"
"ATH-NES-CLAS-200G","","","Nescafe","","Nescafe Classic Instant Coffee 200g"
"ATH-NES-CLAS-200G-PO2","","5201219046154","Nescafe","","2 x Nescafe Classic Instant Coffee 200g"
"ATH-NES-CLAS-2.7KG","","5201219478986","Nescafe","","Nescafe Classic Instant Coffee 2.75 Kg"
"ATH-NES-CLAS-700G","","5201219486646","Nescafe","","Nescafe Classic Instant Coffee 700g"
"ATH-NES-CLAS-DECAF-200G","","5201219047151","Nescafe","","Nescafe Classic Decaf Instant Coffee 200g"
"ATH-NES-COLOMBIA-100G","","7613036071499","Nescafe","","Nescafe Gold Blend Origins Cap Colombia Instant Coffee 100g"
"VE-10010002","","5201219046154","Nescafe","","Nescafe Classic Instant Coffee 200g"
"AMZ-DE-B01ITG2JEQ","AMZ-DE-B01ITG2JEQ","","Nespresso","","Nespresso EN167.B Citiz Capsule Espresso Coffee Machine, Black"
"PAP-211337","211337","5903957305301","Nickelodeon","","5301 Nickelodeon Paw Patrol Bath Bomb, Chase, 165g"
"POT-EV0653-301-107","EV0653-301-107","","Nike","Sunglasses","  Nike EV0653  Square Sunglasses ,Turquoise"
"POT-EV0653-502-109","EV0653-502-109","","Nike","Sunglasses","Nike EV0653 Square Sunglasses,Royal Blue"
"3G-BF-1B","BF-1B","4960759026163","Nikon","","Nikon BF-1B Body Cap for Nikon F-Mount Cameras"
"3G-UC-E4","UC-E4","18208252626","Nikon","","Nikon UC-E4 USB Cable for D50, D70, D70s, and D100…"
"3N-LC-62","LC-62","18208047482","Nikon","","Nikon Snap-on Lens Cap - 62mm"
"IT68853","TB401EU","","Ninja","","Ninja TB401EU Detect Power Blender & Processor Pro"
"3N-LC-77","LC-77","18208047505","Nivea","","Nikon LC-77 Snap-On Lens Cap, Black"
"ATH-NIVEA-CAROTENE-LOTION-200ML","","","Nivea","","Nivea Sun Carotene Lotion Deep Tanning NO SPF 200ml"
"ATH-NIVEA-CAROTENE-LOTION-SPF6-200ML","","","Nivea","","Nivea Carotene Sun Lotion SPF6 200ml"
"PAP-154431","154431","4005808367092","Nivea","","Nivea Cellular Anti-Age Rejuvenation Eye Cream 15ml"
"ATH-NOUNOU-LIGHTx50","","","Nounou","","Nounou Evapore Light Milk x10"
"IT58186","NB606DG","8006447000223","Nutribullet","","Nutribullet NB606DG Blender, Metallic Grey"
"IT58187","NB907CP","8006447000087","Nutribullet","","Nutribullet NB907CP Pro Blender, Gold "
"IT58188","NBF500DG","8006447000209","Nutribullet","","Nutribullet NBF500DG Blender Combo, Black "
"IT65827","MBR06B","8006447001633","Nutribullet","","Nutribullet MBR06B Magicbullet Blender, Black "
"IT69283","NBP003NBL","8006447002111","Nutribullet","","Nutribullet NBP003NBL To Go Blender,  Navy Blue "
"IT69287","NB907MASN","8006447003019","Nutribullet","","Nutribullet NB907MASN Pro Blender, Cream "
"IT69478","NB1206DG","8006447002166","Nutribullet","","Nutribullet NB1206DG Blender, Grey "
"IT70079","NBP003LBL","8006447002135","Nutribullet","","Nutribullet To Go Blender, Light Blue"
"IT70082","NB907MAJD","8006447003033","Nutribullet","","Nutribullet NB907MAJD Pro Blender, Green "
"IT73900","NBP013BL","8006447004511","Nutribullet","","Nutribullet NBP013BL Flex To Go Blender, Blue"
"IT73901","NBP013GM","8006447004528","Nutribullet","","Nutribullet NBP013GM Flex To Go Blender, Metallic Grey "
"IT73902","NBP013W","8006447004535","Nutribullet","","Nutribullet  NBP013W Flex To Go Blender, White "
"IT74505","NBP013VT","8006447004481","Nutribullet","","Nutribullet NBP013VT Flex Port Blender, Purple "
"NBP013OR","NBP013OR","8006447004498","Nutribullet","","Nutribullet NBP013OR Flex Port Blender, Orange "
"NMK-OSIO-5870","OSIO-5870","","OSIO","","OSIO 5870 Full Motion TV Bracket 32''-70''"
"OT-FS-20RC","OT-FS-20RC","","OTTO","","OTTO Pedestal Fan 20'' with Remote Control, Black"
"3G-RP-HJE201E-K-FOC","RP-HJE201E-K","846885009178","Panasonic","","Panasonic RP-HJE201E-K Stereo Earphones, Black"
"4P-KX-FA55A","KX-FA55A","5025232168347","Panasonic","","Panasonic KX-FA55A Ink Film 2-Roll Value Pack"
"4P-KX-T7603X-B","KX-T7603X-B","","Panasonic","","Panasonic KX-T7603X-B 12-Key DSS Console, Black"
"PAWES9837Y","PAWES9837Y","5019068144330","Panasonic","","Panasonic WES9837Y Men Shaver Outer Foil"
"TRA-400C24","400C24","8712079098902","Panda","","Panda TRA-400C24 24 Fine Quality Oil Pastel"
"92-BG3017/01","BG3017/01","8720689020510","Philips","","Philips Bodygroom Series 3000 Showerproof Groin and Body Trimmer, Close and Comfortable Shave, Complete Body Grooming, 50 Min. Runtime, Model BG3017/01"
"92-BG3485/15","BG3485/15","8720689027014","Philips","","Philips BG3485/15 Bodygroom Series 3000 Triple Protect Shave"
"92-BG5021/15","BG5021/15","8720689020589","Philips","","Philips BG501/15 Body Shaver Rech 60M Waterproof"
"92-BHS520/00-BF","BHS520/00-BF","8710103974147","Philips","","Philips BHS520/00 5000 Series Straightener"
"92-BHS677/00","BHS677/00","8710103769408","Philips","","Philips BHS677/00 StraightCare Subline Ends Hair Straightener with Keratin Infusion"
"92-CA6704/10","CA6704/10","8720389000423","Philips","","Philips CA6704/10 Coffee Oil Remover Tablets 6-Pack"
"92-CX5535/11","CX5535/11","8720389028618","Philips","","Philips CX5535/11 Ceramic Tower Heater 2100W App Contro"
"92-HC3525/15","HC3525/15","8710103970316","Philips","","Philips HC3525/15 Hair Clipper Series 3000 Cordless 13 Lengths"
"92-HC5630/15","HC5630/15","8710103897842","Philips","","Philips HC5630/15 Series 5000 Hair Clipper "
"92-HR2738/00","HR2738/00","8710103641315","Philips","","Philips HR2738/00 Daily Collection Citrus Press 25W, White"
"92-MG7940/15","MG7940/15","8720689021234","Philips","","Philips Series 7000 All-in-One Hair Trimmer - MG7940/15"
"92-MG7941/15","MG7941/15","8720689044950","Philips","","Philips MG7941/15 All in One Trimmer, 17 in 1 trimmer"
"92-PSG3000/20","PSG3000/20","8720389029479","Philips","","Philips PSG3000/20 3000 Series Steam Generator 6 Bar 350g Boost"
"92-QC5115/15","QC5115/15","8710103493808","Philips","","Philips QC5115 Hair Clipper, Multi Voltage (100-240V)"
"92-QP210/50","QP210/50","8710103787402","Philips","","Philips QP210/50 Single OneBlade Replacement Blade"
"92-QP220/55","QP220/55","8710103787426","Philips","","Philips OneBlade QP220/50 Replaceable Blade, 2-Piece"
"92-QP410/50","QP410/50","8710103997122","Philips","","Philips QP410/50 360 Shaving Blades"
"92-QP420/50","QP420/50","8710103997146","Philips","","Philips QP420/50 OneBlade Shaver Accessory 2-Pack Shaving Heads"
"MT-SPK7507B/00","SPK7507B/00","","Philips","","Philips 5000 Series SPK7507B Ergonomic Mouse, Black"
"PH-BT7240","","","Philips","Trimmer","Philips Series 7000 Beard Trimmer"
"PH-S5588","","","Philips","Shaver","Philips Shaver Series 5000"
"SCF358/00-PT","SCF358/00-PT","8710103923091","Philips","","Philips Avent SCF358/00 Fast Bottle Warmer Smart Temperature Control"
"92-SCF358/00-PT","SCF358/00-PT","8710103923091","Philips Avent","","Philips Avent SCF358/00 Fast Bottle Warmer Smart Temperature Control"
"3G-CD-R310","R310","","Pioneer","","Pioneer Remote Control"
"4B-CD-R320","CD-R320","5055413685356","Pioneer","","Pioneer CD-R320 Remote Control for Car CD Tuners, Black"
"4B-DEH-S320BT","DEH-S320BT","4988028433962","Pioneer","","Pioneer Car Stereo CD/USB/BT/1-DIN"
"4B-GM-D1004","GM-D1004","4988028265648","Pioneer","","Pioneer 4-Channel Amplifier With TVC 400W"
"4B-GM-D8704","GM-D8704","4988028421914","Pioneer","","Pioneer 4-Channel 1200W Class-FD Amplifier"
"4B-MVH-S120UB","MVH-S120UB","4988028434266","Pioneer","","Pioneer MVH-S120UB Single Din Car Radio, Black"
"4B-MVH-S120UBG","MVH-S120UBG","4988028434280","Pioneer","","Pioneer Car Stereo USB/Andoid - Green"
"4B-SE-C4BT-GR","SE-C4BT-GR","4573211154559","Pioneer","","Pioneer SE-C4BT-GR Put In Ear Headphone, Green"
"4B-SE-C7BT-B","SE-C7BT-B","4573243092126","Pioneer","","Pioneer SE-C7BT-B In-Ear Wireless Earphones, Black"
"4B-SE-C7BT-R","SE-C7BT-R","4573243092140","Pioneer","","Pioneer SE-C7BT-R In-Ear Wireless Earphones, Red"
"4B-SE-C7BT-W","SE-C7BT-W","4573243092133","Pioneer","","Pioneer SE-C7BT-W In-Ear Wireless Earphones, White"
"4B-SE-CH3T-B","SE-CH3T-B","4573243092218","Pioneer","","Pioneer SE-CH3T-B In Ear Headphone BL"
"4B-SE-CH3T-P","SE-CH3T-P","4573243092256","Pioneer","","Pioneer SE-CH3T-P In Ear Headphones Pink"
"4B-SE-CH3T-R","SE-CH3T-R","4573243092225","Pioneer","","Pioneer SE-CH3T-R In Ear headphones Red"
"4B-SE-CH3T-S","SE-CH3T-S","4573243092249","Pioneer","","Pioneer SE-CH3T-S In Ear Headphones Silver"
"4B-SE-CH5T-K","SE-CH5T-K","4573243091204","Pioneer","","Pioneer SE-CH5T-K In Ear Headphones, Black"
"4B-SE-CH5T-R","SE-CH5T-R","4573243091211","Pioneer","","Pioneer SE-CH5T-R In-Ear Stereo Headphones, Red"
"4B-SE-CH5T-S","SE-CH5T-S","4573243091235","Pioneer","","Pioneer Hi-Res In-Ear Ergonomic Tangle Resistant Headphones, Silver SE-CH5T(S)"
"4B-SE-CL501-G","SE-CL501-G","4988028195068","Pioneer","","Pioneer SE-CL501-G In-Ear Headphones, Green"
"4B-SE-CL501-W","SE-CL501-W","4988028195129","Pioneer","","Pioneer SE-CL501-W In-Ear Headphones, White"
"4B-SE-CL502-G","SE-CL502-G","4573243090443","Pioneer","","Pioneed SE-CL502-G In Ear Headphones, Green"
"4B-SE-CL502-K","SE-CL502-K","4573243090382","Pioneer","","Pioneer SE-CL502-K In-Ear Headphones, Black"
"4B-SE-CL502-M","SE-CL502-M","4573243090436","Pioneer","","Pionerr SE-CL502-M In Ear Headphones, Orange"
"4B-SE-CL502-R","SE-CL502-R","4573243090405","Pioneer","","Pioneer SE-CL502-R In-Ear Headphones, Red"
"4B-SE-CL502T-L","SE-CL502T-L","4573243090474","Pioneer","","Pioneer SE-CL502T-L In-Ear Headphones Inline Headset Blue"
"4B-SE-CL502T-P","SE-CL502T-P","","Pioneer","","Pioneer SE-CL502T-P In Ear Headphones with Microphone, Pink"
"4B-SE-CL712T-L","SE-CL712T-L","4573243090245","Pioneer","","Pioneer SE-CL712T-L Deep Bass Earphones, Blue"
"4B-SE-CL712T-P","SE-CL712T-P","4573243090252","Pioneer","","Pioneer SE-CL712T-P Deep Bass Earphones, Pink"
"4B-SE-CL712T-R","SE-CL712T-R","4573243090238","Pioneer","","Pioneer SE-CL712T-R Deep Bass Earphones, Red"
"4B-SE-CL712T-W","SE-CL712T-W","4573243090221","Pioneer","","Pioneer SE-CL712T-W Deep Bass Earphones, White"
"4B-SE-CL722T-L","SE-CL722T-L","4573243090689","Pioneer","","Pioneer SE-CL722T-L In-Ear Stereo Headphones, Blue"
"4B-SE-E5T-H","SE-E5T-H","4573243091822","Pioneer","","Pioneer SE-E5T-H In Ear Headphone Grey"
"4B-SE-E5T-R","SE-E5T-R","4573243091839","Pioneer","","Pioneer SE-E5T-R In-Ear Clip Sport Headphones, Red"
"4B-SE-E7BT-R","SE-E7BT-R","4573243091808","Pioneer","","Pioneer SE-E7BT-R In Ear BT Headphones Red"
"4B-SE-E7BT-Y","SE-E7BT-Y","4573243091785","Pioneer","","Pioneer SE-E7BT-Y In Ear BT Headphones Yellow"
"4B-SE-QL2T-G","SE-QL2T-G","4573243092324","Pioneer","","Pioneer SE-QL2T-G In Ear Headphones, Gold"
"4B-SPH-EVO950DAB-UNI","SPH-EVO950DAB-UNI","4988028020254","Pioneer","","Pioneer Car 9"" Multimedia Receiver/Modular"
"4B-TS-A6991F","TS-A6991F","884938509565","Pioneer","","Pioneer Speakers 6""x99"" 5-Way Coaxial 700W"
"4B-TS-D69F","TS-D69F","884938374484","Pioneer","","Pioneer Speakers 6""x9"" 2-Way Coaxial 330W"
"4B-TS-G1720F","TS-G1720F","884938373487","Pioneer","","Pioneer TS-G1720F 17cm 2-Way Coaxial Speakers, 300W, Black"
"3G-POLC3HM","POLC3HM","840102105162","Polaroid","","Polaroid Helmet Mount for the Polaroid CUBE HD Action Lifestyle Camera – Universal Fit for All Helmet Models"
"LAG-4090001819","4090001819","4053533182701","Porsche Design","","Porsche Design Roaster 3.0 Briefcase"
"LAG-4090002188","4090002188","4053533315024","Porsche Design","","Porsche Design Card Holder H8"
"LAG-OBE09902.001","OBE09902.001","4056487001005","Porsche Design","","Porsche Design Classic Wallet 4 Wide, Black"
"LAG-OBE09903.001","OBE09903.001","4056487000992","Porsche Design","Wallet","Porsche OBE09903.001 Desing Classic Wallet 4"
"LAG-ONY01500.001","ONY01500.001","4056487000596","Porsche Design","","Porsche Design Roaster Briefcase S"
"LAG-ORI05501.001","ORI05501.001","4056487000220","Porsche Design","","Porsche Design Roadster Expandable Bag- 21"""
"LAG-P3631.03","P3631.03","4046901404246","Porsche Design","","Porsche Design Lighter P3631 Double jet with Cutter, Silver"
"47-PC8338B","PC8338B","","Power Connections","","PowerConnections EU to UK Plug Converter 5A, Black"
"RE-AC5999","AC5999","4008496794751","Remington","","Remington AC5999 Hair Dryer Pro-Air AC"
"RE-AC8820","AC8820","4008496938353","Remington","","Remington AC8820 Keratin Protect Ionic Hair Dryer"
"RE-AC8901","AC8901","5038061109825","Remington","","Remington AC8901 Hydraluxe Hair Dryer"
"RE-AS5901","AS5901","5038061138290","Remington","","Remington AS5901 Airstyler Coconut infused Smooth Ceramic Barrels"
"RE-AS7500","AS7500","5038061142297","Remington","","Remington AS7500 Blow Dry&Style 1000w"
"RE-AS8810","AS8810","4008496938384","Remington","","Remington AS8810 Keratin Protect Rotating Airstyler"
"RE-BB1000","BB1000","4008496870851","Remington","","Remington BB1000 Reveal Wet & Dry Rotating Exfoliating Body Brush"
"RE-BHT250","BHT250","4008496823451","Remington","","Remington BHT250 Hair Trimmer Body & Delicates"
"RE-BHT6256","BHT6256","4008496870851","Remington","","Remington BHT6256 Wetech Body Hair Trimmer"
"RE-CI1019","CI1019","4008496825400","Remington","","Remington CI1019 Hair Styler Ceramic Tong"
"RE-CI5318","CI5318","4008496938698","Remington","","Remington CI5318 Keratin Protect Tong"
"RE-CI5519","CI5519","4008496725403","Remington","","Remington CI5519 Pro Ceramic Hair Curling Iron"
"RE-CI5538","CI5538","4008496975754","Remington","","Remington CI5338 Pro Ceramic Big Hair Curling Iron"
"RE-CI91AW","CI91AW","5038061110043","Remington","","Remington CI91AW PROluxe 4-in 1 Hair Waver"
"RE-D3190","","","Remington","Hair Dryer","Remington D3190 Hair Dryer"
"RE-D5215","D5215","4008496791057","Remington","","Remington D5215 Pro‑Air Shine Hair Dryer – 2300 W Ionic, Cool‑Shot"
"RE-D5220","D5220","4008496790968","Remington","","Remington D5220 Pro-Air Turbo Hair Dryer – 2400 W, Ionic, Turbo"
"RE-D5706","D5706","5038061100587","Remington","","Remington D5706 Curl&Sraight Confidence Dryer"
"RE-D5901","D5901","5038061112795","Remington","","Remignton D5901 Coconut Smooth Hair Dryer"
"RE-D6098","D6098","5038061134339","Remington","","Remington Éclat Brillance D6098 Hair Dryer – 2200 W Ionic, 3 Heat / 2 Speed"
"RE-EP7035","EP7035","4008496877713","Remington","","Remington EP7035 Cordless Epilator 7-in-1"
"RE-EP7300","EP7300","4008496985746","Remington","","Remington EP7300 3-in-1 Smooth Silky Epilator"
"RE-F2002","F2002","5038061152012","Remington","","Remington F2 Style Series Foil Sshaver"
"RE-F3000","F3000","4008496984749","Remington","","Remington F3000 Style Series F3 Men's Electric Shaver - Grey/Blue"
"RE-HC5020","HC5020","5038061139082","Remington","","Remington HC5020 Apprentice Hair Clipper, Blue Black"
"RE-HC5038","HC5038","5038061103106","Remington","","Remington HC5038 ColourCut Hair Clipper Manchester United Edition"
"RE-HC5150","HC5150","4008496652341","Remington","","Remington HC5150 Hair Clipper Pro Power Alpha"
"RE-HC5200","HC5200","4008496789931","Remington","","Remington HC5200 Hair Clipper Pro Power"
"RE-MB070","MB070","4008496970162","Remington","","Remington MB070 Beard Cutter Durablade Pro Shave with Detail Trimmer for Wet & Dry Use, Orange"
"RE-MB3000","MB3000","5038061105728","Remington","","Remington B3 Style Series Mens Beard and Stubble Trimmer - Battery Opperated with Precision Zoom Wheel (0.4-18 mm) - MB3000"
"RE-MB320C","MB320C","4008496590087","Remington","","Remington MB320C Beard Trimmer Barba"
"RE-MB4120","MB4120","4008496870295","Remington","","Remington MB4120 Beard Boss Beard and Stubble Trimmer"
"RE-MB4122","MB4122","4008496873050","Remington","","Remington MB4122 Beard Boss Beard & Nose Trimmer Limited Edition Gift Set"
"RE-MB4128","MB4128","5038061102840","Remington","","Remington MB4128 Manchester United Edition Men's Beard Trimmer"
"RE-MB4700","MB4700","4008496942060","Remington","","Remington MB4700 Touch Tech Beard Trimmer"
"RE-MB5000","MB5000","5038061105773","Remington","","Remington MB5000 B5 Style Series Cordless Beard and Stubble Trimmer for Men with Adjustable Zoom Wheel and Titanium Coated Blades - MB5000"
"RE-MB7000","MB7000","5038061107289","Remington","","Remington MB7000 T-Series  Ultimate Cordless Trimmer - Black"
"RE-NE3150","NE3150","4008496651351","Remington","","Remington NE3150 Linear, Nose & Ear Hair Clipper"
"RE-NE3870","NE3870","4008496881963","Remington","","Remington NE3870 Nose & Detail Trimmer"
"RE-PG180","PG180","4008496725762","Remington","","Remington PG180 Personal Groomer"
"RE-PG2000","PG2000","5038061102321","Remington","","Remington Graphite G2 Multi-Grooming Kit, Electric Body, Detail and Beard Trimmer, PG2000"
"RE-PG4000","PG4000","5038061100907","Remington","","Remington Graphite G4 Cordless Trimmer, All-in-One Beard, Body and Stubble Trimmer with Mini Electric Shaver Attachment, PG4000"
"RE-PG5000","PG5000","5038061100921","Remington","","Remington PG5000 Graphite Series G5 Rechargeable Grooming Set"
"RE-PG6030","PG6030","4008496725434","Remington","","Remington PG6030 Personal Groomer All-In-One Kit"
"RE-PG6130","PG6130","4008496867493","Remington","","Remington PG6130 Personal Groomer All-In-One Kit"
"RE-PG760","PG760","5038061151961","Remington","","Remignton PG760 One Head & Body Multigroomer"
"RE-PG780","PG780","5038061146462","Remington","","Remington PG780 ONE Total Body Multi-groomer"
"RE-PR1350","PR1350","4008496877058","Remington","","Remington PR1350 Power Series Aqua Plus Rotary Shaver, Black"
"RE-S3580","S3580","4008496975563","Remington","","Remington S3580 Ceramic Crimp for Hair, Black"
"RE-S3700","S3700","4008496975815","Remington","","Remington S3700 Straightening iron Black S3700, Straightening iron, All hair, 150 °C, 230 °C, Black, 60 min"
"RE-S5505","S5505","4008496817399","Remington","","Remington S5505 Hair Straightener Pro-Ceramic Ultra"
"RE-S5525","S5525","4008496817344","Remington","","Remington S5525 Hair Straightener Pro-Ceramic Extra"
"RE-S6308","S6308","5038061134308","Remington","","Remington S6308 Lisseur Eclat Brillance"
"RE-S6505","S6505","4008496818259","Remington","","Remington S6505 Hair Straightener Pro-Sleek & Curl"
"RE-S7300","S7300","4008496870592","Remington","","Remington S7300 Wet 2 Straight Ceramic Straightener with Frizz Resist Micro Conditioners"
"RE-S7350","S7350","4008496985654","Remington","","Remington S7350 Wet2Straight Wide Plate Hair Straightener"
"RE-S8540","S8540","4008496938438","Remington","","Remington S8540 Keratin Protect Straightener"
"RE-S8550","S8550","4008496985623","Remington","","Remington S8550 Shine Therapy Wide Plate Ceramic Hair Straightener with Argan Oil"
"RE-S8590","S8590","4008496759149","Remington","","Remington S8590 Keratin Therapy Pro Hair Straightener"
"RE-S8598","S8598","4008496938322","Remington","","Remington S8598 Keratin Smart Pro Straightener, Grey"
"RE-S8670","S8670","4008496623877","Remington","","Remington S8670 Multistyle Interchangeable Styler, Black"
"RE-S9001","S9001","5038061110487","Remington","","Remington S9001 Hydraluxe Pro Hair Straightener"
"RE-WSF4810","WSF4810","4008496970551","Remington","","Remington WSF4810 Smooth & Silky Compact Lady Shaver"
"RE-WSF5060","WSF5060","4008496975532","Remington","","Remington WSF5060 Wet and Dry Women's Bikini Shaver"
"AMZ-DE-B0DYTVVLH4","","","Revodok","","Revodok Pro 314 Docking Station"
"HADJ-DG8622","DG8622","3121040071342","Rowenta","","Rowenta DG8622 Steam Generator Perfect Steam Pro 2400W 6.9 bar"
"HADJ-DG9246","DG9246","3121040070451","Rowenta","","Rowenta DG9246 Silence Steam Pro – 2800W 8-Bar High Pressure Steam Generator Iron"
"HADJ-SF411L","SF411L","3121040085226","Rowenta","","Rowenta SF411L Extra Liss Keratin & Tourmaline Coated"
"HADJ-TN5224","TN5224","3121040092910","Rowenta","","Rowenta TN5224 Advance Trimmer for Hair and Beard"
"RH-22760","22760","4008496853052","Russell Hobbs","","Russell Hobbs 22760 Classics Citrus Press"
"RH-23120","23120","4008496855896","Russell Hobbs","","Russell Hobbs 23120 Coffee Grinder 140w"
"RH-23180","23180","4008496892402","Russell Hobbs","","Russell Hobbs 23180 Nutriboost Blender"
"RH-23912","23912","4008496970865","Russell Hobbs","","Russell Hobbs 23912 Adventure Kettle"
"RH-24371","24371","4008496972586","Russell Hobbs","","Russell Hobbs 24371 Inspire Toaster Black"
"RH-25630","25630","5038061101331","Russell Hobbs","","Russell Hobbs 25630 Sous Vide and Slow Cooker - Black, 6.5L"
"RH-26380","26380","5038061143430","Russell Hobbs","","Russell Hobbs 26380 Groove Kettle, Black"
"RH-26470","26470","5038061137804","Russell Hobbs","","Russell Hobbs 26470 Light & Easy Iron"
"RH-27030","27030","5038061106947","Russell Hobbs","","Russell Hobbs 27030 Medium Rice Cooker/Steamer"
"RH-28080","28080","5038061113174","Russell Hobbs","","Russell Hobbs 28080 Structure Kettle White"
"IT49693","BES875BSS","9312432030144","Sage","","Sage BES875UK The Barista Express, Stainless Steel"
"IT49699","BCG820BSSUK","9312432022958","Sage","","Sage BCG820BSSUK the Smart Grinder Pro Coffee Grinder, Silver"
"IT51012","BES006UK","9312432030007","Sage","","Sage BES006UK The Steam Wand Cleaner The Steam Wand Cleaner"
"IT51013","BES007UK","9312432030014","Sage","","Sage BES007UK Descaler for Espresso Coffee Machine and Kettles (4 x 25g)"
"IT51014","BES008","9312432028165","Sage","","Sage BES008 ClaroSwiss Water Filter, White"
"IT51015","BEC250UK","9312432024457","Sage","","Sage BEC250UK Espresso Cleaning Tablets (8), White"
"IT59921","SES876BSS4GUK1","9355973097924","Sage","","SAGE SES876BSS4GUK1 Barista Express Impress Espresso Machine, Silver"
"IT61601","SES058NEU0NEU1","9312432019965","Sage","","Breville BES058NP 58mm Naked Portafilter, One Size, Silver"
"IT69612","SES985BSS4GUK1","9355973120042","Sage","","Sage SES985 Oracle Jet Bean to Cup Coffee Machine, Stainless Steel"
"IT72705","SCC202NEU0ZEU1","9355973135800","Sage","","The Sage Organic Cleaner 12P"
"IT72712","SES876BTR4GUK1","","Sage","","SAGE SES876BTR4GUK1 Barista Express Semi-Automatic Espresso Machine"
"IT34852","EF-FA300BWEGWW","8806086513548","Samsung","","Samsung Galaxy A3 Flip Cover, White"
"IT72372","","","Samsung","","SAMSUNG SM-X135 Galaxy Tab A11 LTE Tablet 64GB, Gray"
"IT74236","TE0UCH20W","","SBS","","SBS TE0UCH20W Freeway Phone Holder for Car"
"TRA-23111","23111","4012380051776","Schmincke","","Schmincke 23111 Akademie Acrylic Paint 60 ml 111 Titanium White"
"TRA-23224","23224","4012380080004","Schmincke","","Schmincke - AKADEMIE® 23224 Acryl color, primary yellow in 60 ml tube"
"TRA-41102","41102","4012380084606","Schmincke","","Schmincke Akademie – Oil Paint – 60 ml – Titanium White"
"TRA-41202","41202","4012380084651","Schmincke","","Schmincke Flesh Tint 60ml Tube"
"TRA-74424","74424","4012380033697","Schmincke","","Schmincke 74424097 HORADAM AQUARELL Color Box with 24 Finest Watercolors, Black Metal Box"
"TRA-75424","75424","4012380052964","Schmincke","","Schmincke - AKADEMIE®AQUARELL Watercolor Box, Full Assortment 24 x 1/2 Pans, 75 424 097, Metal Box, Highly lightfast Colors, fine Artists' Watercolors"
"TRA-75825","75825","4012380264008","Schmincke","","Akademie Aquarell 75825 12x1/2 PANS Schmincke"
"TRA-77215","77215","4012380190703","Schmincke","","Schmincke - Pastels, 15 colours, multi-purpose, basic assortment 77 215 097, cardboard set with 15 pastels, handmade pastels, brilliant, velvet-matt, highly lightfast colours"
"PAN-SHRBPRO","SHRBPRO","652988003247","Shadow","","Shadow SHRBPRO Acoustic Pickup Double bass"
"PAP-5527","5527","5018389015527","SO...","","SO...? Candy Floss 100ml"
"EL-LCS-CSVA-W","LCS-CSVA-W","","Sony","","Sony"
"PAN-SPM435TR","SPM435TR","5414428262684","Stagg","","Stagg SPM-435 4-Driver In Ear Monitors, Translucent"
"90-65P61K","65P61K","","TCL","","TCL 65'' Smart Google Tv UHD 4K HDR+"
"90-75P7K","75P7K","","TCL","","TCL QLED 75P7K 75"" Google TV 4K"
"IT68398","AX12 AX1500","","TP-LINK","","TP-LINK ARCHER AX12 AX1500 Wi-Fi 6 Wireless Dual Band Gigabit Router"
"MT-TL-SG108S-M2","TL-SG108S-M2","","TP-LINK","","TP-LINK TL-SG108S-M2 8 Port 2.5G Multi-Gigabit Desktop Switch"
"LAG-258239502","258239502","4018157112091","Triangle","","Triangle Stainless Steel Pepper Corer with Non-Slip Handle – Ideal for Removing Cores, Seeds, and Pith from Peppers and Chillies"
"IT62887","CG7115","8422160053306","Ufesa","","Ufesa CG7115 Capriccio 6 Delux Drip Coffee Maker"
"IT62911","GS1700","8422160046322","Ufesa","","Ufesa GS1700 Vertical Garment Steamer, 1700W Power & Compact Design"
"IT64904","SV1200","","Ufesa","","Ufesa SV1200, 2-in-1 Cloth Dryer & Iron"
"IT70610","AR4080","","Ufesa","","UFESA AR4080 Rice Cooker, Black"
"IT70613","TITANIUM 3100","8422160080098","Ufesa","","Ufesa TITANIUM 3100 Steam Iron, Grey "
"IT74502","EASY PRESS","8422160061349","Ufesa","","Ufesa EASY PRESS Hand Steamer, Blue "
"IT74504","SPLASH","8422160061066","Ufesa","IRON BOARD","Ufesa SPLASH Ironing Board."
"ATH-FOUKOU-BIG-SET+ATH-FOUKOU-MOTOR","N/A","","Unbranded","","Cyprus BBQ Charcoal Rotisserie FOUKOU Grill Traditional Barbecue Set with Motor - Big"
"ATH-FOUKOU-MOTOR","GT-002BC","47151529","Unbranded","","Grill Motor for Cypriot Charcoal BBQ Grill Foukou Battery Operated"
"ATH-FOUKOU-SMALL-SET+ATH-FOUKOU-MOTOR","N/A","","Unbranded","","Cyprus BBQ Charcoal Rotisserie FOUKOU Grill Traditional Barbecue Set with Motor - Small"
"ATH-FOUKOU-SMALL-SET-SOUVLA+ATH-FOUKOU-MOTOR","N/A","","Unbranded","","Cyprus BBQ Charcoal Rotisserie FOUKOU Grill Traditional Barbecue Set with Souvla & Motor - Small"
"ATH-SKEWERS-11PACK","","","Unbranded","","Skewer - Souvlaki Kebab Skewers w\ Wooden Handles for the bLUE Cypriot BBQ - 11 Pack"
"LLD-WH-6800-R","WH-6800-R","","Unbranded","","Shimano WH-6800-R Complete Freewheel Body"
"LAG-0.1897.J22","0.1897.J22","7611160219305","Victorinox","","Victorinox 1897 Replica Limited Edition Army Knife"
"LAG-0.2303","0.2303","7611160009777","Victorinox","","Victorinox Swiss Army Knife Bantam - 84mm"
"LAG-0.8271.26","0.8271.26","7611160126801","Victorinox","Pocket Knive","Victorinox Farmer X Alox, 93mm, silver Pocket Knife"
"LAG-0.8461.MWC941","0.8461.MWC941","7611160056221","Victorinox","","Victorinox Swiss Army Knife, 111mm, Trailmaster Desert Camouflage"
"LAG-0.8503.2MW","0.8503.2MW","7611160061447","Victorinox","","Victorinox Swiss Army Knife 111mm Skipper Pro"
"LAG-0.9415.L24","0.9415.L24","7611160249074","Victorinox","","Victorinox Swiss Army Knife Alox Limited Edition 2024, Terra Brown"
"LAG-1.4713","1.4713","7611160100450","Victorinox","","Victorinox Swiss Army Knife - 91mm - Fieldmaster"
"LAG-241682.1","241682.1","7630000718075","Victorinox","","Victorinox - Watch - 241682.1"
"LAG-241758","241758","7630000725226","Victorinox","","Victorinox I.N.O.X Titanium Grey Dial Watch, Orange Rubber Strap"
"LAG-30164101","30164101","674204035528","Victorinox","","Victorinox Altius 3.0 Grenoble Leather Vertical Bi-Fold Wallet"
"LAG-4.0505.L","4.0505.L","7611160056382","Victorinox","","Victorinox Lether Belt Pouch"
"LAG-4.0520.1","4.0520.1","7611160400840","Victorinox","","Synthetic Leather Pouch, Red"
"LAG-4.0547","4.0547","7611160405319","Victorinox","","Victorinox Nylon Belt Pouch 35mm Height 125mm Lenght"
"LAG-4.0547.3","4.0547.3","7611160405319","Victorinox","","Victorinox Nylon Belt Pouch 35mm Height 125mm Lenght"
"LAG-4.0548","4.0548","7611160004260","Victorinox","","Victorinox Pouch Brown Leather 40 Height - 130 Lenght mm"
"LAG-4.0548.3","4.0548.3","7611160405326","Victorinox","","Victorinox Belt Pouch Nylon 124mm Black"
"LAG-4.0822.4","4.0822.4","7611160018724","Victorinox","","Victorinox Nylon Belt Pouch - H32mm L121mm"
"LAG-4.0838.4","4.0838.4","7611160063991","Victorinox","","Victorinox Nylon Belt Pouch, Olive"
"LAG-4.1814","4.1814","7611160401670","Victorinox","","Victorniox Metal Chain, 2 Snap Hooks, 38 Cm"
"LAG-4.1815","4.1815","7611160401687","Victorinox","","Victorinox Metal Chain, 2 Snap Hooks, 40 Cm"
"LAG-4.1879","4.1879","7611160415639","Victorinox","","Victorinox Neck Strap With Sap-Hook"
"LAG-4.3302","4.3302","7611160060723","Victorinox","","Victorinox Multi-Tool Oil, 10 ml"
"LAG-5.0203","5.0203","7611160500069","Victorinox","","Victorinox 5.0203 Potato Peeler"
"LAG-5.1553","5.1553","7612446504894","Victorinox","","Victorinox Swiss Classic Table Spoon, Black"
"LAG-5.2033.22","5.2033.22","7611160501479","Victorinox","","Fibrox Carving Knife 22cm Wavy Edge"
"LAG-5.5103.10","5.5103.10","7611160502704","Victorinox","","Victorinox Fibrox Rabbit Knife 10cm"
"LAG-602151","602151","7613329045374","Victorinox","","Victorinox Altmont Professional Compact Laptop Backpack, Black"
"LAG-602153","602153","7613329045169","Victorinox","Backpack","Victorinox Altmont Professional Fliptop Laptop Backpack, Black"
"LAG-602840","602840","7613329049778","Victorinox","","Victorinox Architecture Urban Lomard Bad"
"LAG-605337","605337","7613329059630","Victorinox","","Victorinox Altius Edge Wallet Gardano Dark Earth"
"LAG-605590","605590","7613329061008","Victorinox","","Victoriox Werks Traveler 6.0 Toiletry Kit, Black"
"LAG-6.0900.21","6.0900.21","7613329166994","Victorinox","","Victorinox Rex Peeler Aluminium Blueberry"
"LAG-610604","610604","7613329088135","Victorinox","","Victorinox 610604 Travel Accessories 5.0 Deluxe Concealed Security Pouch RFID Protection Bag Unisex – Adult, Nude, Taglia unica, Bag"
"LAG-611414","611414","7611160140920","Victorinox","","Victorinox Vx Sport EVO, Compact Backpack Scarlet Sage/Red"
"LAG-611418","611418","7611160140968","Victorinox","","Victorinox Vx Sport EVO, Deluxe Backpack, Deep Lake Blue"
"LAG-611419","611419","7611160140975","Victorinox","","Victorinox Vx Sport EVO, Deluxe Backpack, Black"
"LAG-6.7113.31","6.7113.31","7611160056498","Victorinox","","Victorinox 6.7113.31 Swiss Classic Paring Knife Set with Peeler, Black (3 Pieces)"
"LAG-6.8633.26B","6.8633.26B","7611160051288","Victorinox","","Victorinox Swiss Classic Pastry Knife Wavy 26 Cm"
"LAG-7.6079.9","7.6079.9","7611160048301","Victorinox","","Victorinox Tomato and Kiwi Peeler Orange"
"LAG-7.8714","7.8714","7611160019745","Victorinox","","Victorinox Knife Sharpener Small"
"LAG-8.1671.09","8.1671.09","7611160804495","Victorinox","","Victorinox 8.1671.09 Nail Scissors"
"LAG-8.1681.09","8.1681.09","7611160804686","Victorinox","","Victorinox 8.1681.09 Nail Scissors Satin Stainless 9cm"
"NMK-3615-1016","3615-1016","43917006888","Wahl","","Wahl 3615-1016 Cordless Beard Shaver, Black"
"NMK-79111-516","79111-516","4317000589","Wahl","","Wahl 79111-516 Baldfader Corded Hair Clipper, Black"
"NMK-9649-916","9649-916","","Wahl","","Wahl 9649-916 Color Pro Cordless Rechargeable Hair Clipper & Trimmer – Easy Color-Coded Guide Combs"
"NMK-9698-1016","9698-1016","43917002484","Wahl","","Wahl 9698-1016 Cable/Wireless LED Hair Cutting Set"
"9W-FFB8469BVEE","FFB8469BVEE","","Whirlpool","","Whirlpool FFB8469BVEE 8kg Washing Machine 1400rpm, White"
"IT69166","WMO2075LABK.UK","","Wilson","","WILSON WMO2075LABK.UK Microwave 20 Litres, Black"
"IT71960","WDW1249N5.UK","","Wilson","","Wilson WDW1249N5.UK Dishwasher 60cm, Black"
"IT72786","WWDFSR35B.UK","3700519332964","Wilson","","Wilson WWDFSR35B.UK Water Dispenser Floor With Fridge Cabinet, Black/White"
"HADJ-WB406120","WB406120","3221613010607","Wonderbag","","Wonderbag WB406120 Pack of 5 Classic Dustbags"
"HADJ-WB415120","WB415120","3221613010904","Wonderbag","","Wonderbag WB415120 Universal Vacuum Cleaner Bag Mint Aroma"
"HADJ-WB484720","WB484720","3221613011208","Wonderbag","","Wonderbag WB484720 Universal Vacuum Cleaner Bag Allergy Care"
"HADJ-WOO-MDK13","WOO-MDK13","","Wood's","","Wood's MDK13 Dehumidifier 12L, White"
"HADJ-WOO-MRD25GW","MRD25GW","7332857502264","Wood's","","Woods MRD25GW Dehumidifier (25L) Wi-Fi"
"HADJ-WOO-WDD80","WOO-WDD80","","Wood's","","Wood's WDD80 Dehumidifier - 10L"
"PAP-154884","154884","5011309028515","Zoflora","","Zoflora Concentrated Disinfectant Linen Fresh 500ml"
"PAP-171597","171597","5011309028119","Zoflora","","Zoflora Concentrated Disinfectant Fresh Home Mountain Air Fragrance 500ml"
"PAP-184237","184237","5011309029116","Zoflora","","Zoflora Concentrated Disinfectant Lemon Zing 500ml"
"01-C17WR00G0","","","","","Neff C17WR00G0 Built-in Microwave Oven"
"02-EWTGB3583-21","","","","","Liebherr EWTgb 3583 Vinidor Built-in Multi-temperature Wine Cabinet"
"12-DVC1434J2","","","","","DeDietrich DVC1434J2 Fully Integrated Dishwasher"
"16-PRF0146232A","","","","","Elica Skydome Ceiling Kitchen Hood H30 A/100"
"3G-088-015-04-001/0","","","","","Fissler 088-015-04-001/0 Profession Magnetic Knife Block 5-piece Set"
"3M-JL1645T-Z-IOT-WH","","","","","Midea JL1645T-Z-IOT Water Fridge/Purifier Wi-Fi, White"
"3W-WMZ-612A25","","","","","Westpoint Front Loading Washing Machine 1200RPM, White"
"47-6713DE","","","","","Babyliss 6713DE AC 2100W Hair Dryer, Black"
"47-DNE302HW","","","","","Domotec DNE302HW Frappe Mixer 100W, White"
"47-SCP13B","","","","","PowerConnections Europe to UK Mains 13A Connector Converter"
"90-65P6K","","","","","TCL 65P6K TV, 4K HDR TV, Smart TV"
"90-65P7K","","","","","TCL 65P7K 65"" 4K UHD QLED HDR TV"
"97-0RA7F2500","0RA7F2500","","","","Trevi RA 7F25 BT Radio Solar Portable Bluetooth, Black"
"A4-Folder-Hard-BLK","","","","","A4 Folder Hardcover, Black"
"A4-Folder-Hard-YEL","","","","","A4 Folder Hardcover, Yellow"
"AMZ-DE-B00BXQTEMK","","","","","Severin BA3211 Dry Iron 1200W, White"
"AMZ-DE-B07CGPZ3ZQ","","","","","Logitech G305 Lightspeed Wireless Gaming Mouse, Black"
"AMZ-DE-B07F6BLKVT","","","","","ISOTRONIC® Ultrasonic Cat & Dog Repellent, Battery Operated Waterproof High Frequency Cat and Dog Scarer for Garden, Car & Garage"
"AMZ-DE-B07KB4WBPC","","","","","Ferlabel 8 Character Labeling Machine + 4 Rolls of 1,500 Labels Per Roll (26 x 12 Size)"
"AMZ-DE-B07YD1YPRT","","","","","Yealink Speakerphone USB & Bluetooth Portable with 6 Microphone 360° Voice Pickup CP900"
"AMZ-DE-B09KNQL782","","","","","Campingaz Camp Bistro Stove, 1 Burner, Camping Stove, 2200W, Compact Outdoor Cooker with Carry Case"
"AMZ-DE-B09QCC3LBV","","","","","Survival Kit, 54-in-1 First Aid Set, for Car, Outdoors, Home, Power Outage, Emergency Gear"
"AMZ-DE-B09TFJJY3W","","","","","CASCHO Bluetooth Sports Headphones, Wireless Bluetooth 5.3, 60 Hours Wireless Headphones with Deep Bass, In-Ear Headphones with 4 ENC Clear Mic, IPX7 Waterproof Earphones with Ear Hooks, Black"
"AMZ-DE-B0C84PMXQ9","","","","","j5create JVU368 ​​AI-Powered 360 Meeting Webcam with Hands-Free Calling, Smart Tracking, Auto Framing, 1080P HD Video Conference Camera, Comes with Remote Control"
"AMZ-DE-B0CC98XC28","","","","","Baby Monitor, HB6550 with Camera and Night Vision, 5''Display with 30-Hour Battery, Pan-Tilt-Zoom Video Baby Monitor No WiFi, 2-Way Talk, Temperature, 8 Lullabies and 1000ft Range"
"AMZ-DE-B0CCNQP9F2","","","","","CIRYCASE Laptop Stand, Aluminium Notebook Stand, Compatible with MacBook Air Pro, Dell, HP 10-16"" Laptops"
"AMZ-DE-B0CR5JQP6S","","","","","LeadsaiL Wireless Keyboard and Mouse Set, 2.4GHz USB Computer Keyboards and Mouse Combo, Full Size UK QWERTY Layout, Ergonomic Design with 12 Multimedia Shortcuts for HP/Lenovo Laptop and Mac, Black"
"AMZ-DE-B0CYBX9BTM","","","","","CalltoU Emergency Call Button for Elderly, Wireless Doorbell 500 Feet Open, Home Security Alarm for Seniors (2 Transmitters 2 Receivers)"
"AMZ-DE-B0D3KMYM1X","","","","","Voltage Converter 230V to 110V, Step Down Transformer Voltage Converter 220V to 110V, 3000W"
"AMZ-DE-B0D5CSR6B1","","","","","Backpack 60L Military Army Backpack, Large Survival Daypack for Men and Women, Removable Outdoor Bag"
"AMZ-DE-B0DJ9SYLMJ","","","","","Spigen for Galaxy S25 Ultra Case, Tough Armor MagFit [Kickstand] [Compatible with MagSafe] [Military-Grade Protection] - Black"
"AMZ-DE-B0DLBW9RMT","","","","","Samsung LS27DG702EUXDU Odyssey G7 G70D PC Monitor 27"" 4K UHD IPS LED, Black"
"AMZ-DE-B0DMDZBSR1","","","","","Bevigor 4 x AA and 4 x AAA NiMH Batteries Charger Quick Charger Battery Charger Kit"
"AMZ-DE-B0F7XLK7L1","","","","","Magicteam Sleep Sound Machine with 40 Natural Soothing Sounds and Memory Function, 32 Volume Levels, AC or USB Powered and Sleep Timer, Noise Therapy for Babies and Children and Adults (White-B)"
"AMZ-DE-B0FJ8ZVCVW","","","","","Ninja NC502EU CREAMi Deluxe Ice and Ice Drink Machine with 2 Cups, 10 Functions, Makes Ice Cream, Gelato, Sorbet, Frozen Yoghurt, Milkshakes, Slushi & More, 2-in-1 Flavour Option, Silver"
"AMZ-DE-B0FLK45SF7","","","","","Dyson HS08 AirWrap Multi-Styler and Straightener (Rose Gold)"
"AMZ-DE-B0FQQVSL7F","","","","","Hydraulic PTO Pump 7.4 GPM, Hydraulic Motor 540 RPM 2500 PSI, Hydraulic PTO Pump SAE 16"" Inlet and SAE 12"" Outlet"
"AMZ-DE-B0FSDPR9MD","","","","","OnePlus 15 Smartphone with Tri-Chip AI, Snapdragon 8 Elite Gen5, 6.78 Inch 165Hz Display, 7300 mAh Battery, Triple 50MP Camera, 16GB RAM + 512GB Memory, Infinite Black"
"Antibacterial-Surface-Cleaner-750ml","","","","","Antibacterial Surface Cleaner 750ml"
"ATH-A4-PAPER","","","","","A4 Brilliant Printing Paper x500"
"ATH-ALCOHOL-1LT","","","","","Alcohol Spray 1lt"
"ATH-BAMBOO-SKEWERS-25CM","","","","","Bamboo Skewers 25cm x200"
"ATH-BORBONE-CLASSIC-COFFEE-BEANS-1KG","BORBONE-CLASSIC-COFFEE-BEANS-1KG","","","","Borbone Crema Classica 1000g Coffee Beans - Aromatico"
"ATH-DK-TOTAL-ACTION-400ML","","","","","Insecticide Odorless 400ml"
"ATH-DUST-SHOVEL","","","","","Dust Shovel"
"ATH-DUST-SHOVEL-HANDLE","","","","","Dust Shovel with Handle"
"ATH-ECO-TAYG-WASTE-BIN-100L","","","","","Outdoor Waste Bin 100L, Black"
"ATH-FOUKOU-BIG-SET","N/A","5290436217546","","","Cyprus BBQ Charcoal Rotisserie FOUKOU Grill Traditional Barbecue Set - Big"
"ATH-GLOVES-100PCS","","","","","Gloves Assortment 100pcs"
"ATH-HYGIENE-CAPS","","","","","Hygiene Caps x100"
"ATH-MICROFIBER-CLOTHES-4PCS","","","","","Microfiber Cloths x4"
"ATH-MICROFIBER-CLOTH-MYREON","","","","","Myreon Microfiber Cloth"
"ATH-PLUG-13A-WHITE","","","","","Plug UK 13A Fused Durable, White"
"ATH-SPONGES-PACK","","","","","Sponges Pack"
"ATH-THAL-CLING-FILM","","","","","Cling Film 250m x 45cm"
"ATH-TOILET-BRUSH","","","","","Toilet Brush"
"ATP-BOSCH-00312453","","","","","Bosch 00312453 Descaling Tablets 6 pcs"
"ATP-EPLB144XL","","","","","DMP EPLB144XL TV Wall Bracket 42-85''"
"ATP-GAS-HOSE-50M","","","","","Gas Hose 8mm Durable 40m"
"ATP-SRG-GAS-REGULATOR","","","","","SRG Gas Regulator"
"ATP-SVG-TC218","","","","","Mains Plug UK 13A Durable"
"Beige-Bags-49x55","","","","","Beige Bags 49x55cm"
"Blue-Bags-75x80","","","","","Blue Bags 75x80cm"
"BNC-16400750","","","","","Monitor Gas Spring Stand Dual Monitor up to 27"""
"BNC-16702669","","","","","Samsung Galaxy A17 5G (A176) 6.7''"
"BRO-60009","","","","","BROIL KING SILICONE SIDE SHELF MAT"
"BRO-876653","","","","","Broil King Baron 520 Built-In Grill Head"
"Broom-Head","","","","","Broom Head"
"Broom-Mop-Handle","","","","","Broom / Mop Handle"
"Brown-Bags-54x72","","","","","Brown Bags 54x72cm"
"CHM-008884","","","","","Paper Freddo Straws x500"
"CHM-20212","","","","","Professional Espresso Cleaner 900g"
"CHM-2140117","","","","","Burger / Lunch Box J200 Sugar Cane x100"
"CHM-2501202","","","","","Baking Paper 45cm X 100cm with Cutter"
"CHM-AACUT330","","","","","Spoon Desert x100"
"CHM-AACUT510","","","","","Wooden Stirrer 15cm x1000"
"CHM-ACSTR011","","","","","Paper Milkshake Straws Wrapped x250"
"CHM-ADPPS010","","","","","Plates Sugar Cane 18cm x100"
"CHM-ADPPS021","","","","","Plates Sugar Cane 22cm x100"
"CHM-AECON812","","","","","Lid for 4oz Paper Cup x100"
"CHM-AGAPAP305","","","","","Black Stirrer 12cm x 500"
"CHM-AGCLE306","","","","","Dome Lid Cups x100"
"CHM-AGPAP040","","","","","Espresso / Cyprus Coffee Cup 4oz x50"
"CHM-AGPAP092","","","","","Paper Cups 8oz x50"
"CHM-AGPAP117","","","","","Paper DOUBLE WALL Cup Hot 12oz x25"
"CHM-AGPAP119","","","","","Paper Cup Hot 12oz x50"
"CHM-AGPAP124","","","","","Lid for 12oz / 16oz Paper Cup x100"
"CHM-AGPAP154","","","","","Paper DOUBLE WALL Cup Hot 16oz x20"
"CHM-AGPAP950/AGPAP951","","","","","Salad Bowl 1000ml with Lid x100"
"CHM-AGPAP952/AGPAP953","","","","","Salad Bowl 1300ml with Lid x100"
"CHM-AHCAR003","","","","","Paper Bags with Handles (22x10x29) x250"
"CHM-AHCAR170","","","","","Paper Bags with Handles (28x17x29) x250"
"CHM-AHCAR302","","","","","Paper Carrier 2 Cups x100"
"CHM-AHCAR304","","","","","Paper Carrier 4 Cups x100"
"CHM-AHKRA152","","","","","Paper Bags 15x25, Kraft x1000"
"CHM-AHKRA174/AHKRA170","","","","","Paper Bags (18x33) x1500, White"
"CHM-AKCUT457","","","","","Cling Film 45cm x 600m"
"CHM-CO","","","","","Lid Cover for 8oz x100"
"CHM-CUT3FKNR","","","","","Reusable Cutlery 3-IN-1 Set x100"
"CHM-CUT3W","","","","","Wooden Cutlery 3-IN-1 Set x100"
"CHM-FC1","","","","","Freddo Cups 360cc x50"
"CHM-FC4L","","","","","Frappe Cups 500cc x50"
"CHM-FLPP","","","","","Lid Flat PP 95mm x100"
"CHM-PAPERDOML","","","","","Safety Paper Dome Lid x100"
"CHM-PAPERFS","","","","","Paper Freddo Straws x500"
"CHM-PAPERSTR","","","","","Paper Frappe Straws 6mm x 250"
"CHM-PCDW","","","","","Paper Cup Hot 8oz DOUBLE WALL x28"
"CHM-PS35","","","","","Plastic Cocktail / Desert Cup 35cc PET x1000"
"CHM-SO","","","","","Lid for 8oz Paper Cup x100"
"CHM-WC","","","","","Water Cups x100"
"COMPU-CF226XC","","","","","HP 26A Black Compatible LaserJet Toner Cartridge, CF226X"
"COMPU-CF230XC","","","","","HP CF230X Compatible XL Toner, Black"
"COMPU-COPYROLL-9600-SINGLE","","","","","Plotter Roll 610mm X 50mm 60G"
"COMPU-EPSON103B","","","","","Ink Bottle EPSON 103 EcoTank C13T00S14A, Black"
"COMPU-PG540XL","","","","","Canon PG-540XL Genuine High Yield Inkjet Cartridge, Black"
"COMPU-W1350X","","","","","HP W1350X 135X Compatible Toner, Black (2400 pages)"
"CP-PAPER-ROLL-80X63-44M","","","","","Paper Rolls Thermal 80x63 44m"
"CR-OLED55G56LS","","","","","LG OLED 55"" 4K Smart TV 55G56LS"
"CR-S95TR","","","","","LG S95TR Home Theater Soundbar for TV 9.1.5 Channels"
"CSOL-CS01300-SO","","","","","Bowl Round Paper 1300cc Kraft, x300"
"CSOL-CS020-BROWN","","","","","Paper Bowl 20oz Salads & Hot Meals, Brown x50"
"CSOL-CS02/30-DL-P662","","","","","Lid Dome PP for Paper Salad Bowl 20oz x50"
"CSOL-CS040-BROWN","","","","","Paper Bowl 40oz Salads & Hot Meals, Brown x50"
"CSOL-CS040DL-SHP598","","","","","Lid Dome PP for Paper Salad Bowl 40oz x50"
"CSOL-CUT3:1VV-CLEAR","","","","","Cutlery Set 3:1 HD Reusable, Clear x500"
"CSOL-CUT3-WOOD","","","","","Cutlery Wooden 3-IN-1 Set x100"
"CSOL-DCFRIES-M","","","","","Fries Paper Scoop Medium, Brown x1000"
"CSOL-DL92-FATIM","","","","","Lid Dome Clear for 400,500,660cc (O) x50"
"CSOL-DL95(8mmSAFETY)","","","","","Dome Lid 95mm with Safety Hole 8mm"
"CSOL-DLL-PP/NO/SOMO","","","","","NO HOLE Lid Dome for 400,500,660cc x50"
"CSOL-DLL-PP/SOMO(O)","","","","","Lid Dome for 400,500,660cc (O) x50"
"CSOL-DLLSOPET-CLOSED","","","","","Dome Lid CLOSED for Pet Cups 400, 500, 600cc x50"
"CSOL-DP375/CSOL-DPLID","","","","","Round Clear Container 375cc with Lid x25"
"CSOL-FC04-1012","","","","","Cup 4oz Espresso & Cyprus Coffee x50"
"CSOL-GPI955-GREAT","","","","","Pet Square Container 150cc + Hinged Lid x100"
"CSOL-ICPC8-TANI","","","","","Ice Cream Paper Cup 8oz, Colour x50"
"CSOL-ICPC8-WH-CI008","","","","","Ice Cream Paper Cup 8oz, White x50"
"CSOL-ICSP12MIP-WHITE","","","","","Ice Cream Reusable Plastic Spoon, White x100"
"CSOL-NOODL26-ROUND","","","","","Noodle Box Round 26cm (500pcs/Box)"
"CSOL-PBA922-GRPR","","","","","Paper Bags Grease-Proof 45gsm 9x22, White x2800"
"CSOL-PBA9.5*18GRPR","","","","","Paper Bags Grease-Proof 45gsm 7x18, White x3100"
"CSOL-PBASOS-C","","","","","SOS Paper Bags Kraft Brown (21.5x12x30) x250"
"CSOL-PBASOSvv251734","","","","","SOS Paper Bags Kraft Brown (25x17x34) x250"
"CSOL-PBH261231-S","","","","","Paper Bags with Handle 26x12xh31, Brown S"
"CSOL-PBH281729-M","","","","","Paper Bags with Handles 28x17x29 x250"
"CSOL-PCU12DW-BLACK","","","","","12oz Paper Cup DOUBLE WALL, Black x25"
"CSOL-PCU4-BLACK","","","","","4oz Paper Cup x50, Black"
"CSOL-PCU8DW-KRAFT","","","","","8oz Paper Cup DOUBLE WALL Kraft x25"
"CSOL-PET14-FATIM","","","","","Plastic Cup Pet 14oz 400cc x50"
"CSOL-PET14U-FATIM","","","","","Plastic Cup ""U"" Pet 14oz 400cc x50"
"CSOL-PET18-FATIM","PET18-FATIM","","","","Plastic Cup Pet 18oz 500cc x50"
"CSOL-PL9/30-GPI","","","","","Plates 9"" x30"
"CSOL-PLUGIN-STR12-BLACK","","","","","Plug In Coffee Stopper / Stirrer 12cm x500"
"CSOL-PP180HOL/CL","","","","","Plastic Cups 180cc Clear x100"
"CSOL-PP300-GPI","","","","","Plastic Cups 300cc x50"
"CSOL-PP400-SOMO","","","","","Plastic Cup 400cc x50"
"CSOL-PP500-PRATICO","","","","","Plastic Cups 500cc x50 PRATICO"
"CSOL-PP500-SOMO","","","","","Plastic Cup 500cc x50"
"CSOL-PPL9(100)-WHITE","","","","","Paper Plate 9''-23cm White x100"
"CSOL-QB32VARK","","","","","Paper Tray 32oz 16.8*9.7*6cm x250, Kraft"
"CSOL-RCB1527","","","","","Paper Bag with Aluminum Inside 15x27 x1500"
"CSOL-ROI-5641-KRAFT","","","","","Crepe Box - Easy Open Paper Bοx 230x165x50mm Kraft (325pcs/Box)"
"CSOL-RUSS4180-1/1BLACK","RUSS4180-1/1BLACK","","","","Straws Reusable Freddo BLACK Wrapped x500"
"CSOL-RUSS5200-1/1BLACK","","","","","Straws Reusable Frappe BLACK Wrapped x500"
"CSOL-RUSS7220-1/1BLACK","","","","","Straws Reusable Milkshake BLACK Wrapped x500"
"CSOL-SALAD1300KR+L","","","","","Paper Salad Bowl 43oz 1300cc with Lid x25"
"CSOL-SAU120SO","","","","","Round Sauce Cup 120cc x10"
"CSOL-SAU80-794","","","","","Sauce Cup 80cc with Hinged Lid x90"
"CSOL-SAU-TCC120","","","","","Sauce Cup 120cc with Hinged Lid x50"
"CSOL-SIP4-WHITE","","","","","Lid-Sip for Paper Cup 4oz x100, White"
"CSOL-SIP80-BLACK","","","","","Lid-Sip 80mm for Paper Cup 8oz, Black x100"
"CSOL-SIP90-BLACK","","","","","Lid-Sip 90mm for Paper Cups 12/16oz, Black x100"
"CSOL-SO416H","","","","","Rectangle Clear Cont. Pet 375cc Hinged w/ Lid x80"
"CSOL-SS5220-1/1BLACKX1000","","","","","Straws Frappe BLACK Wrapped x1000"
"CSOL-SS5220-1/1COLOR","","","","","Straws Frappe COLOR Wrapped x500"
"CSOL-SW12SO-BLACK","","","","","Paper Cup Hot 12oz x25"
"CSOL-T42KRAFT-1*10KG","","","","","T42 Paper Box 14x10.5x4.8cm with Aluminium x270, Kraft"
"CSOL-T8KRAFT-1*10KG","","","","","T8 Paper Box 16x13.5x6cm with Aluminium x175, Kraft"
"CSOL-TOOTH-1/1CELLO","","","","","Toothpicks Wooden Individual Wrapped x1000"
"CSOL-WCUT3(100)","","","","","Wooden Cutlery Set 3-IN-1 Set x100"
"CSOL-WFRP17-1","","","","","Plates Round Wood Fiber 18cm x125"
"CSOL-WFRP23-1","","","","","Plates Round Wood Fiber 23cm x125"
"CSOL-WSP14(100)","","","","","Wooden Oval Teaspoon / Ice Cream Spoon 14cm x100"
"CSOL-WSTR14-1/1(200)","","","","","Wooden Coffee Stirrer 14cm Wrapped x200"
"CW-NAVIGATOR80GA3-R","","","","","Navigator A3 Copy Paper 80g x500"
"Delivery-Installation","","","","","Equipment Delivery & Installation"
"EC685.W-DISPLAY","","","","","Delonghi EC685.W Dedica Espresso Machine, White - Display Unit"
"EL-IZZY-BATH-HEATER","","","","","Izzy 2-in-1 Bathroom Fan Heater"
"EL-NHL2K8-XBOX360","NHL2K8-XBOX360","","","","NHL 2K8 New Sealed PAL Microsoft Xbox 360"
"EL-WF0LSC/INLAY/E","WF0LSC/INLAY/E","","","","Outdoor Life Sportsman's Challenge Game and Wildfire Game, Double Pack for PC CD"
"EQP-Service-Repair","","","","","Equipment Service/Repair"
"Gas-Regulator","","","","","Gas Pressure Regulator with Hose and Hose Clamp"
"GL-XBOX360-UMC","XBOX360-UMC","","","","Xbox 360 Original Universal Media Remote BRAND NEW"
"Green-Bags-48x52","","","","","Green Bags with Handles 48x52cm"
"Green-Bags-85x110","","","","","Green Bags 85x110cm"
"HADJ-A-5KSM180WSBEG","","","","","KitchenAid 5KSM180WSBEG Artisan Mixer 4.8L Evergreen"
"HADJ-A-BPE748380M","","","","","AEG BPE748380M Built-in Oven, WiFi, AssistedCooking, Pyrolysis, Touch Screen, 71lt"
"HADJ-A-FFB53627ZW","","","","","AEG FFB53627ZW Dishwasher SatelliteClean 6000, White"
"HADJ-A-IKB64413IB-BAZARAKI","","","","","AEG IKB64413IB 3000 Induction Hob 60cm"
"HADJ-A-L7WBEN69S","","","","","AEG L7WBEN69S WasherDryer 9|6Kg Inverter, Steam"
"HADJ-​A-LF5Z49B4G","","","","","AEG LF5Z49B4G Inverter Washing Machine 9kg 1400rpm, White"
"HADJ-BRO-64003","","","","","Broil King 64003 Baron Tool Set"
"HADJ-BRO-67488","","","","","BROIL KING 64″ SELECT GRILL COVER FOR BARON"
"HADJ-BRO-876983","","","","","BROIL KING BARON™ S 590 PRO INFRARED GAS GRILL 5+1 BURNERS"
"HADJ-HIT-RWB640VRU0-1GMG","","","","","Hitachi RWB640VRU0-1GMG Wardrobe / Door Refrigerator Glass, Silver"
"HC-1311","","","","","Cling Film 45cm x 300m"
"HC-1823","","","","","Paper Cup with Lid 500ml x400"
"HDMI-Cable-2m","","","","","HDMI Cable Version 2.0 Ultra High Definition, 20m"
"HIT- RWB640VRU0GMG","","","","","HITACHI RWB640VRU0 New French Bottom Freezer 4 Door 638L GLASS MAUVE GREY"
"IT28324","DLSC500","8004399326217","","","Delonghi DLSC500 EcoDecalk Descale Liquid 500ml"
"IT30236","","","","","Delonghi DLSC002 Water Filter for Delonghi Espresso & Bean to Cup Machines"
"IT41404","","","","","A4 Printing Paper x500"
"IT52334","","","","","MUSE M-10 CR Radio Alarm Clock, Black"
"IT56831","","","","","BOSCH CTL636ES6 Series 8 Built-in Fully Automatic Coffee Maker"
"IT59715","","","","","Delonghi HFX10B03.PK Capsule Desk  Fan Heater, Pink / White"
"IT61545","","","","","JBL Tune 720BT Over Ear Bluetooth Headset, Black"
"IT63647","","","","","Canyon Backpack & Mousepad Set"
"IT64286","","","","","JBL Tune 720BT Over Ear Bluetooth Headset, White"
"IT64893","","","","","Ufesa ARTICA  Cyclonic Cordless Vacuum Cleaner, White"
"IT65337","","","","","SANDISK Extreme MicroSDXC UHS-I Memory Card With Adapter, 64 GB"
"IT68573","","","","","AGFA DC5200 Digital Camera, Black"
"IT70302","","","","","Samsung QE65Q7FAAUXXH QLED 4K Smart AI TV, 65"""
"IT70360","","","","","Samsung QS700F Q-Series 3.1.2ch Soundbar with Subwoofer"
"IT71395","","","","","LENOVO 83K100PKCY IdeaPad Slim 3 Laptop 15.3"",Grey"
"IT72345","","","","","Baracuda Whale Gaming Chair, Orange / Black"
"IT72527","","","","","METZ 43MQF7500Z QLED 4K UHD Google TV, 43"""
"IT72530","","","","","METZ 65MQF7500Z QLED 4K UHD Google TV, 65"""
"IT72774","","","","","XIAOMI Redmi Pad 2 Pro 5G"
"LAG-095015","95015","3166650950151","","","Chef Sommelier Corkscrew"
"LAG-6.0963.1","6.0963.1","7613329185643","","","Victorinox 6.0963.1 Ypso Peeler Serrated Double-Edge, Red"
"MEGP-3030268","","","","","Bubble Roll STR70 1.5 X 150 m"
"Microfibre-Mop","","","","","Microfibre Mop"
"ML-11201280","","","","","Miele 11201280 Coffee Machine Milk Pipework Cleaner"
"Mopping-Bucket","","","","","Mopping Bucket"
"MPM-2FCSP064","","","","","Swatch Kids Watch"
"MT-0515C106AA","","","","","Canon PIXMA MG3650S Series - All-in-One Printers, Copier & Scanner for Home Use | Wireless Smartphone Connectivity | Canon Printer Home Printers"
"MT-21R50020VU","","","","","LENOVO NOTEBOOK THINKPAD L13 G6, INTEL ULTRA 7 255U, 4.2-5.2GHz/12MB, 12C, 12TOPS, 32GB, 1TB, INTEL GRAPHICS, 13.3' WUXGA 1920x1200 IPS 400NITS AG, WIFI6E, BT, USB-A, USB4, HDMI, WIN 11 PRO, 3YW, BLACK"
"MT-24G42E","","","","","AOC 24G42E 24"" Gaming Monitor FHD Fast IPS 1ms 180Hz"
"MT-27B31H","","","","","AOC 27B31H Computer Monitor 27"" FHD Flat 120 Hz 4ms"
"MT-2Z8P4AA","","","","","HP Laptop Prelude Topload Black 15.6"""
"MT-6C3Z1NE","6C3Z1NE","","","","HP 924 CMYK Original Ink Cartridge Combo 4-Pack"
"MT-6GW99F","","","","","HP LaserJet MFP M234dw A4 Mono Multifunction Laser Printer"
"MT-AJ7C2AA","","","","","HP 230 Slim Wireless Mouse"
"MT-C11CE05403","","","","","Epson WorkForce WF-100W Inkjet Printer Colour 5760x1440 DPI A4 Wi-Fi"
"MT-C11CH71402","","","","","EcoTank L15160 A3+ Multifunction Wi-Fi Ink Tank Printer with Fax"
"MT-C11CJ63414","","","","","Epson Ecotank L4266 C11CJ63414 All-in-One Printer, White"
"MT-C4JF6ET","","","","","HP EliteBook 6 G1a 14 inch Notebook AI PC, 14"", AMD Ryzen AI 7, 24GB RAM, 1TB SSD"
"MT-QE75Q7FAAUXXH","","","","","SAMSUNG QE75Q7FAAUXXH QLED 4K Smart TV, 75"""
"MT-QE85QN80FAUXXH","","","","","Samsung 85"" Neo QLED QN80F 4K Vision AI Smart TV"
"MT-TL-SG1016D","","","","","TP-LINK TL-SG1016D 16-Port Unmanaged Gigabit Switch"
"NMK-000071","","","","","Gama 37131 Salon Exclusive Classic, Black"
"NMK-000355","","","","","HDMI Cable Version 2.0 Ultra High Definition, 10m"
"NMK-000437","","","","","HDMI Cable Version 2.0 Ultra High Definition, 15m"
"NMK-000955","","","","","Kaloc KLC-X4 32''-55'' Full Motion TV Wall Mount"
"NMK-001037","","","","","KALOC L600 Full Motion TV Wall Mount, 32-70'' TVs"
"NMK-002252","","","","","DVB-T2 Decoder LION5 AIR"
"OT-MR101","","","","","OTTO MR101 One Door Refrigerator, White"
"OT-MRF-142","","","","","OTTO MRF142 Double Door Refrigerator, White"
"PAN-2403","","","","","Classic Guitar Strings Medium, Ernesto Palla"
"PHIL-030029/P94","","","","","Stretch Film For Palettes 23m, Black"
"Pink-Bags-42x50","","","","","Pink Bags 42x50cm"
"Plastic-Water-Cups-100","","","","","Plastic Water Cups x100"
"Recycling-Bags-75x80","","","","","Recycling Bags 75x80cm 56lt"
"ROLLS-G-SF03741-GT","ROLLS-G-SF03741-GT","","","","Gran Turismo 5 Prologue - PS3 PLATINUM"
"ROLLS-G-SF03974-GIB","","","","","Colin McRae: Dirt 2 - PS3 PLATINUM"
"ROM-1A-45T-W/5M","","","","","Deton 18'' Metallic Wall Fan 18"" 75W, Black"
"Round-Paper-Lid-1300cc-x300","","","","","Lid for Bowl Round Paper 1300cc Kraft, x300"
"SB-LC3213VALBP","","","","","Brother LC3213VALBP VALUE PACK 400P (MFC-J890-895/DCPJ-774-772)"
"SB-LC3259XLBKP","","","","","Brother LC3219XL BK Black Ink Cartridge"
"SB-LC3259XLCP","","","","","Brother LC3259XL Cyan Ink Cartridge"
"SB-LC3259XLMP","","","","","Brother LC3259XL Magenta Ink Cartridge"
"SH-0246519","","","","","Christmas Tree Storage Bag 165x38x76"
"SH-0281194","","","","","8-way Power Strip with 3 x USB Ports & Switch"
"Shipping-Outbound","","","","","Shipping Cost (Outbound)"
"Sponge-Cloth-Large","","","","","Sponge Cloth Large"
"STPH-MPH.00103","","","","","SBS TE0UCH20W Mobile Car Holder, Black"
"TRA-A3M80","","","","","A3 Printing Copy Paper Multioffice 80gr x500, White"
"Transparent-Bags-25x38","","","","","Transparent Bags 25x38cm"
"Various-Equipment","","","","","Various Equipment"
"VAS-VARIOUS-CAPSULES","","","","","Various Nespresso Capsules"
"VGN-STICKERS","","","","","Various Stickers"
"XXM-ELECTRIC-MOTOR","XXM-ELECTRIC-MOTOR","6014427111175","","","Electric BBQ Motor Set with Speed Regulator"
"XXM-WIRELESS-MOTOR","","","","","Wireless / Rechargeable BBQ Motor - Digital Display & Speed Regulator"
"ΜΤ-21MV00DKCY","","","","","LENOVO NOTEBOOK THINKBOOK 14 G7 ARP, AMD RYZEN 5 7535HS, 3.3-4.55GHz/16MB, 6 CORES, 16GB, 512GB SSD M.2 2242 PCIe4, AMD RADEON 660M, 14' WUXGA 1920x1200 IPS 300NITS AG, WIFI6E, BT, LAN, USB-A. USB-C, USB4, HDMI, DOS, 3YW, GREY"
